"StationCode","isSWMP","DateTimeStamp","Historical","ProvisionalPlus","F_Record","Temp","F_Temp","SpCond","F_SpCond","Sal","F_Sal","DO_Pct","F_DO_Pct","DO_mgl","F_DO_mgl","Depth","F_Depth","cDepth","F_cDepth","Level","F_Level","cLevel","F_cLevel","pH","F_pH","Turb","F_Turb","ChlFluor","F_ChlFluor",
"acebbwq   ","P",01/01/2015 0:00,0,1,"{CSM}",13.2,<0> ,41.73,<0> ,26.8,<0> ,82.2,<0> ,7.3,<0> ,2.44,<0> ,2.29,<3> ,"",<-1> ,"","",7.8,<0> ,8,<0> ,"",<-1> ,
"acebbwq   ","P",01/01/2015 0:15,0,1,"{CSM}",13.0,<0> ,41.04,<0> ,26.3,<0> ,84.0,<0> ,7.5,<0> ,2.55,<0> ,2.40,<3> ,"",<-1> ,"","",7.8,<0> ,10,<0> ,"",<-1> ,
"acebbwq   ","P",01/01/2015 0:30,0,1,"{CSM}",12.9,<0> ,39.18,<0> ,25.0,<0> ,86.2,<0> ,7.8,<0> ,2.67,<0> ,2.52,<3> ,"",<-1> ,"","",7.9,<0> ,7,<0> ,"",<-1> ,
"acebbwq   ","P",01/01/2015 0:45,0,1,"{CSM}",12.9,<0> ,38.55,<0> ,24.5,<0> ,86.8,<0> ,7.9,<0> ,2.80,<0> ,2.65,<3> ,"",<-1> ,"","",7.9,<0> ,7,<0> ,"",<-1> ,
"acebbwq   ","P",01/01/2015 1:00,0,1,"{CSM}",12.9,<0> ,38.23,<0> ,24.3,<0> ,87.2,<0> ,7.9,<0> ,2.92,<0> ,2.78,<3> ,"",<-1> ,"","",7.9,<0> ,9,<0> ,"",<-1> ,
"acebbwq   ","P",01/01/2015 1:15,0,1,"{CSM}",13.1,<0> ,40.50,<0> ,25.9,<0> ,85.5,<0> ,7.7,<0> ,3.05,<0> ,2.91,<3> ,"",<-1> ,"","",7.8,<0> ,10,<0> ,"",<-1> ,
"acebbwq   ","P",01/01/2015 1:30,0,1,"{CSM}",13.2,<0> ,41.28,<0> ,26.4,<0> ,85.4,<0> ,7.6,<0> ,3.19,<0> ,3.05,<3> ,"",<-1> ,"","",7.9,<0> ,16,<0> ,"",<-1> ,
"acebbwq   ","P",01/01/2015 1:45,0,1,"{CSM}",13.1,<0> ,42.40,<0> ,27.2,<0> ,87.7,<0> ,7.8,<0> ,3.33,<0> ,3.19,<3> ,"",<-1> ,"","",7.9,<0> ,24,<0> ,"",<-1> ,
"acebbwq   ","P",01/01/2015 2:00,0,1,"{CSM}",13.1,<0> ,43.11,<0> ,27.7,<0> ,89.6,<0> ,7.9,<0> ,3.46,<0> ,3.31,<3> ,"",<-1> ,"","",8.0,<0> ,29,<0> ,"",<-1> ,
"acebbwq   ","P",01/01/2015 2:15,0,1,"{CSM}",13.1,<0> ,44.19,<0> ,28.5,<0> ,91.1,<0> ,8.0,<0> ,3.59,<0> ,3.44,<3> ,"",<-1> ,"","",8.0,<0> ,47,<0> ,"",<-1> ,
"acebbwq   ","P",01/01/2015 2:30,0,1,"{CSM}",13.0,<0> ,45.43,<0> ,29.4,<0> ,91.9,<0> ,8.1,<0> ,3.70,<0> ,3.55,<3> ,"",<-1> ,"","",8.0,<0> ,36,<0> ,"",<-1> ,
"acebbwq   ","P",01/01/2015 2:45,0,1,"{CSM}",13.0,<0> ,46.69,<0> ,30.3,<0> ,92.4,<0> ,8.1,<0> ,3.78,<0> ,3.64,<3> ,"",<-1> ,"","",8.1,<0> ,46,<0> ,"",<-1> ,
"acebbwq   ","P",01/01/2015 3:00,0,1,"{CSM}",13.0,<0> ,48.02,<0> ,31.3,<0> ,92.7,<0> ,8.0,<0> ,3.86,<0> ,3.71,<3> ,"",<-1> ,"","",8.1,<0> ,37,<0> ,"",<-1> ,
"acebbwq   ","P",01/01/2015 3:15,0,1,"{CSM}",13.0,<0> ,48.72,<0> ,31.8,<0> ,92.6,<0> ,8.0,<0> ,3.93,<0> ,3.79,<3> ,"",<-1> ,"","",8.1,<0> ,46,<0> ,"",<-1> ,
"acebbwq   ","P",01/01/2015 3:30,0,1,"{CSM}",13.0,<0> ,49.28,<0> ,32.2,<0> ,92.7,<0> ,8.0,<0> ,3.99,<0> ,3.85,<3> ,"",<-1> ,"","",8.1,<0> ,48,<0> ,"",<-1> ,
"acebbwq   ","P",01/01/2015 3:45,0,1,"{CSM}",13.0,<0> ,49.57,<0> ,32.4,<0> ,92.9,<0> ,8.0,<0> ,4.03,<0> ,3.89,<3> ,"",<-1> ,"","",8.1,<0> ,40,<0> ,"",<-1> ,
"acebbwq   ","P",01/01/2015 4:00,0,1,"{CSM}",13.0,<0> ,49.73,<0> ,32.5,<0> ,93.0,<0> ,8.0,<0> ,4.06,<0> ,3.92,<3> ,"",<-1> ,"","",8.1,<0> ,46,<0> ,"",<-1> ,
"acebbwq   ","P",01/01/2015 4:15,0,1,"{CSM}",13.0,<0> ,49.78,<0> ,32.5,<0> ,93.1,<0> ,8.0,<0> ,4.10,<0> ,3.96,<3> ,"",<-1> ,"","",8.1,<0> ,49,<0> ,"",<-1> ,
"acebbwq   ","P",01/01/2015 4:30,0,1,"{CSM}",13.0,<0> ,49.78,<0> ,32.5,<0> ,93.2,<0> ,8.0,<0> ,4.13,<0> ,3.99,<3> ,"",<-1> ,"","",8.1,<0> ,44,<0> ,"",<-1> ,
"acebbwq   ","P",01/01/2015 4:45,0,1,"{CSM}",13.0,<0> ,49.81,<0> ,32.6,<0> ,93.5,<0> ,8.0,<0> ,4.15,<0> ,4.01,<3> ,"",<-1> ,"","",8.1,<0> ,42,<0> ,"",<-1> ,
"acebbwq   ","P",01/01/2015 5:00,0,1,"{CSM}",13.0,<0> ,49.84,<0> ,32.6,<0> ,93.6,<0> ,8.1,<0> ,4.17,<0> ,4.03,<3> ,"",<-1> ,"","",8.1,<0> ,48,<0> ,"",<-1> ,
"acebbwq   ","P",01/01/2015 5:15,0,1,"{CSM}",13.0,<0> ,49.85,<0> ,32.6,<0> ,93.5,<0> ,8.1,<0> ,4.16,<0> ,4.02,<3> ,"",<-1> ,"","",8.1,<0> ,39,<0> ,"",<-1> ,
"acebbwq   ","P",01/01/2015 5:30,0,1,"{CSM}",12.9,<0> ,49.86,<0> ,32.6,<0> ,90.6,<0> ,7.8,<0> ,4.12,<0> ,3.98,<3> ,"",<-1> ,"","",8.1,<0> ,22,<0> ,"",<-1> ,
"acebbwq   ","P",01/01/2015 5:45,0,1,"{CSM}",12.9,<0> ,49.88,<0> ,32.6,<0> ,93.5,<0> ,8.1,<0> ,4.05,<0> ,3.91,<3> ,"",<-1> ,"","",8.1,<0> ,48,<0> ,"",<-1> ,
"acebbwq   ","P",01/01/2015 6:00,0,1,"{CSM}",12.8,<0> ,49.88,<0> ,32.6,<0> ,92.9,<0> ,8.0,<0> ,3.99,<0> ,3.85,<3> ,"",<-1> ,"","",8.1,<0> ,39,<0> ,"",<-1> ,
"acebbwq   ","P",01/01/2015 6:15,0,1,"{CSM}",12.7,<0> ,49.87,<0> ,32.6,<0> ,92.4,<0> ,8.0,<0> ,3.94,<0> ,3.80,<3> ,"",<-1> ,"","",8.1,<0> ,37,<0> ,"",<-1> ,
"acebbwq   ","P",01/01/2015 6:30,0,1,"{CSM}",12.6,<0> ,49.84,<0> ,32.6,<0> ,91.7,<0> ,8.0,<0> ,3.84,<0> ,3.70,<3> ,"",<-1> ,"","",8.1,<0> ,37,<0> ,"",<-1> ,
"acebbwq   ","P",01/01/2015 6:45,0,1,"{CSM}",12.4,<0> ,49.75,<0> ,32.5,<0> ,90.7,<0> ,7.9,<0> ,3.78,<0> ,3.64,<3> ,"",<-1> ,"","",8.1,<0> ,34,<0> ,"",<-1> ,
"acebbwq   ","P",01/01/2015 7:00,0,1,"{CSM}",12.2,<0> ,49.69,<0> ,32.4,<0> ,89.5,<0> ,7.8,<0> ,3.68,<0> ,3.53,<3> ,"",<-1> ,"","",8.1,<0> ,24,<0> ,"",<-1> ,
"acebbwq   ","P",01/01/2015 7:15,0,1,"{CSM}",12.0,<0> ,49.41,<0> ,32.2,<0> ,88.2,<0> ,7.8,<0> ,3.59,<0> ,3.44,<3> ,"",<-1> ,"","",8.0,<0> ,28,<0> ,"",<-1> ,
"acebbwq   ","P",01/01/2015 7:30,0,1,"{CSM}",11.9,<0> ,48.78,<0> ,31.8,<0> ,87.2,<0> ,7.7,<0> ,3.50,<0> ,3.35,<3> ,"",<-1> ,"","",8.0,<0> ,26,<0> ,"",<-1> ,
"acebbwq   ","P",01/01/2015 7:45,0,1,"{CSM}",11.8,<0> ,47.59,<0> ,30.9,<0> ,86.0,<0> ,7.7,<0> ,3.39,<0> ,3.24,<3> ,"",<-1> ,"","",8.0,<0> ,18,<0> ,"",<-1> ,
"acebbwq   ","P",01/01/2015 8:00,0,1,"{CSM}",11.7,<0> ,46.80,<0> ,30.3,<0> ,84.8,<0> ,7.6,<0> ,3.27,<0> ,3.12,<3> ,"",<-1> ,"","",8.0,<0> ,20,<0> ,"",<-1> ,
"acebbwq   ","P",01/01/2015 8:15,0,1,"{CSM}",11.6,<0> ,45.79,<0> ,29.6,<0> ,83.7,<0> ,7.6,<0> ,3.16,<0> ,3.01,<3> ,"",<-1> ,"","",7.9,<0> ,21,<0> ,"",<-1> ,
"acebbwq   ","P",01/01/2015 8:30,0,1,"{CSM}",11.5,<0> ,44.90,<0> ,29.0,<0> ,82.7,<0> ,7.5,<0> ,3.05,<0> ,2.90,<3> ,"",<-1> ,"","",7.9,<0> ,16,<0> ,"",<-1> ,
"acebbwq   ","P",01/01/2015 8:45,0,1,"{CSM}",11.3,<0> ,44.43,<0> ,28.6,<0> ,81.8,<0> ,7.5,<0> ,2.92,<0> ,2.77,<3> ,"",<-1> ,"","",7.9,<0> ,18,<0> ,"",<-1> ,
"acebbwq   ","P",01/01/2015 9:00,0,1,"{CSM}",11.3,<0> ,43.90,<0> ,28.2,<0> ,81.1,<0> ,7.4,<0> ,2.81,<0> ,2.66,<3> ,"",<-1> ,"","",7.9,<0> ,18,<0> ,"",<-1> ,
"acebbwq   ","P",01/01/2015 9:15,0,1,"{CSM}",11.4,<0> ,43.38,<0> ,27.9,<0> ,80.7,<0> ,7.4,<0> ,2.69,<0> ,2.54,<3> ,"",<-1> ,"","",7.8,<0> ,14,<0> ,"",<-1> ,
"acebbwq   ","P",01/01/2015 9:30,0,1,"{CSM}",11.4,<0> ,42.98,<0> ,27.6,<0> ,80.4,<0> ,7.4,<0> ,2.58,<0> ,2.43,<3> ,"",<-1> ,"","",7.8,<0> ,16,<0> ,"",<-1> ,
"acebbwq   ","P",01/01/2015 9:45,0,1,"{CSM}",11.5,<0> ,42.66,<0> ,27.4,<0> ,80.1,<0> ,7.3,<0> ,2.49,<0> ,2.33,<3> ,"",<-1> ,"","",7.8,<0> ,15,<0> ,"",<-1> ,
"acebbwq   ","P",01/01/2015 10:00,0,1,"{CSM}",11.6,<0> ,42.43,<0> ,27.2,<0> ,79.7,<0> ,7.3,<0> ,2.41,<0> ,2.25,<3> ,"",<-1> ,"","",7.8,<0> ,13,<0> ,"",<-1> ,
"acebbwq   ","P",01/01/2015 10:15,0,1,"{CSM}",11.8,<0> ,42.27,<0> ,27.1,<0> ,79.7,<0> ,7.3,<0> ,2.35,<0> ,2.19,<3> ,"",<-1> ,"","",7.8,<0> ,12,<0> ,"",<-1> ,
"acebbwq   ","P",01/01/2015 10:30,0,1,"{CSM}",11.8,<0> ,42.18,<0> ,27.0,<0> ,79.6,<0> ,7.3,<0> ,2.29,<0> ,2.13,<3> ,"",<-1> ,"","",7.8,<0> ,11,<0> ,"",<-1> ,
"acebbwq   ","P",01/01/2015 10:45,0,1,"{CSM}",11.9,<0> ,42.15,<0> ,27.0,<0> ,79.6,<0> ,7.3,<0> ,2.26,<0> ,2.11,<3> ,"",<-1> ,"","",7.8,<0> ,8,<0> ,"",<-1> ,
"acebbwq   ","P",01/01/2015 11:00,0,1,"{CSM}",11.9,<0> ,42.13,<0> ,27.0,<0> ,79.1,<0> ,7.2,<0> ,2.24,<0> ,2.09,<3> ,"",<-1> ,"","",7.8,<0> ,8,<0> ,"",<-1> ,
"acebbwq   ","P",01/01/2015 11:15,0,1,"{CSM}",11.8,<0> ,42.13,<0> ,27.0,<0> ,78.7,<0> ,7.2,<0> ,2.27,<0> ,2.12,<3> ,"",<-1> ,"","",7.8,<0> ,8,<0> ,"",<-1> ,
"acebbwq   ","P",01/01/2015 11:30,0,1,"{CSM}",11.9,<0> ,42.23,<0> ,27.1,<0> ,79.7,<0> ,7.3,<0> ,2.30,<0> ,2.15,<3> ,"",<-1> ,"","",7.8,<0> ,8,<0> ,"",<-1> ,
"acebbwq   ","P",01/01/2015 11:45,0,1,"{CSM}",12.3,<0> ,41.62,<0> ,26.7,<0> ,80.5,<0> ,7.3,<0> ,2.34,<0> ,2.19,<3> ,"",<-1> ,"","",7.8,<0> ,7,<0> ,"",<-1> ,
"acebbwq   ","P",01/01/2015 12:00,0,1,"{CSM}",12.4,<0> ,41.43,<0> ,26.5,<0> ,81.3,<0> ,7.4,<0> ,2.39,<0> ,2.24,<3> ,"",<-1> ,"","",7.8,<0> ,6,<0> ,"",<-1> ,
"acebbwq   ","P",01/01/2015 12:15,0,1,"{CSM}",12.4,<0> ,41.29,<0> ,26.4,<0> ,81.3,<0> ,7.4,<0> ,2.43,<0> ,2.29,<3> ,"",<-1> ,"","",7.8,<0> ,6,<0> ,"",<-1> ,
"acebbwq   ","P",01/01/2015 12:30,0,1,"{CSM}",12.5,<0> ,41.19,<0> ,26.4,<0> ,81.7,<0> ,7.4,<0> ,2.52,<0> ,2.38,<3> ,"",<-1> ,"","",7.8,<0> ,10,<0> ,"",<-1> ,
"acebbwq   ","P",01/01/2015 12:45,0,1,"{CSM}",12.4,<0> ,41.38,<0> ,26.5,<0> ,81.9,<0> ,7.4,<0> ,2.61,<0> ,2.47,<3> ,"",<-1> ,"","",7.8,<0> ,9,<0> ,"",<-1> ,
"acebbwq   ","P",01/01/2015 13:00,0,1,"{CSM}",12.4,<0> ,41.45,<0> ,26.5,<0> ,82.1,<0> ,7.4,<0> ,2.69,<0> ,2.56,<3> ,"",<-1> ,"","",7.8,<0> ,9,<0> ,"",<-1> ,
"acebbwq   ","P",01/01/2015 13:15,0,1,"{CSM}",12.5,<0> ,41.54,<0> ,26.6,<0> ,82.6,<0> ,7.5,<0> ,2.77,<0> ,2.64,<3> ,"",<-1> ,"","",7.8,<0> ,8,<0> ,"",<-1> ,
"acebbwq   ","P",01/01/2015 13:30,0,1,"{CSM}",12.5,<0> ,41.84,<0> ,26.8,<0> ,83.3,<0> ,7.5,<0> ,2.86,<0> ,2.73,<3> ,"",<-1> ,"","",7.8,<0> ,13,<0> ,"",<-1> ,
"acebbwq   ","P",01/01/2015 13:45,0,1,"{CSM}",12.6,<0> ,41.73,<0> ,26.8,<0> ,85.2,<0> ,7.7,<0> ,2.94,<0> ,2.81,<3> ,"",<-1> ,"","",7.9,<0> ,8,<0> ,"",<-1> ,
"acebbwq   ","P",01/01/2015 14:00,0,1,"{CSM}",12.7,<0> ,41.79,<0> ,26.8,<0> ,85.8,<0> ,7.7,<0> ,3.04,<0> ,2.92,<3> ,"",<-1> ,"","",7.9,<0> ,8,<0> ,"",<-1> ,
"acebbwq   ","P",01/01/2015 14:15,0,1,"{CSM}",12.6,<0> ,42.03,<0> ,27.0,<0> ,85.7,<0> ,7.7,<0> ,3.13,<0> ,3.01,<3> ,"",<-1> ,"","",7.9,<0> ,10,<0> ,"",<-1> ,
"acebbwq   ","P",01/01/2015 14:30,0,1,"{CSM}",12.5,<0> ,42.49,<0> ,27.3,<0> ,86.1,<0> ,7.7,<0> ,3.24,<0> ,3.12,<3> ,"",<-1> ,"","",7.9,<0> ,14,<0> ,"",<-1> ,
"acebbwq   ","P",01/01/2015 14:45,0,1,"{CSM}",12.5,<0> ,43.04,<0> ,27.7,<0> ,86.9,<0> ,7.8,<0> ,3.34,<0> ,3.22,<3> ,"",<-1> ,"","",8.0,<0> ,16,<0> ,"",<-1> ,
"acebbwq   ","P",01/01/2015 15:00,0,1,"{CSM}",12.5,<0> ,43.65,<0> ,28.1,<0> ,88.1,<0> ,7.9,<0> ,3.41,<0> ,3.29,<3> ,"",<-1> ,"","",8.0,<0> ,25,<0> ,"",<-1> ,
"acebbwq   ","P",01/01/2015 15:15,0,1,"{CSM}",12.6,<0> ,44.68,<0> ,28.8,<0> ,89.7,<0> ,8.0,<0> ,3.49,<0> ,3.37,<3> ,"",<-1> ,"","",8.0,<0> ,42,<0> ,"",<-1> ,
"acebbwq   ","P",01/01/2015 15:30,0,1,"{CSM}",12.7,<0> ,45.54,<0> ,29.5,<0> ,90.8,<0> ,8.0,<0> ,3.57,<0> ,3.45,<3> ,"",<-1> ,"","",8.0,<0> ,49,<0> ,"",<-1> ,
"acebbwq   ","P",01/01/2015 15:45,0,1,"{CSM}",12.7,<0> ,46.32,<0> ,30.0,<0> ,91.7,<0> ,8.1,<0> ,3.62,<0> ,3.50,<3> ,"",<-1> ,"","",8.1,<0> ,62,<0> ,"",<-1> ,
"acebbwq   ","P",01/01/2015 16:00,0,1,"{CSM}",12.8,<0> ,46.71,<0> ,30.3,<0> ,92.3,<0> ,8.1,<0> ,3.67,<0> ,3.55,<3> ,"",<-1> ,"","",8.1,<0> ,63,<0> ,"",<-1> ,
"acebbwq   ","P",01/01/2015 16:15,0,1,"{CSM}",12.9,<0> ,47.07,<0> ,30.6,<0> ,93.3,<0> ,8.1,<0> ,3.70,<0> ,3.58,<3> ,"",<-1> ,"","",8.1,<0> ,58,<0> ,"",<-1> ,
"acebbwq   ","P",01/01/2015 16:30,0,1,"{CSM}",13.0,<0> ,47.82,<0> ,31.1,<0> ,94.5,<0> ,8.2,<0> ,3.74,<0> ,3.62,<3> ,"",<-1> ,"","",8.1,<0> ,51,<0> ,"",<-1> ,
"acebbwq   ","P",01/01/2015 16:45,0,1,"{CSM}",13.0,<0> ,48.26,<0> ,31.4,<0> ,94.9,<0> ,8.2,<0> ,3.75,<0> ,3.63,<3> ,"",<-1> ,"","",8.1,<0> ,26,<0> ,"",<-1> ,
"acebbwq   ","P",01/01/2015 17:00,0,1,"{CSM}",13.0,<0> ,48.58,<0> ,31.7,<0> ,94.8,<0> ,8.2,<0> ,3.77,<0> ,3.65,<3> ,"",<-1> ,"","",8.1,<0> ,22,<0> ,"",<-1> ,
"acebbwq   ","P",01/01/2015 17:15,0,1,"{CSM}",13.0,<0> ,48.89,<0> ,31.9,<0> ,95.2,<0> ,8.2,<0> ,3.79,<0> ,3.67,<3> ,"",<-1> ,"","",8.1,<0> ,29,<0> ,"",<-1> ,
"acebbwq   ","P",01/01/2015 17:30,0,1,"{CSM}",13.0,<0> ,49.08,<0> ,32.0,<0> ,95.3,<0> ,8.2,<0> ,3.78,<0> ,3.66,<3> ,"",<-1> ,"","",8.1,<0> ,12,<0> ,"",<-1> ,
"acebbwq   ","P",01/01/2015 17:45,0,1,"{CSM}",13.1,<0> ,49.26,<0> ,32.2,<0> ,91.0,<0> ,7.8,<0> ,3.75,<0> ,3.63,<3> ,"",<-1> ,"","",8.1,<0> ,10,<0> ,"",<-1> ,
"acebbwq   ","P",01/01/2015 18:00,0,1,"{CSM}",13.0,<0> ,49.03,<0> ,32.0,<0> ,95.1,<0> ,8.2,<0> ,3.73,<0> ,3.61,<3> ,"",<-1> ,"","",8.1,<0> ,15,<0> ,"",<-1> ,
"acebbwq   ","P",01/01/2015 18:15,0,1,"{CSM}",13.0,<0> ,48.69,<0> ,31.8,<0> ,94.9,<0> ,8.2,<0> ,3.70,<0> ,3.58,<3> ,"",<-1> ,"","",8.1,<0> ,17,<0> ,"",<-1> ,
"acebbwq   ","P",01/01/2015 18:30,0,1,"{CSM}",12.9,<0> ,48.41,<0> ,31.5,<0> ,94.6,<0> ,8.2,<0> ,3.65,<0> ,3.53,<3> ,"",<-1> ,"","",8.1,<0> ,17,<0> ,"",<-1> ,
"acebbwq   ","P",01/01/2015 18:45,0,1,"{CSM}",12.9,<0> ,48.02,<0> ,31.3,<0> ,93.8,<0> ,8.2,<0> ,3.59,<0> ,3.47,<3> ,"",<-1> ,"","",8.1,<0> ,24,<0> ,"",<-1> ,
"acebbwq   ","P",01/01/2015 19:00,0,1,"{CSM}",12.8,<0> ,47.45,<0> ,30.8,<0> ,92.5,<0> ,8.1,<0> ,3.54,<0> ,3.42,<3> ,"",<-1> ,"","",8.1,<0> ,23,<0> ,"",<-1> ,
"acebbwq   ","P",01/01/2015 19:15,0,1,"{CSM}",12.7,<0> ,46.68,<0> ,30.3,<0> ,91.0,<0> ,8.0,<0> ,3.45,<0> ,3.32,<3> ,"",<-1> ,"","",8.0,<0> ,27,<0> ,"",<-1> ,
"acebbwq   ","P",01/01/2015 19:30,0,1,"{CSM}",12.6,<0> ,45.71,<0> ,29.6,<0> ,89.5,<0> ,7.9,<0> ,3.35,<0> ,3.22,<3> ,"",<-1> ,"","",8.0,<0> ,29,<0> ,"",<-1> ,
"acebbwq   ","P",01/01/2015 19:45,0,1,"{CSM}",12.6,<0> ,44.74,<0> ,28.9,<0> ,88.5,<0> ,7.9,<0> ,3.25,<0> ,3.12,<3> ,"",<-1> ,"","",8.0,<0> ,23,<0> ,"",<-1> ,
"acebbwq   ","P",01/01/2015 20:00,0,1,"{CSM}",12.5,<0> ,43.68,<0> ,28.1,<0> ,87.2,<0> ,7.8,<0> ,3.15,<0> ,3.02,<3> ,"",<-1> ,"","",8.0,<0> ,21,<0> ,"",<-1> ,
"acebbwq   ","P",01/01/2015 20:15,0,1,"{CSM}",12.5,<0> ,42.96,<0> ,27.6,<0> ,85.7,<0> ,7.7,<0> ,3.05,<0> ,2.92,<3> ,"",<-1> ,"","",7.9,<0> ,22,<0> ,"",<-1> ,
"acebbwq   ","P",01/01/2015 20:30,0,1,"{CSM}",12.5,<0> ,42.51,<0> ,27.3,<0> ,84.6,<0> ,7.6,<0> ,2.94,<0> ,2.81,<3> ,"",<-1> ,"","",7.9,<0> ,15,<0> ,"",<-1> ,
"acebbwq   ","P",01/01/2015 20:45,0,1,"{CSM}",12.5,<0> ,42.23,<0> ,27.1,<0> ,82.9,<0> ,7.5,<0> ,2.81,<0> ,2.67,<3> ,"",<-1> ,"","",7.8,<0> ,13,<0> ,"",<-1> ,
"acebbwq   ","P",01/01/2015 21:00,0,1,"{CSM}",12.5,<0> ,42.06,<0> ,27.0,<0> ,82.5,<0> ,7.4,<0> ,2.67,<0> ,2.53,<3> ,"",<-1> ,"","",7.8,<0> ,12,<0> ,"",<-1> ,
"acebbwq   ","P",01/01/2015 21:15,0,1,"{CSM}",12.5,<0> ,41.97,<0> ,26.9,<0> ,82.4,<0> ,7.4,<0> ,2.54,<0> ,2.40,<3> ,"",<-1> ,"","",7.8,<0> ,11,<0> ,"",<-1> ,
"acebbwq   ","P",01/01/2015 21:30,0,1,"{CSM}",12.5,<0> ,41.94,<0> ,26.9,<0> ,81.8,<0> ,7.4,<0> ,2.41,<0> ,2.27,<3> ,"",<-1> ,"","",7.8,<0> ,10,<0> ,"",<-1> ,
"acebbwq   ","P",01/01/2015 21:45,0,1,"{CSM}",12.5,<0> ,41.95,<0> ,26.9,<0> ,81.4,<0> ,7.3,<0> ,2.28,<0> ,2.15,<3> ,"",<-1> ,"","",7.8,<0> ,9,<0> ,"",<-1> ,
"acebbwq   ","P",01/01/2015 22:00,0,1,"{CSM}",12.4,<0> ,41.94,<0> ,26.9,<0> ,80.8,<0> ,7.3,<0> ,2.18,<0> ,2.05,<3> ,"",<-1> ,"","",7.8,<0> ,8,<0> ,"",<-1> ,
"acebbwq   ","P",01/01/2015 22:15,0,1,"{CSM}",12.4,<0> ,41.95,<0> ,26.9,<0> ,80.7,<0> ,7.3,<0> ,2.10,<0> ,1.97,<3> ,"",<-1> ,"","",7.7,<0> ,8,<0> ,"",<-1> ,
"acebbwq   ","P",01/01/2015 22:30,0,1,"{CSM}",12.4,<0> ,41.93,<0> ,26.9,<0> ,80.5,<0> ,7.3,<0> ,2.02,<0> ,1.89,<3> ,"",<-1> ,"","",7.7,<0> ,8,<0> ,"",<-1> ,
"acebbwq   ","P",01/01/2015 22:45,0,1,"{CSM}",12.4,<0> ,41.93,<0> ,26.9,<0> ,80.3,<0> ,7.3,<0> ,1.96,<0> ,1.83,<3> ,"",<-1> ,"","",7.7,<0> ,7,<0> ,"",<-1> ,
"acebbwq   ","P",01/01/2015 23:00,0,1,"{CSM}",12.4,<0> ,41.93,<0> ,26.9,<0> ,79.6,<0> ,7.2,<0> ,1.94,<0> ,1.81,<3> ,"",<-1> ,"","",7.7,<0> ,7,<0> ,"",<-1> ,
"acebbwq   ","P",01/01/2015 23:15,0,1,"{CSM}",12.4,<0> ,41.93,<0> ,26.9,<0> ,76.8,<0> ,6.9,<0> ,1.93,<0> ,1.80,<3> ,"",<-1> ,"","",7.7,<0> ,3,<0> ,"",<-1> ,
"acebbwq   ","P",01/01/2015 23:30,0,1,"{CSM}",12.4,<0> ,41.93,<0> ,26.9,<0> ,78.7,<0> ,7.1,<0> ,1.94,<0> ,1.81,<3> ,"",<-1> ,"","",7.7,<0> ,7,<0> ,"",<-1> ,
"acebbwq   ","P",01/01/2015 23:45,0,1,"{CSM}",12.4,<0> ,41.93,<0> ,26.9,<0> ,78.8,<0> ,7.1,<0> ,1.96,<0> ,1.83,<3> ,"",<-1> ,"","",7.7,<0> ,7,<0> ,"",<-1> ,
"acebbwq   ","P",01/02/2015 0:00,0,1,"{CSM}",12.4,<0> ,41.93,<0> ,26.9,<0> ,79.0,<0> ,7.1,<0> ,2.01,<0> ,1.88,<3> ,"",<-1> ,"","",7.7,<0> ,6,<0> ,"",<-1> ,
"acebbwq   ","P",01/02/2015 0:15,0,1,"{CSM}",12.5,<0> ,41.25,<0> ,26.4,<0> ,80.6,<0> ,7.3,<0> ,2.08,<0> ,1.95,<3> ,"",<-1> ,"","",7.8,<0> ,6,<0> ,"",<-1> ,
"acebbwq   ","P",01/02/2015 0:30,0,1,"{CSM}",12.5,<0> ,41.05,<0> ,26.3,<0> ,80.5,<0> ,7.3,<0> ,2.16,<0> ,2.03,<3> ,"",<-1> ,"","",7.7,<0> ,6,<0> ,"",<-1> ,
"acebbwq   ","P",01/02/2015 0:45,0,1,"{CSM}",12.6,<0> ,41.02,<0> ,26.2,<0> ,81.1,<0> ,7.3,<0> ,2.27,<0> ,2.14,<3> ,"",<-1> ,"","",7.8,<0> ,7,<0> ,"",<-1> ,
"acebbwq   ","P",01/02/2015 1:00,0,1,"{CSM}",12.6,<0> ,41.17,<0> ,26.3,<0> ,81.6,<0> ,7.4,<0> ,2.39,<0> ,2.26,<3> ,"",<-1> ,"","",7.8,<0> ,7,<0> ,"",<-1> ,
"acebbwq   ","P",01/02/2015 1:15,0,1,"{CSM}",12.7,<0> ,38.63,<0> ,24.6,<0> ,85.2,<0> ,7.8,<0> ,2.52,<0> ,2.39,<3> ,"",<-1> ,"","",7.9,<0> ,9,<0> ,"",<-1> ,
"acebbwq   ","P",01/02/2015 1:30,0,1,"{CSM}",12.8,<0> ,37.61,<0> ,23.9,<0> ,86.2,<0> ,7.9,<0> ,2.66,<0> ,2.53,<3> ,"",<-1> ,"","",7.9,<0> ,8,<0> ,"",<-1> ,
"acebbwq   ","P",01/02/2015 1:45,0,1,"{CSM}",12.8,<0> ,36.94,<0> ,23.4,<0> ,86.8,<0> ,7.9,<0> ,2.80,<0> ,2.67,<3> ,"",<-1> ,"","",7.9,<0> ,8,<0> ,"",<-1> ,
"acebbwq   ","P",01/02/2015 2:00,0,1,"{CSM}",12.7,<0> ,38.21,<0> ,24.3,<0> ,86.0,<0> ,7.8,<0> ,2.94,<0> ,2.81,<3> ,"",<-1> ,"","",7.9,<0> ,10,<0> ,"",<-1> ,
"acebbwq   ","P",01/02/2015 2:15,0,1,"{CSM}",12.7,<0> ,39.66,<0> ,25.3,<0> ,84.8,<0> ,7.7,<0> ,3.08,<0> ,2.95,<3> ,"",<-1> ,"","",7.9,<0> ,10,<0> ,"",<-1> ,
"acebbwq   ","P",01/02/2015 2:30,0,1,"{CSM}",12.7,<0> ,40.79,<0> ,26.1,<0> ,85.5,<0> ,7.7,<0> ,3.21,<0> ,3.09,<3> ,"",<-1> ,"","",7.9,<0> ,15,<0> ,"",<-1> ,
"acebbwq   ","P",01/02/2015 2:45,0,1,"{CSM}",12.8,<0> ,41.65,<0> ,26.7,<0> ,88.1,<0> ,7.9,<0> ,3.35,<0> ,3.22,<3> ,"",<-1> ,"","",8.0,<0> ,23,<0> ,"",<-1> ,
"acebbwq   ","P",01/02/2015 3:00,0,1,"{CSM}",12.8,<0> ,42.79,<0> ,27.5,<0> ,89.9,<0> ,8.0,<0> ,3.49,<0> ,3.36,<3> ,"",<-1> ,"","",8.0,<0> ,69,<0> ,"",<-1> ,
"acebbwq   ","P",01/02/2015 3:15,0,1,"{CSM}",12.9,<0> ,44.14,<0> ,28.5,<0> ,91.3,<0> ,8.1,<0> ,3.60,<0> ,3.48,<3> ,"",<-1> ,"","",8.0,<0> ,54,<0> ,"",<-1> ,
"acebbwq   ","P",01/02/2015 3:30,0,1,"{CSM}",12.9,<0> ,45.30,<0> ,29.3,<0> ,91.9,<0> ,8.1,<0> ,3.70,<0> ,3.58,<3> ,"",<-1> ,"","",8.1,<0> ,38,<0> ,"",<-1> ,
"acebbwq   ","P",01/02/2015 3:45,0,1,"{CSM}",12.9,<0> ,46.68,<0> ,30.3,<0> ,92.8,<0> ,8.1,<0> ,3.78,<0> ,3.66,<3> ,"",<-1> ,"","",8.1,<0> ,34,<0> ,"",<-1> ,
"acebbwq   ","P",01/02/2015 4:00,0,1,"{CSM}",13.0,<0> ,47.84,<0> ,31.1,<0> ,93.7,<0> ,8.1,<0> ,3.85,<0> ,3.73,<3> ,"",<-1> ,"","",8.1,<0> ,33,<0> ,"",<-1> ,
"acebbwq   ","P",01/02/2015 4:15,0,1,"{CSM}",13.0,<0> ,48.53,<0> ,31.6,<0> ,94.2,<0> ,8.1,<0> ,3.92,<0> ,3.80,<3> ,"",<-1> ,"","",8.1,<0> ,33,<0> ,"",<-1> ,
"acebbwq   ","P",01/02/2015 4:30,0,1,"{CSM}",13.0,<0> ,49.07,<0> ,32.0,<0> ,94.7,<0> ,8.2,<0> ,3.96,<0> ,3.84,<3> ,"",<-1> ,"","",8.1,<0> ,30,<0> ,"",<-1> ,
"acebbwq   ","P",01/02/2015 4:45,0,1,"{CSM}",13.1,<0> ,49.45,<0> ,32.3,<0> ,95.0,<0> ,8.2,<0> ,4.01,<0> ,3.89,<3> ,"",<-1> ,"","",8.1,<0> ,27,<0> ,"",<-1> ,
"acebbwq   ","P",01/02/2015 5:00,0,1,"{CSM}",13.1,<0> ,49.63,<0> ,32.4,<0> ,95.2,<0> ,8.2,<0> ,4.03,<0> ,3.91,<3> ,"",<-1> ,"","",8.1,<0> ,29,<0> ,"",<-1> ,
"acebbwq   ","P",01/02/2015 5:15,0,1,"{CSM}",13.1,<0> ,49.76,<0> ,32.5,<0> ,95.4,<0> ,8.2,<0> ,4.06,<0> ,3.94,<3> ,"",<-1> ,"","",8.1,<0> ,31,<0> ,"",<-1> ,
"acebbwq   ","P",01/02/2015 5:30,0,1,"{CSM}",13.1,<0> ,49.81,<0> ,32.6,<0> ,95.5,<0> ,8.2,<0> ,4.09,<0> ,3.97,<3> ,"",<-1> ,"","",8.1,<0> ,30,<0> ,"",<-1> ,
"acebbwq   ","P",01/02/2015 5:45,0,1,"{CSM}",13.1,<0> ,49.83,<0> ,32.6,<0> ,95.7,<0> ,8.2,<0> ,4.09,<0> ,3.97,<3> ,"",<-1> ,"","",8.1,<0> ,30,<0> ,"",<-1> ,
"acebbwq   ","P",01/02/2015 6:00,0,1,"{CSM}",13.1,<0> ,49.85,<0> ,32.6,<0> ,95.7,<0> ,8.2,<0> ,4.08,<0> ,3.96,<3> ,"",<-1> ,"","",8.1,<0> ,25,<0> ,"",<-1> ,
"acebbwq   ","P",01/02/2015 6:15,0,1,"{CSM}",13.0,<0> ,49.86,<0> ,32.6,<0> ,94.7,<0> ,8.1,<0> ,4.06,<0> ,3.94,<3> ,"",<-1> ,"","",8.1,<0> ,12,<0> ,"",<-1> ,
"acebbwq   ","P",01/02/2015 6:30,0,1,"{CSM}",13.0,<0> ,49.88,<0> ,32.6,<0> ,95.7,<0> ,8.2,<0> ,4.02,<0> ,3.90,<3> ,"",<-1> ,"","",8.1,<0> ,25,<0> ,"",<-1> ,
"acebbwq   ","P",01/02/2015 6:45,0,1,"{CSM}",13.0,<0> ,49.86,<0> ,32.6,<0> ,95.3,<0> ,8.2,<0> ,3.96,<0> ,3.83,<3> ,"",<-1> ,"","",8.1,<0> ,24,<0> ,"",<-1> ,
"acebbwq   ","P",01/02/2015 7:00,0,1,"{CSM}",13.0,<0> ,49.84,<0> ,32.6,<0> ,94.8,<0> ,8.2,<0> ,3.89,<0> ,3.76,<3> ,"",<-1> ,"","",8.1,<0> ,18,<0> ,"",<-1> ,
"acebbwq   ","P",01/02/2015 7:15,0,1,"{CSM}",13.0,<0> ,49.81,<0> ,32.6,<0> ,94.0,<0> ,8.1,<0> ,3.81,<0> ,3.68,<3> ,"",<-1> ,"","",8.1,<0> ,21,<0> ,"",<-1> ,
"acebbwq   ","P",01/02/2015 7:30,0,1,"{CSM}",12.9,<0> ,49.64,<0> ,32.4,<0> ,93.1,<0> ,8.0,<0> ,3.72,<0> ,3.59,<3> ,"",<-1> ,"","",8.1,<0> ,19,<0> ,"",<-1> ,
"acebbwq   ","P",01/02/2015 7:45,0,1,"{CSM}",12.9,<0> ,49.50,<0> ,32.3,<0> ,91.9,<0> ,7.9,<0> ,3.63,<0> ,3.50,<3> ,"",<-1> ,"","",8.1,<0> ,20,<0> ,"",<-1> ,
"acebbwq   ","P",01/02/2015 8:00,0,1,"{CSM}",12.8,<0> ,49.10,<0> ,32.0,<0> ,90.6,<0> ,7.8,<0> ,3.53,<0> ,3.40,<3> ,"",<-1> ,"","",8.1,<0> ,21,<0> ,"",<-1> ,
"acebbwq   ","P",01/02/2015 8:15,0,1,"{CSM}",12.8,<0> ,48.30,<0> ,31.5,<0> ,89.3,<0> ,7.8,<0> ,3.42,<0> ,3.29,<3> ,"",<-1> ,"","",8.0,<0> ,23,<0> ,"",<-1> ,
"acebbwq   ","P",01/02/2015 8:30,0,1,"{CSM}",12.7,<0> ,46.77,<0> ,30.3,<0> ,87.5,<0> ,7.7,<0> ,3.32,<0> ,3.19,<3> ,"",<-1> ,"","",8.0,<0> ,19,<0> ,"",<-1> ,
"acebbwq   ","P",01/02/2015 8:45,0,1,"{CSM}",12.7,<0> ,45.63,<0> ,29.5,<0> ,86.2,<0> ,7.6,<0> ,3.22,<0> ,3.09,<3> ,"",<-1> ,"","",8.0,<0> ,21,<0> ,"",<-1> ,
"acebbwq   ","P",01/02/2015 9:00,0,1,"{CSM}",12.6,<0> ,44.71,<0> ,28.9,<0> ,84.8,<0> ,7.5,<0> ,3.10,<0> ,2.97,<3> ,"",<-1> ,"","",7.9,<0> ,21,<0> ,"",<-1> ,
"acebbwq   ","P",01/02/2015 9:15,0,1,"{CSM}",12.6,<0> ,43.89,<0> ,28.3,<0> ,83.8,<0> ,7.5,<0> ,2.98,<0> ,2.85,<3> ,"",<-1> ,"","",7.9,<0> ,19,<0> ,"",<-1> ,
"acebbwq   ","P",01/02/2015 9:30,0,1,"{CSM}",12.6,<0> ,43.15,<0> ,27.8,<0> ,83.0,<0> ,7.4,<0> ,2.86,<0> ,2.72,<3> ,"",<-1> ,"","",7.9,<0> ,15,<0> ,"",<-1> ,
"acebbwq   ","P",01/02/2015 9:45,0,1,"{CSM}",12.6,<0> ,42.70,<0> ,27.4,<0> ,82.4,<0> ,7.4,<0> ,2.74,<0> ,2.60,<3> ,"",<-1> ,"","",7.8,<0> ,18,<0> ,"",<-1> ,
"acebbwq   ","P",01/02/2015 10:00,0,1,"{CSM}",12.6,<0> ,42.25,<0> ,27.1,<0> ,82.0,<0> ,7.4,<0> ,2.62,<0> ,2.48,<3> ,"",<-1> ,"","",7.8,<0> ,16,<0> ,"",<-1> ,
"acebbwq   ","P",01/02/2015 10:15,0,1,"{CSM}",12.6,<0> ,41.91,<0> ,26.9,<0> ,81.7,<0> ,7.3,<0> ,2.50,<0> ,2.36,<3> ,"",<-1> ,"","",7.8,<0> ,16,<0> ,"",<-1> ,
"acebbwq   ","P",01/02/2015 10:30,0,1,"{CSM}",12.6,<0> ,41.62,<0> ,26.7,<0> ,81.4,<0> ,7.3,<0> ,2.39,<0> ,2.25,<3> ,"",<-1> ,"","",7.8,<0> ,14,<0> ,"",<-1> ,
"acebbwq   ","P",01/02/2015 10:45,0,1,"{CSM}",12.6,<0> ,41.44,<0> ,26.5,<0> ,81.1,<0> ,7.3,<0> ,2.29,<0> ,2.15,<3> ,"",<-1> ,"","",7.8,<0> ,13,<0> ,"",<-1> ,
"acebbwq   ","P",01/02/2015 11:00,0,1,"{CSM}",12.7,<0> ,41.35,<0> ,26.5,<0> ,80.9,<0> ,7.3,<0> ,2.22,<0> ,2.09,<3> ,"",<-1> ,"","",7.8,<0> ,12,<0> ,"",<-1> ,
"acebbwq   ","P",01/02/2015 11:15,0,1,"{CSM}",12.7,<0> ,41.24,<0> ,26.4,<0> ,80.7,<0> ,7.3,<0> ,2.17,<0> ,2.03,<3> ,"",<-1> ,"","",7.8,<0> ,10,<0> ,"",<-1> ,
"acebbwq   ","P",01/02/2015 11:30,0,1,"{CSM}",12.7,<0> ,41.20,<0> ,26.4,<0> ,80.6,<0> ,7.3,<0> ,2.13,<0> ,2.00,<3> ,"",<-1> ,"","",7.8,<0> ,10,<0> ,"",<-1> ,
"acebbwq   ","P",01/02/2015 11:45,0,1,"{CSM}",12.7,<0> ,41.17,<0> ,26.4,<0> ,80.7,<0> ,7.3,<0> ,2.10,<0> ,1.97,<3> ,"",<-1> ,"","",7.8,<0> ,10,<0> ,"",<-1> ,
"acebbwq   ","P",01/02/2015 12:00,0,1,"{CSM}",12.7,<0> ,41.17,<0> ,26.4,<0> ,79.5,<0> ,7.2,<0> ,2.09,<0> ,1.96,<3> ,"",<-1> ,"","",7.8,<0> ,6,<0> ,"",<-1> ,
"acebbwq   ","P",01/02/2015 12:15,0,1,"{CSM}",12.8,<0> ,41.15,<0> ,26.3,<0> ,80.4,<0> ,7.2,<0> ,2.10,<0> ,1.98,<3> ,"",<-1> ,"","",7.8,<0> ,7,<0> ,"",<-1> ,
"acebbwq   ","P",01/02/2015 12:30,0,1,"{CSM}",12.8,<0> ,41.21,<0> ,26.4,<0> ,80.9,<0> ,7.3,<0> ,2.14,<0> ,2.02,<3> ,"",<-1> ,"","",7.8,<0> ,7,<0> ,"",<-1> ,
"acebbwq   ","P",01/02/2015 12:45,0,1,"{CSM}",12.9,<0> ,40.58,<0> ,25.9,<0> ,82.4,<0> ,7.4,<0> ,2.21,<0> ,2.09,<3> ,"",<-1> ,"","",7.8,<0> ,9,<0> ,"",<-1> ,
"acebbwq   ","P",01/02/2015 13:00,0,1,"{CSM}",12.9,<0> ,40.39,<0> ,25.8,<0> ,82.2,<0> ,7.4,<0> ,2.27,<0> ,2.15,<3> ,"",<-1> ,"","",7.8,<0> ,6,<0> ,"",<-1> ,
"acebbwq   ","P",01/02/2015 13:15,0,1,"{CSM}",12.8,<0> ,40.29,<0> ,25.7,<0> ,81.9,<0> ,7.4,<0> ,2.34,<0> ,2.22,<3> ,"",<-1> ,"","",7.8,<0> ,6,<0> ,"",<-1> ,
"acebbwq   ","P",01/02/2015 13:30,0,1,"{CSM}",12.8,<0> ,40.35,<0> ,25.8,<0> ,81.5,<0> ,7.4,<0> ,2.42,<0> ,2.30,<3> ,"",<-1> ,"","",7.8,<0> ,8,<0> ,"",<-1> ,
"acebbwq   ","P",01/02/2015 13:45,0,1,"{CSM}",12.7,<0> ,40.44,<0> ,25.8,<0> ,81.7,<0> ,7.4,<0> ,2.50,<0> ,2.38,<3> ,"",<-1> ,"","",7.8,<0> ,7,<0> ,"",<-1> ,
"acebbwq   ","P",01/02/2015 14:00,0,1,"{CSM}",12.8,<0> ,40.48,<0> ,25.9,<0> ,82.0,<0> ,7.4,<0> ,2.60,<0> ,2.48,<3> ,"",<-1> ,"","",7.8,<0> ,8,<0> ,"",<-1> ,
"acebbwq   ","P",01/02/2015 14:15,0,1,"{CSM}",12.8,<0> ,40.58,<0> ,25.9,<0> ,82.7,<0> ,7.5,<0> ,2.69,<0> ,2.57,<3> ,"",<-1> ,"","",7.8,<0> ,7,<0> ,"",<-1> ,
"acebbwq   ","P",01/02/2015 14:30,0,1,"{CSM}",12.8,<0> ,40.70,<0> ,26.0,<0> ,83.4,<0> ,7.5,<0> ,2.79,<0> ,2.67,<3> ,"",<-1> ,"","",7.8,<0> ,9,<0> ,"",<-1> ,
"acebbwq   ","P",01/02/2015 14:45,0,1,"{CSM}",12.8,<0> ,40.65,<0> ,26.0,<0> ,84.4,<0> ,7.6,<0> ,2.88,<0> ,2.76,<3> ,"",<-1> ,"","",7.9,<0> ,8,<0> ,"",<-1> ,
"acebbwq   ","P",01/02/2015 15:00,0,1,"{CSM}",12.9,<0> ,40.58,<0> ,25.9,<0> ,85.3,<0> ,7.7,<0> ,2.98,<0> ,2.86,<3> ,"",<-1> ,"","",7.9,<0> ,6,<0> ,"",<-1> ,
"acebbwq   ","P",01/02/2015 15:15,0,1,"{CSM}",12.9,<0> ,40.70,<0> ,26.0,<0> ,85.3,<0> ,7.7,<0> ,3.08,<0> ,2.96,<3> ,"",<-1> ,"","",7.9,<0> ,7,<0> ,"",<-1> ,
"acebbwq   ","P",01/02/2015 15:30,0,1,"{CSM}",12.8,<0> ,41.50,<0> ,26.6,<0> ,85.4,<0> ,7.7,<0> ,3.17,<0> ,3.05,<3> ,"",<-1> ,"","",7.9,<0> ,13,<0> ,"",<-1> ,
"acebbwq   ","P",01/02/2015 15:45,0,1,"{CSM}",12.9,<0> ,42.13,<0> ,27.0,<0> ,86.9,<0> ,7.8,<0> ,3.27,<0> ,3.15,<3> ,"",<-1> ,"","",8.0,<0> ,16,<0> ,"",<-1> ,
"acebbwq   ","P",01/02/2015 16:00,0,1,"{CSM}",12.9,<0> ,42.86,<0> ,27.6,<0> ,88.2,<0> ,7.9,<0> ,3.37,<0> ,3.25,<3> ,"",<-1> ,"","",8.0,<0> ,29,<0> ,"",<-1> ,
"acebbwq   ","P",01/02/2015 16:15,0,1,"{CSM}",13.0,<0> ,44.03,<0> ,28.4,<0> ,90.2,<0> ,8.0,<0> ,3.45,<0> ,3.33,<3> ,"",<-1> ,"","",8.0,<0> ,50,<0> ,"",<-1> ,
"acebbwq   ","P",01/02/2015 16:30,0,1,"{CSM}",13.0,<0> ,44.89,<0> ,29.0,<0> ,91.2,<0> ,8.0,<0> ,3.51,<0> ,3.39,<3> ,"",<-1> ,"","",8.0,<0> ,58,<0> ,"",<-1> ,
"acebbwq   ","P",01/02/2015 16:45,0,1,"{CSM}",13.1,<0> ,45.74,<0> ,29.6,<0> ,92.2,<0> ,8.1,<0> ,3.58,<0> ,3.46,<3> ,"",<-1> ,"","",8.1,<0> ,64,<0> ,"",<-1> ,
"acebbwq   ","P",01/02/2015 17:00,0,1,"{CSM}",13.1,<0> ,46.22,<0> ,30.0,<0> ,93.1,<0> ,8.1,<0> ,3.65,<0> ,3.53,<3> ,"",<-1> ,"","",8.1,<0> ,52,<0> ,"",<-1> ,
"acebbwq   ","P",01/02/2015 17:15,0,1,"{CSM}",13.2,<0> ,46.83,<0> ,30.4,<0> ,93.9,<0> ,8.2,<0> ,3.70,<0> ,3.57,<3> ,"",<-1> ,"","",8.1,<0> ,51,<0> ,"",<-1> ,
"acebbwq   ","P",01/02/2015 17:30,0,1,"{CSM}",13.2,<0> ,47.49,<0> ,30.9,<0> ,94.8,<0> ,8.2,<0> ,3.73,<0> ,3.60,<3> ,"",<-1> ,"","",8.1,<0> ,21,<0> ,"",<-1> ,
"acebbwq   ","P",01/02/2015 17:45,0,1,"{CSM}",13.2,<0> ,47.95,<0> ,31.2,<0> ,95.1,<0> ,8.2,<0> ,3.76,<0> ,3.63,<3> ,"",<-1> ,"","",8.1,<0> ,19,<0> ,"",<-1> ,
"acebbwq   ","P",01/02/2015 18:00,0,1,"{CSM}",13.2,<0> ,48.37,<0> ,31.5,<0> ,95.3,<0> ,8.2,<0> ,3.77,<0> ,3.64,<3> ,"",<-1> ,"","",8.1,<0> ,18,<0> ,"",<-1> ,
"acebbwq   ","P",01/02/2015 18:15,0,1,"{CSM}",13.2,<0> ,48.59,<0> ,31.7,<0> ,95.2,<0> ,8.2,<0> ,3.78,<0> ,3.65,<3> ,"",<-1> ,"","",8.1,<0> ,14,<0> ,"",<-1> ,
"acebbwq   ","P",01/02/2015 18:30,0,1,"{CSM}",13.2,<0> ,48.85,<0> ,31.9,<0> ,94.9,<0> ,8.2,<0> ,3.79,<0> ,3.66,<3> ,"",<-1> ,"","",8.1,<0> ,9,<0> ,"",<-1> ,
"acebbwq   ","P",01/02/2015 18:45,0,1,"{CSM}",13.2,<0> ,48.97,<0> ,32.0,<0> ,95.4,<0> ,8.2,<0> ,3.78,<0> ,3.65,<3> ,"",<-1> ,"","",8.1,<0> ,11,<0> ,"",<-1> ,
"acebbwq   ","P",01/02/2015 19:00,0,1,"{CSM}",13.2,<0> ,49.03,<0> ,32.0,<0> ,95.4,<0> ,8.2,<0> ,3.74,<0> ,3.61,<3> ,"",<-1> ,"","",8.1,<0> ,13,<0> ,"",<-1> ,
"acebbwq   ","P",01/02/2015 19:15,0,1,"{CSM}",13.2,<0> ,48.57,<0> ,31.7,<0> ,95.2,<0> ,8.2,<0> ,3.70,<0> ,3.57,<3> ,"",<-1> ,"","",8.1,<0> ,15,<0> ,"",<-1> ,
"acebbwq   ","P",01/02/2015 19:30,0,1,"{CSM}",13.2,<0> ,48.46,<0> ,31.6,<0> ,94.8,<0> ,8.2,<0> ,3.62,<0> ,3.49,<3> ,"",<-1> ,"","",8.1,<0> ,19,<0> ,"",<-1> ,
"acebbwq   ","P",01/02/2015 19:45,0,1,"{CSM}",13.2,<0> ,47.84,<0> ,31.1,<0> ,94.0,<0> ,8.1,<0> ,3.54,<0> ,3.40,<3> ,"",<-1> ,"","",8.1,<0> ,38,<0> ,"",<-1> ,
"acebbwq   ","P",01/02/2015 20:00,0,1,"{CSM}",13.1,<0> ,46.92,<0> ,30.5,<0> ,92.5,<0> ,8.0,<0> ,3.45,<0> ,3.31,<3> ,"",<-1> ,"","",8.1,<0> ,27,<0> ,"",<-1> ,
"acebbwq   ","P",01/02/2015 20:15,0,1,"{CSM}",13.1,<0> ,45.84,<0> ,29.7,<0> ,90.3,<0> ,7.9,<0> ,3.35,<0> ,3.21,<3> ,"",<-1> ,"","",8.0,<0> ,24,<0> ,"",<-1> ,
"acebbwq   ","P",01/02/2015 20:30,0,1,"{CSM}",13.0,<0> ,44.82,<0> ,29.0,<0> ,88.9,<0> ,7.8,<0> ,3.25,<0> ,3.12,<3> ,"",<-1> ,"","",8.0,<0> ,25,<0> ,"",<-1> ,
"acebbwq   ","P",01/02/2015 20:45,0,1,"{CSM}",13.0,<0> ,43.56,<0> ,28.1,<0> ,87.5,<0> ,7.7,<0> ,3.12,<0> ,2.99,<3> ,"",<-1> ,"","",8.0,<0> ,25,<0> ,"",<-1> ,
"acebbwq   ","P",01/02/2015 21:00,0,1,"{CSM}",13.0,<0> ,42.45,<0> ,27.3,<0> ,85.8,<0> ,7.6,<0> ,3.01,<0> ,2.88,<3> ,"",<-1> ,"","",7.9,<0> ,19,<0> ,"",<-1> ,
"acebbwq   ","P",01/02/2015 21:15,0,1,"{CSM}",13.0,<0> ,41.84,<0> ,26.8,<0> ,82.0,<0> ,7.3,<0> ,2.89,<0> ,2.76,<3> ,"",<-1> ,"","",7.9,<0> ,17,<0> ,"",<-1> ,
"acebbwq   ","P",01/02/2015 21:30,0,1,"{CSM}",13.0,<0> ,41.36,<0> ,26.5,<0> ,80.3,<0> ,7.2,<0> ,2.76,<0> ,2.63,<3> ,"",<-1> ,"","",7.8,<0> ,15,<0> ,"",<-1> ,
"acebbwq   ","P",01/02/2015 21:45,0,1,"{CSM}",13.0,<0> ,41.14,<0> ,26.3,<0> ,79.2,<0> ,7.1,<0> ,2.62,<0> ,2.49,<3> ,"",<-1> ,"","",7.8,<0> ,14,<0> ,"",<-1> ,
"acebbwq   ","P",01/02/2015 22:00,0,1,"{CSM}",13.0,<0> ,41.03,<0> ,26.3,<0> ,79.9,<0> ,7.2,<0> ,2.48,<0> ,2.36,<3> ,"",<-1> ,"","",7.8,<0> ,13,<0> ,"",<-1> ,
"acebbwq   ","P",01/02/2015 22:15,0,1,"{CSM}",13.0,<0> ,41.05,<0> ,26.3,<0> ,78.8,<0> ,7.1,<0> ,2.35,<0> ,2.23,<3> ,"",<-1> ,"","",7.7,<0> ,11,<0> ,"",<-1> ,
"acebbwq   ","P",01/02/2015 22:30,0,1,"{CSM}",13.0,<0> ,41.02,<0> ,26.3,<0> ,79.0,<0> ,7.1,<0> ,2.26,<0> ,2.13,<3> ,"",<-1> ,"","",7.7,<0> ,11,<0> ,"",<-1> ,
"acebbwq   ","P",01/02/2015 22:45,0,1,"{CSM}",13.0,<0> ,41.04,<0> ,26.3,<0> ,78.7,<0> ,7.1,<0> ,2.16,<0> ,2.03,<3> ,"",<-1> ,"","",7.7,<0> ,9,<0> ,"",<-1> ,
"acebbwq   ","P",01/02/2015 23:00,0,1,"{CSM}",13.0,<0> ,41.05,<0> ,26.3,<0> ,78.5,<0> ,7.0,<0> ,2.09,<0> ,1.96,<3> ,"",<-1> ,"","",7.7,<0> ,9,<0> ,"",<-1> ,
"acebbwq   ","P",01/02/2015 23:15,0,1,"{CSM}",13.0,<0> ,41.05,<0> ,26.3,<0> ,78.3,<0> ,7.0,<0> ,2.01,<0> ,1.88,<3> ,"",<-1> ,"","",7.7,<0> ,8,<0> ,"",<-1> ,
"acebbwq   ","P",01/02/2015 23:30,0,1,"{CSM}",13.0,<0> ,41.07,<0> ,26.3,<0> ,78.0,<0> ,7.0,<0> ,1.96,<0> ,1.83,<3> ,"",<-1> ,"","",7.7,<0> ,7,<0> ,"",<-1> ,
"acebbwq   ","P",01/02/2015 23:45,0,1,"{CSM}",12.9,<0> ,41.07,<0> ,26.3,<0> ,77.8,<0> ,7.0,<0> ,1.92,<0> ,1.79,<3> ,"",<-1> ,"","",7.7,<0> ,6,<0> ,"",<-1> ,
"acebbwq   ","P",01/03/2015 0:00,0,1,"{CSM}",12.9,<0> ,41.07,<0> ,26.3,<0> ,76.1,<0> ,6.8,<0> ,1.90,<0> ,1.77,<3> ,"",<-1> ,"","",7.7,<0> ,6,<0> ,"",<-1> ,
"acebbwq   ","P",01/03/2015 0:15,0,1,"{CSM}",12.9,<0> ,41.07,<0> ,26.3,<0> ,76.6,<0> ,6.9,<0> ,1.92,<0> ,1.79,<3> ,"",<-1> ,"","",7.7,<0> ,6,<0> ,"",<-1> ,
"acebbwq   ","P",01/03/2015 0:30,0,1,"{CSM}",13.0,<0> ,41.07,<0> ,26.3,<0> ,77.2,<0> ,6.9,<0> ,1.96,<0> ,1.83,<3> ,"",<-1> ,"","",7.7,<0> ,7,<0> ,"",<-1> ,
"acebbwq   ","P",01/03/2015 0:45,0,1,"{CSM}",12.9,<0> ,40.67,<0> ,26.0,<0> ,78.2,<0> ,7.0,<0> ,2.03,<0> ,1.90,<3> ,"",<-1> ,"","",7.7,<0> ,6,<0> ,"",<-1> ,
"acebbwq   ","P",01/03/2015 1:00,0,1,"{CSM}",12.9,<0> ,40.21,<0> ,25.7,<0> ,79.2,<0> ,7.1,<0> ,2.10,<0> ,1.97,<3> ,"",<-1> ,"","",7.7,<0> ,5,<0> ,"",<-1> ,
"acebbwq   ","P",01/03/2015 1:15,0,1,"{CSM}",12.9,<0> ,40.17,<0> ,25.7,<0> ,79.4,<0> ,7.2,<0> ,2.20,<0> ,2.07,<3> ,"",<-1> ,"","",7.7,<0> ,8,<0> ,"",<-1> ,
"acebbwq   ","P",01/03/2015 1:30,0,1,"{CSM}",12.9,<0> ,40.32,<0> ,25.8,<0> ,79.9,<0> ,7.2,<0> ,2.33,<0> ,2.20,<3> ,"",<-1> ,"","",7.8,<0> ,9,<0> ,"",<-1> ,
"acebbwq   ","P",01/03/2015 1:45,0,1,"{CSM}",12.9,<0> ,40.32,<0> ,25.8,<0> ,80.3,<0> ,7.2,<0> ,2.46,<0> ,2.33,<3> ,"",<-1> ,"","",7.8,<0> ,11,<0> ,"",<-1> ,
"acebbwq   ","P",01/03/2015 2:00,0,1,"{CSM}",12.9,<0> ,38.56,<0> ,24.5,<0> ,83.9,<0> ,7.6,<0> ,2.59,<0> ,2.46,<3> ,"",<-1> ,"","",7.8,<0> ,8,<0> ,"",<-1> ,
"acebbwq   ","P",01/03/2015 2:15,0,1,"{CSM}",12.9,<0> ,37.71,<0> ,23.9,<0> ,84.9,<0> ,7.7,<0> ,2.72,<0> ,2.59,<3> ,"",<-1> ,"","",7.9,<0> ,8,<0> ,"",<-1> ,
"acebbwq   ","P",01/03/2015 2:30,0,1,"{CSM}",12.9,<0> ,37.33,<0> ,23.7,<0> ,85.4,<0> ,7.8,<0> ,2.86,<0> ,2.73,<3> ,"",<-1> ,"","",7.9,<0> ,9,<0> ,"",<-1> ,
"acebbwq   ","P",01/03/2015 2:45,0,1,"{CSM}",12.9,<0> ,38.92,<0> ,24.8,<0> ,83.8,<0> ,7.6,<0> ,2.99,<0> ,2.86,<3> ,"",<-1> ,"","",7.9,<0> ,10,<0> ,"",<-1> ,
"acebbwq   ","P",01/03/2015 3:00,0,1,"{CSM}",12.9,<0> ,40.02,<0> ,25.5,<0> ,84.4,<0> ,7.6,<0> ,3.13,<0> ,3.00,<3> ,"",<-1> ,"","",7.9,<0> ,15,<0> ,"",<-1> ,
"acebbwq   ","P",01/03/2015 3:15,0,1,"{CSM}",13.0,<0> ,40.97,<0> ,26.2,<0> ,85.9,<0> ,7.7,<0> ,3.27,<0> ,3.14,<3> ,"",<-1> ,"","",7.9,<0> ,19,<0> ,"",<-1> ,
"acebbwq   ","P",01/03/2015 3:30,0,1,"{CSM}",13.0,<0> ,41.99,<0> ,26.9,<0> ,88.6,<0> ,7.9,<0> ,3.40,<0> ,3.28,<3> ,"",<-1> ,"","",8.0,<0> ,44,<0> ,"",<-1> ,
"acebbwq   ","P",01/03/2015 3:45,0,1,"{CSM}",13.1,<0> ,43.46,<0> ,28.0,<0> ,90.5,<0> ,8.0,<0> ,3.52,<0> ,3.40,<3> ,"",<-1> ,"","",8.0,<0> ,68,<0> ,"",<-1> ,
"acebbwq   ","P",01/03/2015 4:00,0,1,"{CSM}",13.1,<0> ,44.70,<0> ,28.9,<0> ,91.5,<0> ,8.0,<0> ,3.63,<0> ,3.51,<3> ,"",<-1> ,"","",8.1,<0> ,38,<0> ,"",<-1> ,
"acebbwq   ","P",01/03/2015 4:15,0,1,"{CSM}",13.1,<0> ,45.92,<0> ,29.8,<0> ,92.5,<0> ,8.1,<0> ,3.73,<0> ,3.61,<3> ,"",<-1> ,"","",8.1,<0> ,33,<0> ,"",<-1> ,
"acebbwq   ","P",01/03/2015 4:30,0,1,"{CSM}",13.1,<0> ,47.56,<0> ,30.9,<0> ,93.6,<0> ,8.1,<0> ,3.81,<0> ,3.69,<3> ,"",<-1> ,"","",8.1,<0> ,30,<0> ,"",<-1> ,
"acebbwq   ","P",01/03/2015 4:45,0,1,"{CSM}",13.1,<0> ,48.48,<0> ,31.6,<0> ,94.0,<0> ,8.1,<0> ,3.88,<0> ,3.76,<3> ,"",<-1> ,"","",8.1,<0> ,28,<0> ,"",<-1> ,
"acebbwq   ","P",01/03/2015 5:00,0,1,"{CSM}",13.1,<0> ,49.08,<0> ,32.0,<0> ,94.3,<0> ,8.1,<0> ,3.94,<0> ,3.82,<3> ,"",<-1> ,"","",8.1,<0> ,29,<0> ,"",<-1> ,
"acebbwq   ","P",01/03/2015 5:15,0,1,"{CSM}",13.1,<0> ,49.50,<0> ,32.3,<0> ,94.5,<0> ,8.1,<0> ,3.99,<0> ,3.87,<3> ,"",<-1> ,"","",8.1,<0> ,26,<0> ,"",<-1> ,
"acebbwq   ","P",01/03/2015 5:30,0,1,"{CSM}",13.1,<0> ,49.70,<0> ,32.5,<0> ,94.6,<0> ,8.1,<0> ,4.02,<0> ,3.90,<3> ,"",<-1> ,"","",8.1,<0> ,33,<0> ,"",<-1> ,
"acebbwq   ","P",01/03/2015 5:45,0,1,"{CSM}",13.1,<0> ,49.75,<0> ,32.5,<0> ,94.7,<0> ,8.1,<0> ,4.06,<0> ,3.94,<3> ,"",<-1> ,"","",8.1,<0> ,29,<0> ,"",<-1> ,
"acebbwq   ","P",01/03/2015 6:00,0,1,"{CSM}",13.1,<0> ,49.77,<0> ,32.5,<0> ,94.8,<0> ,8.1,<0> ,4.09,<0> ,3.97,<3> ,"",<-1> ,"","",8.1,<0> ,32,<0> ,"",<-1> ,
"acebbwq   ","P",01/03/2015 6:15,0,1,"{CSM}",13.1,<0> ,49.75,<0> ,32.5,<0> ,94.7,<0> ,8.1,<0> ,4.12,<0> ,4.00,<3> ,"",<-1> ,"","",8.1,<0> ,36,<0> ,"",<-1> ,
"acebbwq   ","P",01/03/2015 6:30,0,1,"{CSM}",13.1,<0> ,49.74,<0> ,32.5,<0> ,94.7,<0> ,8.1,<0> ,4.14,<0> ,4.02,<3> ,"",<-1> ,"","",8.1,<0> ,37,<0> ,"",<-1> ,
"acebbwq   ","P",01/03/2015 6:45,0,1,"{CSM}",13.1,<0> ,49.73,<0> ,32.5,<0> ,94.6,<0> ,8.1,<0> ,4.15,<0> ,4.03,<3> ,"",<-1> ,"","",8.1,<0> ,35,<0> ,"",<-1> ,
"acebbwq   ","P",01/03/2015 7:00,0,1,"{CSM}",13.1,<0> ,49.73,<0> ,32.5,<0> ,94.5,<0> ,8.1,<0> ,4.13,<0> ,4.01,<3> ,"",<-1> ,"","",8.1,<0> ,30,<0> ,"",<-1> ,
"acebbwq   ","P",01/03/2015 7:15,0,1,"{CSM}",13.1,<0> ,49.74,<0> ,32.5,<0> ,94.5,<0> ,8.1,<0> ,4.08,<0> ,3.96,<3> ,"",<-1> ,"","",8.1,<0> ,33,<0> ,"",<-1> ,
"acebbwq   ","P",01/03/2015 7:30,0,1,"{CSM}",13.1,<0> ,49.75,<0> ,32.5,<0> ,94.5,<0> ,8.1,<0> ,4.03,<0> ,3.91,<3> ,"",<-1> ,"","",8.1,<0> ,42,<0> ,"",<-1> ,
"acebbwq   ","P",01/03/2015 7:45,0,1,"{CSM}",13.1,<0> ,49.76,<0> ,32.5,<0> ,94.0,<0> ,8.1,<0> ,3.95,<0> ,3.83,<3> ,"",<-1> ,"","",8.1,<0> ,36,<0> ,"",<-1> ,
"acebbwq   ","P",01/03/2015 8:00,0,1,"{CSM}",13.1,<0> ,49.76,<0> ,32.5,<0> ,93.6,<0> ,8.0,<0> ,3.88,<0> ,3.76,<3> ,"",<-1> ,"","",8.1,<0> ,27,<0> ,"",<-1> ,
"acebbwq   ","P",01/03/2015 8:15,0,1,"{CSM}",13.1,<0> ,49.72,<0> ,32.5,<0> ,93.1,<0> ,8.0,<0> ,3.80,<0> ,3.68,<3> ,"",<-1> ,"","",8.1,<0> ,27,<0> ,"",<-1> ,
"acebbwq   ","P",01/03/2015 8:30,0,1,"{CSM}",13.1,<0> ,49.65,<0> ,32.5,<0> ,92.5,<0> ,8.0,<0> ,3.71,<0> ,3.58,<3> ,"",<-1> ,"","",8.1,<0> ,24,<0> ,"",<-1> ,
"acebbwq   ","P",01/03/2015 8:45,0,1,"{CSM}",13.1,<0> ,49.52,<0> ,32.4,<0> ,91.6,<0> ,7.9,<0> ,3.62,<0> ,3.49,<3> ,"",<-1> ,"","",8.1,<0> ,22,<0> ,"",<-1> ,
"acebbwq   ","P",01/03/2015 9:00,0,1,"{CSM}",13.1,<0> ,49.20,<0> ,32.1,<0> ,90.7,<0> ,7.8,<0> ,3.52,<0> ,3.39,<3> ,"",<-1> ,"","",8.1,<0> ,21,<0> ,"",<-1> ,
"acebbwq   ","P",01/03/2015 9:15,0,1,"{CSM}",13.1,<0> ,48.40,<0> ,31.5,<0> ,89.6,<0> ,7.7,<0> ,3.41,<0> ,3.28,<3> ,"",<-1> ,"","",8.0,<0> ,19,<0> ,"",<-1> ,
"acebbwq   ","P",01/03/2015 9:30,0,1,"{CSM}",13.1,<0> ,47.38,<0> ,30.8,<0> ,88.3,<0> ,7.7,<0> ,3.32,<0> ,3.19,<3> ,"",<-1> ,"","",8.0,<0> ,18,<0> ,"",<-1> ,
"acebbwq   ","P",01/03/2015 9:45,0,1,"{CSM}",13.2,<0> ,46.19,<0> ,30.0,<0> ,87.3,<0> ,7.6,<0> ,3.22,<0> ,3.09,<3> ,"",<-1> ,"","",8.0,<0> ,17,<0> ,"",<-1> ,
"acebbwq   ","P",01/03/2015 10:00,0,1,"{CSM}",13.2,<0> ,45.22,<0> ,29.3,<0> ,86.4,<0> ,7.6,<0> ,3.09,<0> ,2.96,<3> ,"",<-1> ,"","",8.0,<0> ,23,<0> ,"",<-1> ,
"acebbwq   ","P",01/03/2015 10:15,0,1,"{CSM}",13.2,<0> ,44.49,<0> ,28.7,<0> ,85.7,<0> ,7.5,<0> ,2.98,<0> ,2.85,<3> ,"",<-1> ,"","",7.9,<0> ,19,<0> ,"",<-1> ,
"acebbwq   ","P",01/03/2015 10:30,0,1,"{CSM}",13.3,<0> ,43.99,<0> ,28.4,<0> ,85.1,<0> ,7.5,<0> ,2.86,<0> ,2.73,<3> ,"",<-1> ,"","",7.9,<0> ,18,<0> ,"",<-1> ,
"acebbwq   ","P",01/03/2015 10:45,0,1,"{CSM}",13.4,<0> ,43.40,<0> ,28.0,<0> ,84.8,<0> ,7.5,<0> ,2.76,<0> ,2.63,<3> ,"",<-1> ,"","",7.9,<0> ,14,<0> ,"",<-1> ,
"acebbwq   ","P",01/03/2015 11:00,0,1,"{CSM}",13.4,<0> ,42.81,<0> ,27.5,<0> ,84.1,<0> ,7.4,<0> ,2.65,<0> ,2.53,<3> ,"",<-1> ,"","",7.9,<0> ,16,<0> ,"",<-1> ,
"acebbwq   ","P",01/03/2015 11:15,0,1,"{CSM}",13.4,<0> ,42.30,<0> ,27.2,<0> ,83.4,<0> ,7.4,<0> ,2.55,<0> ,2.43,<3> ,"",<-1> ,"","",7.8,<0> ,16,<0> ,"",<-1> ,
"acebbwq   ","P",01/03/2015 11:30,0,1,"{CSM}",13.4,<0> ,41.90,<0> ,26.9,<0> ,83.0,<0> ,7.3,<0> ,2.46,<0> ,2.34,<3> ,"",<-1> ,"","",7.8,<0> ,15,<0> ,"",<-1> ,
"acebbwq   ","P",01/03/2015 11:45,0,1,"{CSM}",13.3,<0> ,41.60,<0> ,26.7,<0> ,82.7,<0> ,7.3,<0> ,2.37,<0> ,2.25,<3> ,"",<-1> ,"","",7.8,<0> ,12,<0> ,"",<-1> ,
"acebbwq   ","P",01/03/2015 12:00,0,1,"{CSM}",13.3,<0> ,41.36,<0> ,26.5,<0> ,82.6,<0> ,7.3,<0> ,2.31,<0> ,2.20,<3> ,"",<-1> ,"","",7.8,<0> ,13,<0> ,"",<-1> ,
"acebbwq   ","P",01/03/2015 12:15,0,1,"{CSM}",13.4,<0> ,41.31,<0> ,26.5,<0> ,82.4,<0> ,7.3,<0> ,2.27,<0> ,2.16,<3> ,"",<-1> ,"","",7.8,<0> ,11,<0> ,"",<-1> ,
"acebbwq   ","P",01/03/2015 12:30,0,1,"{CSM}",13.4,<0> ,41.26,<0> ,26.4,<0> ,82.5,<0> ,7.3,<0> ,2.22,<0> ,2.11,<3> ,"",<-1> ,"","",7.8,<0> ,9,<0> ,"",<-1> ,
"acebbwq   ","P",01/03/2015 12:45,0,1,"{CSM}",13.5,<0> ,41.23,<0> ,26.4,<0> ,82.7,<0> ,7.3,<0> ,2.20,<0> ,2.09,<3> ,"",<-1> ,"","",7.8,<0> ,9,<0> ,"",<-1> ,
"acebbwq   ","P",01/03/2015 13:00,0,1,"{CSM}",13.5,<0> ,41.22,<0> ,26.4,<0> ,79.8,<0> ,7.1,<0> ,2.19,<0> ,2.08,<3> ,"",<-1> ,"","",7.8,<0> ,6,<0> ,"",<-1> ,
"acebbwq   ","P",01/03/2015 13:15,0,1,"{CSM}",13.5,<0> ,41.35,<0> ,26.5,<0> ,81.3,<0> ,7.2,<0> ,2.19,<0> ,2.09,<3> ,"",<-1> ,"","",7.8,<0> ,8,<0> ,"",<-1> ,
"acebbwq   ","P",01/03/2015 13:30,0,1,"{CSM}",13.7,<0> ,41.28,<0> ,26.5,<0> ,83.7,<0> ,7.4,<0> ,2.21,<0> ,2.11,<3> ,"",<-1> ,"","",7.8,<0> ,8,<0> ,"",<-1> ,
"acebbwq   ","P",01/03/2015 13:45,0,1,"{CSM}",13.8,<0> ,41.25,<0> ,26.4,<0> ,84.6,<0> ,7.4,<0> ,2.26,<0> ,2.16,<3> ,"",<-1> ,"","",7.8,<0> ,7,<0> ,"",<-1> ,
"acebbwq   ","P",01/03/2015 14:00,0,1,"{CSM}",13.6,<0> ,40.41,<0> ,25.8,<0> ,84.8,<0> ,7.5,<0> ,2.32,<0> ,2.22,<3> ,"",<-1> ,"","",7.8,<0> ,7,<0> ,"",<-1> ,
"acebbwq   ","P",01/03/2015 14:15,0,1,"{CSM}",13.5,<0> ,40.30,<0> ,25.8,<0> ,84.1,<0> ,7.5,<0> ,2.40,<0> ,2.30,<3> ,"",<-1> ,"","",7.8,<0> ,8,<0> ,"",<-1> ,
"acebbwq   ","P",01/03/2015 14:30,0,1,"{CSM}",13.4,<0> ,40.23,<0> ,25.7,<0> ,83.4,<0> ,7.4,<0> ,2.49,<0> ,2.39,<3> ,"",<-1> ,"","",7.8,<0> ,9,<0> ,"",<-1> ,
"acebbwq   ","P",01/03/2015 14:45,0,1,"{CSM}",13.3,<0> ,40.42,<0> ,25.8,<0> ,83.2,<0> ,7.4,<0> ,2.58,<0> ,2.48,<3> ,"",<-1> ,"","",7.8,<0> ,10,<0> ,"",<-1> ,
"acebbwq   ","P",01/03/2015 15:00,0,1,"{CSM}",13.3,<0> ,40.63,<0> ,26.0,<0> ,83.5,<0> ,7.4,<0> ,2.68,<0> ,2.58,<3> ,"",<-1> ,"","",7.8,<0> ,9,<0> ,"",<-1> ,
"acebbwq   ","P",01/03/2015 15:15,0,1,"{CSM}",13.3,<0> ,40.94,<0> ,26.2,<0> ,84.0,<0> ,7.5,<0> ,2.78,<0> ,2.68,<3> ,"",<-1> ,"","",7.9,<0> ,15,<0> ,"",<-1> ,
"acebbwq   ","P",01/03/2015 15:30,0,1,"{CSM}",13.4,<0> ,41.07,<0> ,26.3,<0> ,84.9,<0> ,7.5,<0> ,2.89,<0> ,2.79,<3> ,"",<-1> ,"","",7.9,<0> ,11,<0> ,"",<-1> ,
"acebbwq   ","P",01/03/2015 15:45,0,1,"{CSM}",13.4,<0> ,41.52,<0> ,26.6,<0> ,86.4,<0> ,7.6,<0> ,2.99,<0> ,2.89,<3> ,"",<-1> ,"","",7.9,<0> ,10,<0> ,"",<-1> ,
"acebbwq   ","P",01/03/2015 16:00,0,1,"{CSM}",13.4,<0> ,41.78,<0> ,26.8,<0> ,86.6,<0> ,7.7,<0> ,3.09,<0> ,2.99,<3> ,"",<-1> ,"","",7.9,<0> ,10,<0> ,"",<-1> ,
"acebbwq   ","P",01/03/2015 16:15,0,1,"{CSM}",13.4,<0> ,42.27,<0> ,27.2,<0> ,86.9,<0> ,7.7,<0> ,3.20,<0> ,3.10,<3> ,"",<-1> ,"","",7.9,<0> ,11,<0> ,"",<-1> ,
"acebbwq   ","P",01/03/2015 16:30,0,1,"{CSM}",13.4,<0> ,42.78,<0> ,27.5,<0> ,88.0,<0> ,7.8,<0> ,3.30,<0> ,3.20,<3> ,"",<-1> ,"","",8.0,<0> ,16,<0> ,"",<-1> ,
"acebbwq   ","P",01/03/2015 16:45,0,1,"{CSM}",13.3,<0> ,43.87,<0> ,28.3,<0> ,89.3,<0> ,7.8,<0> ,3.39,<0> ,3.29,<3> ,"",<-1> ,"","",8.0,<0> ,26,<0> ,"",<-1> ,
"acebbwq   ","P",01/03/2015 17:00,0,1,"{CSM}",13.3,<0> ,44.87,<0> ,29.0,<0> ,91.0,<0> ,8.0,<0> ,3.48,<0> ,3.38,<3> ,"",<-1> ,"","",8.0,<0> ,49,<0> ,"",<-1> ,
"acebbwq   ","P",01/03/2015 17:15,0,1,"{CSM}",13.4,<0> ,45.93,<0> ,29.8,<0> ,92.3,<0> ,8.0,<0> ,3.58,<0> ,3.49,<3> ,"",<-1> ,"","",8.1,<0> ,61,<0> ,"",<-1> ,
"acebbwq   ","P",01/03/2015 17:30,0,1,"{CSM}",13.5,<0> ,46.74,<0> ,30.4,<0> ,93.9,<0> ,8.1,<0> ,3.65,<0> ,3.56,<3> ,"",<-1> ,"","",8.1,<0> ,46,<0> ,"",<-1> ,
"acebbwq   ","P",01/03/2015 17:45,0,1,"{CSM}",13.5,<0> ,47.60,<0> ,31.0,<0> ,94.6,<0> ,8.1,<0> ,3.71,<0> ,3.62,<3> ,"",<-1> ,"","",8.1,<0> ,51,<0> ,"",<-1> ,
"acebbwq   ","P",01/03/2015 18:00,0,1,"{CSM}",13.5,<0> ,48.37,<0> ,31.5,<0> ,95.2,<0> ,8.2,<0> ,3.75,<0> ,3.66,<3> ,"",<-1> ,"","",8.1,<0> ,43,<0> ,"",<-1> ,
"acebbwq   ","P",01/03/2015 18:15,0,1,"{CSM}",13.5,<0> ,48.85,<0> ,31.9,<0> ,95.8,<0> ,8.2,<0> ,3.80,<0> ,3.70,<3> ,"",<-1> ,"","",8.1,<0> ,50,<0> ,"",<-1> ,
"acebbwq   ","P",01/03/2015 18:30,0,1,"{CSM}",13.5,<0> ,49.29,<0> ,32.2,<0> ,96.0,<0> ,8.2,<0> ,3.84,<0> ,3.74,<3> ,"",<-1> ,"","",8.1,<0> ,44,<0> ,"",<-1> ,
"acebbwq   ","P",01/03/2015 18:45,0,1,"{CSM}",13.5,<0> ,49.43,<0> ,32.3,<0> ,95.9,<0> ,8.2,<0> ,3.86,<0> ,3.76,<3> ,"",<-1> ,"","",8.1,<0> ,54,<0> ,"",<-1> ,
"acebbwq   ","P",01/03/2015 19:00,0,1,"{CSM}",13.5,<0> ,49.51,<0> ,32.4,<0> ,95.7,<0> ,8.2,<0> ,3.87,<0> ,3.78,<3> ,"",<-1> ,"","",8.1,<0> ,56,<0> ,"",<-1> ,
"acebbwq   ","P",01/03/2015 19:15,0,1,"{CSM}",13.5,<0> ,49.60,<0> ,32.4,<0> ,95.4,<0> ,8.1,<0> ,3.86,<0> ,3.77,<3> ,"",<-1> ,"","",8.1,<0> ,25,<0> ,"",<-1> ,
"acebbwq   ","P",01/03/2015 19:30,0,1,"{CSM}",13.5,<0> ,49.68,<0> ,32.5,<0> ,95.0,<0> ,8.1,<0> ,3.86,<0> ,3.77,<3> ,"",<-1> ,"","",8.1,<0> ,19,<0> ,"",<-1> ,
"acebbwq   ","P",01/03/2015 19:45,0,1,"{CSM}",13.5,<0> ,49.71,<0> ,32.5,<0> ,95.2,<0> ,8.1,<0> ,3.82,<0> ,3.73,<3> ,"",<-1> ,"","",8.1,<0> ,61,<0> ,"",<-1> ,
"acebbwq   ","P",01/03/2015 20:00,0,1,"{CSM}",13.5,<0> ,49.65,<0> ,32.5,<0> ,95.5,<0> ,8.1,<0> ,3.77,<0> ,3.68,<3> ,"",<-1> ,"","",8.1,<0> ,32,<0> ,"",<-1> ,
"acebbwq   ","P",01/03/2015 20:15,0,1,"{CSM}",13.5,<0> ,49.57,<0> ,32.4,<0> ,95.4,<0> ,8.1,<0> ,3.69,<0> ,3.60,<3> ,"",<-1> ,"","",8.1,<0> ,44,<0> ,"",<-1> ,
"acebbwq   ","P",01/03/2015 20:30,0,1,"{CSM}",13.5,<0> ,49.38,<0> ,32.3,<0> ,95.1,<0> ,8.1,<0> ,3.61,<0> ,3.52,<3> ,"",<-1> ,"","",8.1,<0> ,42,<0> ,"",<-1> ,
"acebbwq   ","P",01/03/2015 20:45,0,1,"{CSM}",13.6,<0> ,49.16,<0> ,32.1,<0> ,94.3,<0> ,8.0,<0> ,3.53,<0> ,3.44,<3> ,"",<-1> ,"","",8.1,<0> ,38,<0> ,"",<-1> ,
"acebbwq   ","P",01/03/2015 21:00,0,1,"{CSM}",13.6,<0> ,48.50,<0> ,31.6,<0> ,93.1,<0> ,8.0,<0> ,3.43,<0> ,3.34,<3> ,"",<-1> ,"","",8.1,<0> ,36,<0> ,"",<-1> ,
"acebbwq   ","P",01/03/2015 21:15,0,1,"{CSM}",13.7,<0> ,47.67,<0> ,31.0,<0> ,91.5,<0> ,7.8,<0> ,3.32,<0> ,3.22,<3> ,"",<-1> ,"","",8.1,<0> ,29,<0> ,"",<-1> ,
"acebbwq   ","P",01/03/2015 21:30,0,1,"{CSM}",13.7,<0> ,46.34,<0> ,30.1,<0> ,89.4,<0> ,7.7,<0> ,3.21,<0> ,3.11,<3> ,"",<-1> ,"","",8.0,<0> ,26,<0> ,"",<-1> ,
"acebbwq   ","P",01/03/2015 21:45,0,1,"{CSM}",13.8,<0> ,45.24,<0> ,29.3,<0> ,86.3,<0> ,7.5,<0> ,3.09,<0> ,2.99,<3> ,"",<-1> ,"","",8.0,<0> ,20,<0> ,"",<-1> ,
"acebbwq   ","P",01/03/2015 22:00,0,1,"{CSM}",13.9,<0> ,43.91,<0> ,28.3,<0> ,83.3,<0> ,7.2,<0> ,2.96,<0> ,2.86,<3> ,"",<-1> ,"","",7.9,<0> ,23,<0> ,"",<-1> ,
"acebbwq   ","P",01/03/2015 22:15,0,1,"{CSM}",14.1,<0> ,42.86,<0> ,27.6,<0> ,80.6,<0> ,7.0,<0> ,2.83,<0> ,2.73,<3> ,"",<-1> ,"","",7.8,<0> ,22,<0> ,"",<-1> ,
"acebbwq   ","P",01/03/2015 22:30,0,1,"{CSM}",14.2,<0> ,42.26,<0> ,27.2,<0> ,79.2,<0> ,6.9,<0> ,2.68,<0> ,2.59,<3> ,"",<-1> ,"","",7.8,<0> ,17,<0> ,"",<-1> ,
"acebbwq   ","P",01/03/2015 22:45,0,1,"{CSM}",14.1,<0> ,41.87,<0> ,26.9,<0> ,79.3,<0> ,6.9,<0> ,2.55,<0> ,2.46,<3> ,"",<-1> ,"","",7.8,<0> ,15,<0> ,"",<-1> ,
"acebbwq   ","P",01/03/2015 23:00,0,1,"{CSM}",14.2,<0> ,41.66,<0> ,26.7,<0> ,78.6,<0> ,6.8,<0> ,2.40,<0> ,2.30,<3> ,"",<-1> ,"","",7.8,<0> ,16,<0> ,"",<-1> ,
"acebbwq   ","P",01/03/2015 23:15,0,1,"{CSM}",14.2,<0> ,41.44,<0> ,26.6,<0> ,79.4,<0> ,6.9,<0> ,2.27,<0> ,2.18,<3> ,"",<-1> ,"","",7.8,<0> ,16,<0> ,"",<-1> ,
"acebbwq   ","P",01/03/2015 23:30,0,1,"{CSM}",14.2,<0> ,41.31,<0> ,26.5,<0> ,79.4,<0> ,6.9,<0> ,2.15,<0> ,2.06,<3> ,"",<-1> ,"","",7.8,<0> ,14,<0> ,"",<-1> ,
"acebbwq   ","P",01/03/2015 23:45,0,1,"{CSM}",14.2,<0> ,41.29,<0> ,26.5,<0> ,78.8,<0> ,6.9,<0> ,2.04,<0> ,1.95,<3> ,"",<-1> ,"","",7.7,<0> ,12,<0> ,"",<-1> ,
"acebbwq   ","P",01/04/2015 0:00,0,1,"{CSM}",14.2,<0> ,41.23,<0> ,26.4,<0> ,78.7,<0> ,6.9,<0> ,1.96,<0> ,1.87,<3> ,"",<-1> ,"","",7.7,<0> ,12,<0> ,"",<-1> ,
"acebbwq   ","P",01/04/2015 0:15,0,1,"{CSM}",14.2,<0> ,41.18,<0> ,26.4,<0> ,78.4,<0> ,6.8,<0> ,1.89,<0> ,1.80,<3> ,"",<-1> ,"","",7.7,<0> ,11,<0> ,"",<-1> ,
"acebbwq   ","P",01/04/2015 0:30,0,1,"{CSM}",14.2,<0> ,41.15,<0> ,26.4,<0> ,78.4,<0> ,6.8,<0> ,1.84,<0> ,1.75,<3> ,"",<-1> ,"","",7.7,<0> ,11,<0> ,"",<-1> ,
"acebbwq   ","P",01/04/2015 0:45,0,1,"{CSM}",14.2,<0> ,41.14,<0> ,26.4,<0> ,77.7,<0> ,6.8,<0> ,1.81,<0> ,1.72,<3> ,"",<-1> ,"","",7.7,<0> ,9,<0> ,"",<-1> ,
"acebbwq   ","P",01/04/2015 1:00,0,1,"{CSM}",14.2,<0> ,41.14,<0> ,26.4,<0> ,75.3,<0> ,6.6,<0> ,1.82,<0> ,1.73,<3> ,"",<-1> ,"","",7.7,<0> ,11,<0> ,"",<-1> ,
"acebbwq   ","P",01/04/2015 1:15,0,1,"{CSM}",14.2,<0> ,41.14,<0> ,26.4,<0> ,77.6,<0> ,6.8,<0> ,1.87,<0> ,1.78,<3> ,"",<-1> ,"","",7.7,<0> ,7,<0> ,"",<-1> ,
"acebbwq   ","P",01/04/2015 1:30,0,1,"{CSM}",14.0,<0> ,40.48,<0> ,25.9,<0> ,78.8,<0> ,6.9,<0> ,1.92,<0> ,1.84,<3> ,"",<-1> ,"","",7.7,<0> ,8,<0> ,"",<-1> ,
"acebbwq   ","P",01/04/2015 1:45,0,1,"{CSM}",13.9,<0> ,39.87,<0> ,25.5,<0> ,79.8,<0> ,7.0,<0> ,2.00,<0> ,1.92,<3> ,"",<-1> ,"","",7.7,<0> ,5,<0> ,"",<-1> ,
"acebbwq   ","P",01/04/2015 2:00,0,1,"{CSM}",13.9,<0> ,39.90,<0> ,25.5,<0> ,79.8,<0> ,7.0,<0> ,2.10,<0> ,2.02,<3> ,"",<-1> ,"","",7.7,<0> ,8,<0> ,"",<-1> ,
"acebbwq   ","P",01/04/2015 2:15,0,1,"{CSM}",13.9,<0> ,40.10,<0> ,25.6,<0> ,80.1,<0> ,7.1,<0> ,2.21,<0> ,2.13,<3> ,"",<-1> ,"","",7.8,<0> ,9,<0> ,"",<-1> ,
"acebbwq   ","P",01/04/2015 2:30,0,1,"{CSM}",13.9,<0> ,40.24,<0> ,25.7,<0> ,80.6,<0> ,7.1,<0> ,2.34,<0> ,2.26,<3> ,"",<-1> ,"","",7.8,<0> ,10,<0> ,"",<-1> ,
"acebbwq   ","P",01/04/2015 2:45,0,1,"{CSM}",13.8,<0> ,40.11,<0> ,25.6,<0> ,81.4,<0> ,7.2,<0> ,2.46,<0> ,2.38,<3> ,"",<-1> ,"","",7.8,<0> ,10,<0> ,"",<-1> ,
"acebbwq   ","P",01/04/2015 3:00,0,1,"{CSM}",13.8,<0> ,39.10,<0> ,24.9,<0> ,83.8,<0> ,7.4,<0> ,2.58,<0> ,2.50,<3> ,"",<-1> ,"","",7.8,<0> ,9,<0> ,"",<-1> ,
"acebbwq   ","P",01/04/2015 3:15,0,1,"{CSM}",13.7,<0> ,38.59,<0> ,24.6,<0> ,84.9,<0> ,7.6,<0> ,2.71,<0> ,2.63,<3> ,"",<-1> ,"","",7.9,<0> ,8,<0> ,"",<-1> ,
"acebbwq   ","P",01/04/2015 3:30,0,1,"{CSM}",13.7,<0> ,38.33,<0> ,24.4,<0> ,85.2,<0> ,7.6,<0> ,2.85,<0> ,2.77,<3> ,"",<-1> ,"","",7.9,<0> ,9,<0> ,"",<-1> ,
"acebbwq   ","P",01/04/2015 3:45,0,1,"{CSM}",13.7,<0> ,38.66,<0> ,24.6,<0> ,84.9,<0> ,7.6,<0> ,3.00,<0> ,2.92,<3> ,"",<-1> ,"","",7.9,<0> ,9,<0> ,"",<-1> ,
"acebbwq   ","P",01/04/2015 4:00,0,1,"{CSM}",13.7,<0> ,39.97,<0> ,25.5,<0> ,84.4,<0> ,7.5,<0> ,3.13,<0> ,3.05,<3> ,"",<-1> ,"","",7.9,<0> ,15,<0> ,"",<-1> ,
"acebbwq   ","P",01/04/2015 4:15,0,1,"{CSM}",13.7,<0> ,40.86,<0> ,26.2,<0> ,86.0,<0> ,7.6,<0> ,3.26,<0> ,3.18,<3> ,"",<-1> ,"","",7.9,<0> ,20,<0> ,"",<-1> ,
"acebbwq   ","P",01/04/2015 4:30,0,1,"{CSM}",13.6,<0> ,42.18,<0> ,27.1,<0> ,88.6,<0> ,7.8,<0> ,3.40,<0> ,3.32,<3> ,"",<-1> ,"","",8.0,<0> ,48,<0> ,"",<-1> ,
"acebbwq   ","P",01/04/2015 4:45,0,1,"{CSM}",13.6,<0> ,43.51,<0> ,28.0,<0> ,90.1,<0> ,7.9,<0> ,3.52,<0> ,3.44,<3> ,"",<-1> ,"","",8.0,<0> ,56,<0> ,"",<-1> ,
"acebbwq   ","P",01/04/2015 5:00,0,1,"{CSM}",13.6,<0> ,44.82,<0> ,29.0,<0> ,91.1,<0> ,7.9,<0> ,3.62,<0> ,3.54,<3> ,"",<-1> ,"","",8.0,<0> ,50,<0> ,"",<-1> ,
"acebbwq   ","P",01/04/2015 5:15,0,1,"{CSM}",13.6,<0> ,46.24,<0> ,30.0,<0> ,92.2,<0> ,8.0,<0> ,3.71,<0> ,3.63,<3> ,"",<-1> ,"","",8.1,<0> ,42,<0> ,"",<-1> ,
"acebbwq   ","P",01/04/2015 5:30,0,1,"{CSM}",13.6,<0> ,47.41,<0> ,30.8,<0> ,92.9,<0> ,8.0,<0> ,3.77,<0> ,3.69,<3> ,"",<-1> ,"","",8.1,<0> ,45,<0> ,"",<-1> ,
"acebbwq   ","P",01/04/2015 5:45,0,1,"{CSM}",13.6,<0> ,48.27,<0> ,31.5,<0> ,93.3,<0> ,8.0,<0> ,3.82,<0> ,3.74,<3> ,"",<-1> ,"","",8.1,<0> ,44,<0> ,"",<-1> ,
"acebbwq   ","P",01/04/2015 6:00,0,1,"{CSM}",13.6,<0> ,48.69,<0> ,31.8,<0> ,93.4,<0> ,8.0,<0> ,3.87,<0> ,3.79,<3> ,"",<-1> ,"","",8.1,<0> ,44,<0> ,"",<-1> ,
"acebbwq   ","P",01/04/2015 6:15,0,1,"{CSM}",13.6,<0> ,49.08,<0> ,32.1,<0> ,93.4,<0> ,8.0,<0> ,3.90,<0> ,3.82,<3> ,"",<-1> ,"","",8.1,<0> ,52,<0> ,"",<-1> ,
"acebbwq   ","P",01/04/2015 6:30,0,1,"{CSM}",13.6,<0> ,49.31,<0> ,32.2,<0> ,93.4,<0> ,8.0,<0> ,3.93,<0> ,3.85,<3> ,"",<-1> ,"","",8.1,<0> ,54,<0> ,"",<-1> ,
"acebbwq   ","P",01/04/2015 6:45,0,1,"{CSM}",13.6,<0> ,49.53,<0> ,32.4,<0> ,93.3,<0> ,7.9,<0> ,3.95,<0> ,3.87,<3> ,"",<-1> ,"","",8.1,<0> ,63,<0> ,"",<-1> ,
"acebbwq   ","P",01/04/2015 7:00,0,1,"{CSM}",13.6,<0> ,49.57,<0> ,32.4,<0> ,93.2,<0> ,7.9,<0> ,3.97,<0> ,3.89,<3> ,"",<-1> ,"","",8.1,<0> ,68,<0> ,"",<-1> ,
"acebbwq   ","P",01/04/2015 7:15,0,1,"{CSM}",13.6,<0> ,49.60,<0> ,32.4,<0> ,93.1,<0> ,7.9,<0> ,3.98,<0> ,3.90,<3> ,"",<-1> ,"","",8.1,<0> ,89,<0> ,"",<-1> ,
"acebbwq   ","P",01/04/2015 7:30,0,1,"{CSM}",13.6,<0> ,49.65,<0> ,32.5,<0> ,93.0,<0> ,7.9,<0> ,3.98,<0> ,3.90,<3> ,"",<-1> ,"","",8.1,<0> ,67,<0> ,"",<-1> ,
"acebbwq   ","P",01/04/2015 7:45,0,1,"{CSM}",13.6,<0> ,49.67,<0> ,32.5,<0> ,91.3,<0> ,7.8,<0> ,3.96,<0> ,3.88,<3> ,"",<-1> ,"","",8.1,<0> ,32,<0> ,"",<-1> ,
"acebbwq   ","P",01/04/2015 8:00,0,1,"{CSM}",13.6,<0> ,49.71,<0> ,32.5,<0> ,93.2,<0> ,7.9,<0> ,3.92,<0> ,3.84,<3> ,"",<-1> ,"","",8.1,<0> ,48,<0> ,"",<-1> ,
"acebbwq   ","P",01/04/2015 8:15,0,1,"{CSM}",13.6,<0> ,49.66,<0> ,32.5,<0> ,93.2,<0> ,7.9,<0> ,3.86,<0> ,3.77,<3> ,"",<-1> ,"","",8.1,<0> ,74,<0> ,"",<-1> ,
"acebbwq   ","P",01/04/2015 8:30,0,1,"{CSM}",13.7,<0> ,49.62,<0> ,32.5,<0> ,93.0,<0> ,7.9,<0> ,3.79,<0> ,3.70,<3> ,"",<-1> ,"","",8.1,<0> ,54,<0> ,"",<-1> ,
"acebbwq   ","P",01/04/2015 8:45,0,1,"{CSM}",13.8,<0> ,49.53,<0> ,32.4,<0> ,92.5,<0> ,7.8,<0> ,3.71,<0> ,3.62,<3> ,"",<-1> ,"","",8.1,<0> ,52,<0> ,"",<-1> ,
"acebbwq   ","P",01/04/2015 9:00,0,1,"{CSM}",13.9,<0> ,49.24,<0> ,32.2,<0> ,92.1,<0> ,7.8,<0> ,3.62,<0> ,3.53,<3> ,"",<-1> ,"","",8.1,<0> ,47,<0> ,"",<-1> ,
"acebbwq   ","P",01/04/2015 9:15,0,1,"{CSM}",14.0,<0> ,48.93,<0> ,32.0,<0> ,91.5,<0> ,7.7,<0> ,3.52,<0> ,3.43,<3> ,"",<-1> ,"","",8.1,<0> ,37,<0> ,"",<-1> ,
"acebbwq   ","P",01/04/2015 9:30,0,1,"{CSM}",14.2,<0> ,48.34,<0> ,31.5,<0> ,90.6,<0> ,7.7,<0> ,3.42,<0> ,3.32,<3> ,"",<-1> ,"","",8.0,<0> ,34,<0> ,"",<-1> ,
"acebbwq   ","P",01/04/2015 9:45,0,1,"{CSM}",14.2,<0> ,46.80,<0> ,30.4,<0> ,89.8,<0> ,7.6,<0> ,3.31,<0> ,3.21,<3> ,"",<-1> ,"","",8.0,<0> ,35,<0> ,"",<-1> ,
"acebbwq   ","P",01/04/2015 10:00,0,1,"{CSM}",14.3,<0> ,45.12,<0> ,29.2,<0> ,87.6,<0> ,7.5,<0> ,3.20,<0> ,3.10,<3> ,"",<-1> ,"","",8.0,<0> ,26,<0> ,"",<-1> ,
"acebbwq   ","P",01/04/2015 10:15,0,1,"{CSM}",14.5,<0> ,44.55,<0> ,28.8,<0> ,86.2,<0> ,7.4,<0> ,3.09,<0> ,3.00,<3> ,"",<-1> ,"","",7.9,<0> ,24,<0> ,"",<-1> ,
"acebbwq   ","P",01/04/2015 10:30,0,1,"{CSM}",14.7,<0> ,43.27,<0> ,27.9,<0> ,84.9,<0> ,7.3,<0> ,2.97,<0> ,2.88,<3> ,"",<-1> ,"","",7.9,<0> ,25,<0> ,"",<-1> ,
"acebbwq   ","P",01/04/2015 10:45,0,1,"{CSM}",14.8,<0> ,42.33,<0> ,27.2,<0> ,83.6,<0> ,7.2,<0> ,2.84,<0> ,2.75,<3> ,"",<-1> ,"","",7.9,<0> ,23,<0> ,"",<-1> ,
"acebbwq   ","P",01/04/2015 11:00,0,1,"{CSM}",14.9,<0> ,41.62,<0> ,26.7,<0> ,83.3,<0> ,7.1,<0> ,2.70,<0> ,2.61,<3> ,"",<-1> ,"","",7.8,<0> ,21,<0> ,"",<-1> ,
"acebbwq   ","P",01/04/2015 11:15,0,1,"{CSM}",15.1,<0> ,41.21,<0> ,26.4,<0> ,82.8,<0> ,7.1,<0> ,2.57,<0> ,2.48,<3> ,"",<-1> ,"","",7.8,<0> ,23,<0> ,"",<-1> ,
"acebbwq   ","P",01/04/2015 11:30,0,1,"{CSM}",15.2,<0> ,40.77,<0> ,26.1,<0> ,82.6,<0> ,7.1,<0> ,2.44,<0> ,2.35,<3> ,"",<-1> ,"","",7.8,<0> ,23,<0> ,"",<-1> ,
"acebbwq   ","P",01/04/2015 11:45,0,1,"{CSM}",15.3,<0> ,40.67,<0> ,26.1,<0> ,82.4,<0> ,7.0,<0> ,2.30,<0> ,2.22,<3> ,"",<-1> ,"","",7.8,<0> ,23,<0> ,"",<-1> ,
"acebbwq   ","P",01/04/2015 12:00,0,1,"{CSM}",15.5,<0> ,40.74,<0> ,26.1,<0> ,81.8,<0> ,7.0,<0> ,2.19,<0> ,2.11,<3> ,"",<-1> ,"","",7.7,<0> ,20,<0> ,"",<-1> ,
"acebbwq   ","P",01/04/2015 12:15,0,1,"{CSM}",15.5,<0> ,40.60,<0> ,26.0,<0> ,81.7,<0> ,7.0,<0> ,2.10,<0> ,2.03,<3> ,"",<-1> ,"","",7.7,<0> ,19,<0> ,"",<-1> ,
"acebbwq   ","P",01/04/2015 12:30,0,1,"{CSM}",15.4,<0> ,40.52,<0> ,26.0,<0> ,81.8,<0> ,7.0,<0> ,2.00,<0> ,1.93,<3> ,"",<-1> ,"","",7.7,<0> ,22,<0> ,"",<-1> ,
"acebbwq   ","P",01/04/2015 12:45,0,1,"{CSM}",15.4,<0> ,40.48,<0> ,25.9,<0> ,81.3,<0> ,6.9,<0> ,1.94,<0> ,1.87,<3> ,"",<-1> ,"","",7.7,<0> ,11,<0> ,"",<-1> ,
"acebbwq   ","P",01/04/2015 13:00,0,1,"{CSM}",15.4,<0> ,40.48,<0> ,25.9,<0> ,81.5,<0> ,7.0,<0> ,1.88,<0> ,1.81,<3> ,"",<-1> ,"","",7.7,<0> ,15,<0> ,"",<-1> ,
"acebbwq   ","P",01/04/2015 13:15,0,1,"{CSM}",15.4,<0> ,40.46,<0> ,25.9,<0> ,81.6,<0> ,7.0,<0> ,1.83,<0> ,1.77,<3> ,"",<-1> ,"","",7.7,<0> ,11,<0> ,"",<-1> ,
"acebbwq   ","P",01/04/2015 13:30,0,1,"{CSM}",15.5,<0> ,40.46,<0> ,25.9,<0> ,81.4,<0> ,6.9,<0> ,1.79,<0> ,1.73,<3> ,"",<-1> ,"","",7.7,<0> ,11,<0> ,"",<-1> ,
"acebbwq   ","P",01/04/2015 13:45,0,1,"{CSM}",15.5,<0> ,40.48,<0> ,25.9,<0> ,76.9,<0> ,6.6,<0> ,1.78,<0> ,1.72,<3> ,"",<-1> ,"","",7.7,<0> ,8,<0> ,"",<-1> ,
"acebbwq   ","P",01/04/2015 14:00,0,1,"{CSM}",15.5,<0> ,40.45,<0> ,25.9,<0> ,81.0,<0> ,6.9,<0> ,1.80,<0> ,1.74,<3> ,"",<-1> ,"","",7.7,<0> ,13,<0> ,"",<-1> ,
"acebbwq   ","P",01/04/2015 14:15,0,1,"{CSM}",15.5,<0> ,40.45,<0> ,25.9,<0> ,81.4,<0> ,6.9,<0> ,1.84,<0> ,1.78,<3> ,"",<-1> ,"","",7.7,<0> ,8,<0> ,"",<-1> ,
"acebbwq   ","P",01/04/2015 14:30,0,1,"{CSM}",15.4,<0> ,40.17,<0> ,25.7,<0> ,81.6,<0> ,7.0,<0> ,1.90,<0> ,1.84,<3> ,"",<-1> ,"","",7.7,<0> ,8,<0> ,"",<-1> ,
"acebbwq   ","P",01/04/2015 14:45,0,1,"{CSM}",14.9,<0> ,39.41,<0> ,25.2,<0> ,82.6,<0> ,7.2,<0> ,1.98,<0> ,1.92,<3> ,"",<-1> ,"","",7.7,<0> ,8,<0> ,"",<-1> ,
"acebbwq   ","P",01/04/2015 15:00,0,1,"{CSM}",14.9,<0> ,39.41,<0> ,25.2,<0> ,82.2,<0> ,7.1,<0> ,2.07,<0> ,2.01,<3> ,"",<-1> ,"","",7.7,<0> ,9,<0> ,"",<-1> ,
"acebbwq   ","P",01/04/2015 15:15,0,1,"{CSM}",14.9,<0> ,39.52,<0> ,25.2,<0> ,82.5,<0> ,7.1,<0> ,2.17,<0> ,2.11,<3> ,"",<-1> ,"","",7.8,<0> ,10,<0> ,"",<-1> ,
"acebbwq   ","P",01/04/2015 15:30,0,1,"{CSM}",14.9,<0> ,39.56,<0> ,25.3,<0> ,82.9,<0> ,7.2,<0> ,2.28,<0> ,2.22,<3> ,"",<-1> ,"","",7.8,<0> ,10,<0> ,"",<-1> ,
"acebbwq   ","P",01/04/2015 15:45,0,1,"{CSM}",14.8,<0> ,39.50,<0> ,25.2,<0> ,83.0,<0> ,7.2,<0> ,2.39,<0> ,2.33,<3> ,"",<-1> ,"","",7.8,<0> ,11,<0> ,"",<-1> ,
"acebbwq   ","P",01/04/2015 16:00,0,1,"{CSM}",14.6,<0> ,38.38,<0> ,24.4,<0> ,85.8,<0> ,7.5,<0> ,2.49,<0> ,2.42,<3> ,"",<-1> ,"","",7.8,<0> ,12,<0> ,"",<-1> ,
"acebbwq   ","P",01/04/2015 16:15,0,1,"{CSM}",14.6,<0> ,38.15,<0> ,24.3,<0> ,86.3,<0> ,7.6,<0> ,2.62,<0> ,2.55,<3> ,"",<-1> ,"","",7.8,<0> ,9,<0> ,"",<-1> ,
"acebbwq   ","P",01/04/2015 16:30,0,1,"{CSM}",14.6,<0> ,37.74,<0> ,24.0,<0> ,86.9,<0> ,7.6,<0> ,2.77,<0> ,2.70,<3> ,"",<-1> ,"","",7.9,<0> ,10,<0> ,"",<-1> ,
"acebbwq   ","P",01/04/2015 16:45,0,1,"{CSM}",14.6,<0> ,38.00,<0> ,24.2,<0> ,86.4,<0> ,7.6,<0> ,2.88,<0> ,2.81,<3> ,"",<-1> ,"","",7.8,<0> ,9,<0> ,"",<-1> ,
"acebbwq   ","P",01/04/2015 17:00,0,1,"{CSM}",14.6,<0> ,38.47,<0> ,24.5,<0> ,85.8,<0> ,7.5,<0> ,3.01,<0> ,2.94,<3> ,"",<-1> ,"","",7.8,<0> ,16,<0> ,"",<-1> ,
"acebbwq   ","P",01/04/2015 17:15,0,1,"{CSM}",14.5,<0> ,39.92,<0> ,25.5,<0> ,85.5,<0> ,7.5,<0> ,3.13,<0> ,3.06,<3> ,"",<-1> ,"","",7.9,<0> ,19,<0> ,"",<-1> ,
"acebbwq   ","P",01/04/2015 17:30,0,1,"{CSM}",14.3,<0> ,40.74,<0> ,26.1,<0> ,87.1,<0> ,7.6,<0> ,3.23,<0> ,3.16,<3> ,"",<-1> ,"","",7.9,<0> ,22,<0> ,"",<-1> ,
"acebbwq   ","P",01/04/2015 17:45,0,1,"{CSM}",14.3,<0> ,41.36,<0> ,26.5,<0> ,89.1,<0> ,7.8,<0> ,3.29,<0> ,3.23,<3> ,"",<-1> ,"","",8.0,<0> ,29,<0> ,"",<-1> ,
"acebbwq   ","P",01/04/2015 18:00,0,1,"{CSM}",14.3,<0> ,42.56,<0> ,27.4,<0> ,91.9,<0> ,7.9,<0> ,3.37,<0> ,3.31,<3> ,"",<-1> ,"","",8.0,<0> ,43,<0> ,"",<-1> ,
"acebbwq   ","P",01/04/2015 18:15,0,1,"{CSM}",14.3,<0> ,43.14,<0> ,27.8,<0> ,92.7,<0> ,8.0,<0> ,3.44,<0> ,3.37,<3> ,"",<-1> ,"","",8.0,<0> ,78,<0> ,"",<-1> ,
"acebbwq   ","P",01/04/2015 18:30,0,1,"{CSM}",14.3,<0> ,43.59,<0> ,28.1,<0> ,93.2,<0> ,8.0,<0> ,3.50,<0> ,3.43,<3> ,"",<-1> ,"","",8.0,<0> ,78,<0> ,"",<-1> ,
"acebbwq   ","P",01/04/2015 18:45,0,1,"{CSM}",14.3,<0> ,44.07,<0> ,28.5,<0> ,93.7,<0> ,8.0,<0> ,3.56,<0> ,3.49,<3> ,"",<-1> ,"","",8.0,<0> ,133,<0> ,"",<-1> ,
"acebbwq   ","P",01/04/2015 19:00,0,1,"{CSM}",14.3,<0> ,44.24,<0> ,28.6,<0> ,93.5,<0> ,8.0,<0> ,3.57,<0> ,3.50,<3> ,"",<-1> ,"","",8.0,<0> ,131,<0> ,"",<-1> ,
"acebbwq   ","P",01/04/2015 19:15,0,1,"{CSM}",14.3,<0> ,44.77,<0> ,29.0,<0> ,94.0,<0> ,8.1,<0> ,3.57,<0> ,3.49,<3> ,"",<-1> ,"","",8.0,<0> ,35,<0> ,"",<-1> ,
"acebbwq   ","P",01/04/2015 19:30,0,1,"{CSM}",14.3,<0> ,45.06,<0> ,29.2,<0> ,93.5,<0> ,8.0,<0> ,3.59,<0> ,3.51,<3> ,"",<-1> ,"","",8.0,<0> ,16,<0> ,"",<-1> ,
"acebbwq   ","P",01/04/2015 19:45,0,1,"{CSM}",14.3,<0> ,45.27,<0> ,29.3,<0> ,91.0,<0> ,7.8,<0> ,3.58,<0> ,3.50,<3> ,"",<-1> ,"","",8.0,<0> ,16,<0> ,"",<-1> ,
"acebbwq   ","P",01/04/2015 20:00,0,1,"{CSM}",14.3,<0> ,45.14,<0> ,29.2,<0> ,94.0,<0> ,8.0,<0> ,3.53,<0> ,3.45,<3> ,"",<-1> ,"","",8.0,<0> ,17,<0> ,"",<-1> ,
"acebbwq   ","P",01/04/2015 20:15,0,1,"{CSM}",14.4,<0> ,44.46,<0> ,28.7,<0> ,93.5,<0> ,8.0,<0> ,3.51,<0> ,3.43,<3> ,"",<-1> ,"","",8.0,<0> ,24,<0> ,"",<-1> ,
"acebbwq   ","P",01/04/2015 20:30,0,1,"{CSM}",14.4,<0> ,44.12,<0> ,28.5,<0> ,93.2,<0> ,8.0,<0> ,3.46,<0> ,3.38,<3> ,"",<-1> ,"","",8.0,<0> ,28,<0> ,"",<-1> ,
"acebbwq   ","P",01/04/2015 20:45,0,1,"{CSM}",14.4,<0> ,43.80,<0> ,28.3,<0> ,92.8,<0> ,8.0,<0> ,3.39,<0> ,3.31,<3> ,"",<-1> ,"","",8.0,<0> ,31,<0> ,"",<-1> ,
"acebbwq   ","P",01/04/2015 21:00,0,1,"{CSM}",14.4,<0> ,43.27,<0> ,27.9,<0> ,92.2,<0> ,7.9,<0> ,3.33,<0> ,3.25,<3> ,"",<-1> ,"","",8.0,<0> ,35,<0> ,"",<-1> ,
"acebbwq   ","P",01/04/2015 21:15,0,1,"{CSM}",14.4,<0> ,42.49,<0> ,27.3,<0> ,91.0,<0> ,7.9,<0> ,3.25,<0> ,3.17,<3> ,"",<-1> ,"","",8.0,<0> ,32,<0> ,"",<-1> ,
"acebbwq   ","P",01/04/2015 21:30,0,1,"{CSM}",14.5,<0> ,41.35,<0> ,26.5,<0> ,89.1,<0> ,7.7,<0> ,3.16,<0> ,3.08,<3> ,"",<-1> ,"","",7.9,<0> ,43,<0> ,"",<-1> ,
"acebbwq   ","P",01/04/2015 21:45,0,1,"{CSM}",14.5,<0> ,40.46,<0> ,25.9,<0> ,87.9,<0> ,7.6,<0> ,3.04,<0> ,2.96,<3> ,"",<-1> ,"","",7.9,<0> ,41,<0> ,"",<-1> ,
"acebbwq   ","P",01/04/2015 22:00,0,1,"{CSM}",14.7,<0> ,39.34,<0> ,25.1,<0> ,86.7,<0> ,7.5,<0> ,2.94,<0> ,2.86,<3> ,"",<-1> ,"","",7.9,<0> ,41,<0> ,"",<-1> ,
"acebbwq   ","P",01/04/2015 22:15,0,1,"{CSM}",14.8,<0> ,38.10,<0> ,24.2,<0> ,86.2,<0> ,7.5,<0> ,2.82,<0> ,2.74,<3> ,"",<-1> ,"","",7.8,<0> ,42,<0> ,"",<-1> ,
"acebbwq   ","P",01/04/2015 22:30,0,1,"{CSM}",14.9,<0> ,37.33,<0> ,23.7,<0> ,85.6,<0> ,7.5,<0> ,2.68,<0> ,2.60,<3> ,"",<-1> ,"","",7.8,<0> ,50,<0> ,"",<-1> ,
"acebbwq   ","P",01/04/2015 22:45,0,1,"{CSM}",15.1,<0> ,37.17,<0> ,23.6,<0> ,84.3,<0> ,7.3,<0> ,2.55,<0> ,2.47,<3> ,"",<-1> ,"","",7.8,<0> ,62,<0> ,"",<-1> ,
"acebbwq   ","P",01/04/2015 23:00,0,1,"{CSM}",15.3,<0> ,37.31,<0> ,23.7,<0> ,82.8,<0> ,7.2,<0> ,2.42,<0> ,2.33,<3> ,"",<-1> ,"","",7.8,<0> ,63,<0> ,"",<-1> ,
"acebbwq   ","P",01/04/2015 23:15,0,1,"{CSM}",15.4,<0> ,37.60,<0> ,23.9,<0> ,81.9,<0> ,7.1,<0> ,2.29,<0> ,2.20,<3> ,"",<-1> ,"","",7.7,<0> ,48,<0> ,"",<-1> ,
"acebbwq   ","P",01/04/2015 23:30,0,1,"{CSM}",15.5,<0> ,37.76,<0> ,24.0,<0> ,81.0,<0> ,7.0,<0> ,2.17,<0> ,2.08,<3> ,"",<-1> ,"","",7.7,<0> ,42,<0> ,"",<-1> ,
"acebbwq   ","P",01/04/2015 23:45,0,1,"{CSM}",15.6,<0> ,37.98,<0> ,24.2,<0> ,80.6,<0> ,6.9,<0> ,2.03,<0> ,1.94,<3> ,"",<-1> ,"","",7.7,<0> ,44,<0> ,"",<-1> ,
"acebbwq   ","P",01/05/2015 0:00,0,1,"{CSM}",15.7,<0> ,38.12,<0> ,24.3,<0> ,79.9,<0> ,6.9,<0> ,1.93,<0> ,1.84,<3> ,"",<-1> ,"","",7.7,<0> ,37,<0> ,"",<-1> ,
"acebbwq   ","P",01/05/2015 0:15,0,1,"{CSM}",15.7,<0> ,38.21,<0> ,24.3,<0> ,79.5,<0> ,6.8,<0> ,1.83,<0> ,1.74,<3> ,"",<-1> ,"","",7.7,<0> ,34,<0> ,"",<-1> ,
"acebbwq   ","P",01/05/2015 0:30,0,1,"{CSM}",15.8,<0> ,38.32,<0> ,24.4,<0> ,78.7,<0> ,6.7,<0> ,1.74,<0> ,1.64,<3> ,"",<-1> ,"","",7.7,<0> ,25,<0> ,"",<-1> ,
"acebbwq   ","P",01/05/2015 0:45,0,1,"{CSM}",15.8,<0> ,38.40,<0> ,24.5,<0> ,74.1,<0> ,6.3,<0> ,1.68,<0> ,1.59,<3> ,"",<-1> ,"","",7.6,<0> ,24,<0> ,"",<-1> ,
"acebbwq   ","P",01/05/2015 1:00,0,1,"{CSM}",15.8,<0> ,38.46,<0> ,24.5,<0> ,76.7,<0> ,6.6,<0> ,1.63,<0> ,1.53,<3> ,"",<-1> ,"","",7.6,<0> ,22,<0> ,"",<-1> ,
"acebbwq   ","P",01/05/2015 1:15,0,1,"{CSM}",15.8,<0> ,38.51,<0> ,24.5,<0> ,75.4,<0> ,6.4,<0> ,1.59,<0> ,1.49,<3> ,"",<-1> ,"","",7.6,<0> ,19,<0> ,"",<-1> ,
"acebbwq   ","P",01/05/2015 1:30,0,1,"{CSM}",15.8,<0> ,38.54,<0> ,24.6,<0> ,74.4,<0> ,6.4,<0> ,1.57,<0> ,1.46,<3> ,"",<-1> ,"","",7.6,<0> ,22,<0> ,"",<-1> ,
"acebbwq   ","P",01/05/2015 1:45,0,1,"{CSM}",15.8,<0> ,38.59,<0> ,24.6,<0> ,70.0,<0> ,6.0,<0> ,1.57,<0> ,1.46,<3> ,"",<-1> ,"","",7.6,<0> ,16,<0> ,"",<-1> ,
"acebbwq   ","P",01/05/2015 2:00,0,1,"{CSM}",15.8,<0> ,38.62,<0> ,24.6,<0> ,69.6,<0> ,5.9,<0> ,1.57,<0> ,1.46,<3> ,"",<-1> ,"","",7.6,<0> ,24,<0> ,"",<-1> ,
"acebbwq   ","P",01/05/2015 2:15,0,1,"{CSM}",15.8,<0> ,38.58,<0> ,24.6,<0> ,76.8,<0> ,6.6,<0> ,1.62,<0> ,1.51,<3> ,"",<-1> ,"","",7.6,<0> ,14,<0> ,"",<-1> ,
"acebbwq   ","P",01/05/2015 2:30,0,1,"{CSM}",15.7,<0> ,38.57,<0> ,24.6,<0> ,76.3,<0> ,6.5,<0> ,1.68,<0> ,1.57,<3> ,"",<-1> ,"","",7.6,<0> ,19,<0> ,"",<-1> ,
"acebbwq   ","P",01/05/2015 2:45,0,1,"{CSM}",15.4,<0> ,38.50,<0> ,24.5,<0> ,77.8,<0> ,6.7,<0> ,1.77,<0> ,1.66,<3> ,"",<-1> ,"","",7.7,<0> ,26,<0> ,"",<-1> ,
"acebbwq   ","P",01/05/2015 3:00,0,1,"{CSM}",15.2,<0> ,38.48,<0> ,24.5,<0> ,79.3,<0> ,6.9,<0> ,1.86,<0> ,1.75,<3> ,"",<-1> ,"","",7.7,<0> ,24,<0> ,"",<-1> ,
"acebbwq   ","P",01/05/2015 3:15,0,1,"{CSM}",15.1,<0> ,38.48,<0> ,24.5,<0> ,80.2,<0> ,6.9,<0> ,1.98,<0> ,1.86,<3> ,"",<-1> ,"","",7.7,<0> ,21,<0> ,"",<-1> ,
"acebbwq   ","P",01/05/2015 3:30,0,1,"{CSM}",14.6,<0> ,35.74,<0> ,22.6,<0> ,84.6,<0> ,7.5,<0> ,2.09,<0> ,1.97,<3> ,"",<-1> ,"","",7.8,<0> ,23,<0> ,"",<-1> ,
"acebbwq   ","P",01/05/2015 3:45,0,1,"{CSM}",14.4,<0> ,33.89,<0> ,21.3,<0> ,85.8,<0> ,7.7,<0> ,2.24,<0> ,2.12,<3> ,"",<-1> ,"","",7.8,<0> ,20,<0> ,"",<-1> ,
"acebbwq   ","P",01/05/2015 4:00,0,1,"{CSM}",14.3,<0> ,33.14,<0> ,20.8,<0> ,86.4,<0> ,7.8,<0> ,2.35,<0> ,2.23,<3> ,"",<-1> ,"","",7.8,<0> ,18,<0> ,"",<-1> ,
"acebbwq   ","P",01/05/2015 4:15,0,1,"{CSM}",14.3,<0> ,32.79,<0> ,20.5,<0> ,86.5,<0> ,7.8,<0> ,2.46,<0> ,2.34,<3> ,"",<-1> ,"","",7.8,<0> ,16,<0> ,"",<-1> ,
"acebbwq   ","P",01/05/2015 4:30,0,1,"{CSM}",14.3,<0> ,32.74,<0> ,20.5,<0> ,86.4,<0> ,7.8,<0> ,2.59,<0> ,2.47,<3> ,"",<-1> ,"","",7.8,<0> ,15,<0> ,"",<-1> ,
"acebbwq   ","P",01/05/2015 4:45,0,1,"{CSM}",14.3,<0> ,33.24,<0> ,20.9,<0> ,86.1,<0> ,7.8,<0> ,2.70,<0> ,2.58,<3> ,"",<-1> ,"","",7.8,<0> ,14,<0> ,"",<-1> ,
"acebbwq   ","P",01/05/2015 5:00,0,1,"{CSM}",14.5,<0> ,34.41,<0> ,21.7,<0> ,85.3,<0> ,7.6,<0> ,2.84,<0> ,2.71,<3> ,"",<-1> ,"","",7.8,<0> ,15,<0> ,"",<-1> ,
"acebbwq   ","P",01/05/2015 5:15,0,1,"{CSM}",14.7,<0> ,36.60,<0> ,23.2,<0> ,83.6,<0> ,7.4,<0> ,2.98,<0> ,2.86,<3> ,"",<-1> ,"","",7.8,<0> ,21,<0> ,"",<-1> ,
"acebbwq   ","P",01/05/2015 5:30,0,1,"{CSM}",14.7,<0> ,37.75,<0> ,24.0,<0> ,85.3,<0> ,7.5,<0> ,3.10,<0> ,2.98,<3> ,"",<-1> ,"","",7.8,<0> ,42,<0> ,"",<-1> ,
"acebbwq   ","P",01/05/2015 5:45,0,1,"{CSM}",14.5,<0> ,38.25,<0> ,24.3,<0> ,88.5,<0> ,7.8,<0> ,3.21,<0> ,3.08,<3> ,"",<-1> ,"","",7.9,<0> ,69,<0> ,"",<-1> ,
"acebbwq   ","P",01/05/2015 6:00,0,1,"{CSM}",14.4,<0> ,40.61,<0> ,26.0,<0> ,91.3,<0> ,8.0,<0> ,3.32,<0> ,3.19,<3> ,"",<-1> ,"","",8.0,<0> ,104,<0> ,"",<-1> ,
"acebbwq   ","P",01/05/2015 6:15,0,1,"{CSM}",14.3,<0> ,41.44,<0> ,26.6,<0> ,91.8,<0> ,8.0,<0> ,3.42,<0> ,3.29,<3> ,"",<-1> ,"","",8.0,<0> ,84,<0> ,"",<-1> ,
"acebbwq   ","P",01/05/2015 6:30,0,1,"{CSM}",14.3,<0> ,41.66,<0> ,26.7,<0> ,91.8,<0> ,8.0,<0> ,3.49,<0> ,3.36,<3> ,"",<-1> ,"","",8.0,<0> ,122,<0> ,"",<-1> ,
"acebbwq   ","P",01/05/2015 6:45,0,1,"{CSM}",14.2,<0> ,42.16,<0> ,27.1,<0> ,92.2,<0> ,8.0,<0> ,3.56,<0> ,3.42,<3> ,"",<-1> ,"","",8.0,<0> ,78,<0> ,"",<-1> ,
"acebbwq   ","P",01/05/2015 7:00,0,1,"{CSM}",14.1,<0> ,42.84,<0> ,27.6,<0> ,92.7,<0> ,8.0,<0> ,3.62,<0> ,3.48,<3> ,"",<-1> ,"","",8.0,<0> ,89,<0> ,"",<-1> ,
"acebbwq   ","P",01/05/2015 7:15,0,1,"{CSM}",14.1,<0> ,43.27,<0> ,27.9,<0> ,92.9,<0> ,8.1,<0> ,3.68,<0> ,3.54,<3> ,"",<-1> ,"","",8.0,<0> ,94,<0> ,"",<-1> ,
"acebbwq   ","P",01/05/2015 7:30,0,1,"{CSM}",14.0,<0> ,44.09,<0> ,28.5,<0> ,93.2,<0> ,8.1,<0> ,3.71,<0> ,3.56,<3> ,"",<-1> ,"","",8.0,<0> ,75,<0> ,"",<-1> ,
"acebbwq   ","P",01/05/2015 7:45,0,1,"{CSM}",13.9,<0> ,45.10,<0> ,29.2,<0> ,93.7,<0> ,8.1,<0> ,3.75,<0> ,3.60,<3> ,"",<-1> ,"","",8.0,<0> ,73,<0> ,"",<-1> ,
"acebbwq   ","P",01/05/2015 8:00,0,1,"{CSM}",13.9,<0> ,45.90,<0> ,29.8,<0> ,93.6,<0> ,8.0,<0> ,3.77,<0> ,3.62,<3> ,"",<-1> ,"","",8.0,<0> ,39,<0> ,"",<-1> ,
"acebbwq   ","P",01/05/2015 8:15,0,1,"{CSM}",13.9,<0> ,46.23,<0> ,30.0,<0> ,93.3,<0> ,8.0,<0> ,3.77,<0> ,3.61,<3> ,"",<-1> ,"","",8.0,<0> ,32,<0> ,"",<-1> ,
"acebbwq   ","P",01/05/2015 8:30,0,1,"{CSM}",13.9,<0> ,46.52,<0> ,30.2,<0> ,93.1,<0> ,8.0,<0> ,3.77,<0> ,3.61,<3> ,"",<-1> ,"","",8.0,<0> ,21,<0> ,"",<-1> ,
"acebbwq   ","P",01/05/2015 8:45,0,1,"{CSM}",13.9,<0> ,46.67,<0> ,30.3,<0> ,92.8,<0> ,8.0,<0> ,3.74,<0> ,3.58,<3> ,"",<-1> ,"","",8.0,<0> ,27,<0> ,"",<-1> ,
"acebbwq   ","P",01/05/2015 9:00,0,1,"{CSM}",13.8,<0> ,45.80,<0> ,29.7,<0> ,93.7,<0> ,8.1,<0> ,3.69,<0> ,3.52,<3> ,"",<-1> ,"","",8.0,<0> ,25,<0> ,"",<-1> ,
"acebbwq   ","P",01/05/2015 9:15,0,1,"{CSM}",13.8,<0> ,45.18,<0> ,29.2,<0> ,93.9,<0> ,8.1,<0> ,3.65,<0> ,3.48,<3> ,"",<-1> ,"","",8.0,<0> ,31,<0> ,"",<-1> ,
"acebbwq   ","P",01/05/2015 9:30,0,1,"{CSM}",13.9,<0> ,44.69,<0> ,28.9,<0> ,93.3,<0> ,8.1,<0> ,3.59,<0> ,3.42,<3> ,"",<-1> ,"","",8.0,<0> ,34,<0> ,"",<-1> ,
"acebbwq   ","P",01/05/2015 9:45,0,1,"{CSM}",13.9,<0> ,43.80,<0> ,28.3,<0> ,92.8,<0> ,8.1,<0> ,3.52,<0> ,3.35,<3> ,"",<-1> ,"","",8.0,<0> ,41,<0> ,"",<-1> ,
"acebbwq   ","P",01/05/2015 10:00,0,1,"{CSM}",13.9,<0> ,42.76,<0> ,27.5,<0> ,92.2,<0> ,8.0,<0> ,3.43,<0> ,3.25,<3> ,"",<-1> ,"","",8.0,<0> ,53,<0> ,"",<-1> ,
"acebbwq   ","P",01/05/2015 10:15,0,1,"{CSM}",14.0,<0> ,41.82,<0> ,26.9,<0> ,91.6,<0> ,8.0,<0> ,3.32,<0> ,3.14,<3> ,"",<-1> ,"","",8.0,<0> ,51,<0> ,"",<-1> ,
"acebbwq   ","P",01/05/2015 10:30,0,1,"{CSM}",14.0,<0> ,41.04,<0> ,26.3,<0> ,90.9,<0> ,8.0,<0> ,3.22,<0> ,3.05,<3> ,"",<-1> ,"","",8.0,<0> ,39,<0> ,"",<-1> ,
"acebbwq   ","P",01/05/2015 10:45,0,1,"{CSM}",14.1,<0> ,39.71,<0> ,25.4,<0> ,89.7,<0> ,7.9,<0> ,3.10,<0> ,2.93,<3> ,"",<-1> ,"","",7.9,<0> ,41,<0> ,"",<-1> ,
"acebbwq   ","P",01/05/2015 11:00,0,1,"{CSM}",14.1,<0> ,38.19,<0> ,24.3,<0> ,87.7,<0> ,7.8,<0> ,2.97,<0> ,2.80,<3> ,"",<-1> ,"","",7.9,<0> ,46,<0> ,"",<-1> ,
"acebbwq   ","P",01/05/2015 11:15,0,1,"{CSM}",14.1,<0> ,36.91,<0> ,23.4,<0> ,85.6,<0> ,7.6,<0> ,2.84,<0> ,2.67,<3> ,"",<-1> ,"","",7.8,<0> ,59,<0> ,"",<-1> ,
"acebbwq   ","P",01/05/2015 11:30,0,1,"{CSM}",14.2,<0> ,36.08,<0> ,22.8,<0> ,84.0,<0> ,7.5,<0> ,2.70,<0> ,2.53,<3> ,"",<-1> ,"","",7.8,<0> ,40,<0> ,"",<-1> ,
"acebbwq   ","P",01/05/2015 11:45,0,1,"{CSM}",14.2,<0> ,35.54,<0> ,22.4,<0> ,83.1,<0> ,7.4,<0> ,2.56,<0> ,2.39,<3> ,"",<-1> ,"","",7.7,<0> ,41,<0> ,"",<-1> ,
"acebbwq   ","P",01/05/2015 12:00,0,1,"{CSM}",14.3,<0> ,35.38,<0> ,22.3,<0> ,82.6,<0> ,7.4,<0> ,2.41,<0> ,2.24,<3> ,"",<-1> ,"","",7.7,<0> ,38,<0> ,"",<-1> ,
"acebbwq   ","P",01/05/2015 12:15,0,1,"{CSM}",14.3,<0> ,35.44,<0> ,22.4,<0> ,82.5,<0> ,7.4,<0> ,2.27,<0> ,2.10,<3> ,"",<-1> ,"","",7.7,<0> ,34,<0> ,"",<-1> ,
"acebbwq   ","P",01/05/2015 12:30,0,1,"{CSM}",14.4,<0> ,35.55,<0> ,22.5,<0> ,82.4,<0> ,7.3,<0> ,2.16,<0> ,1.99,<3> ,"",<-1> ,"","",7.7,<0> ,30,<0> ,"",<-1> ,
"acebbwq   ","P",01/05/2015 12:45,0,1,"{CSM}",14.5,<0> ,35.67,<0> ,22.5,<0> ,82.2,<0> ,7.3,<0> ,2.06,<0> ,1.89,<3> ,"",<-1> ,"","",7.7,<0> ,13,<0> ,"",<-1> ,
"acebbwq   ","P",01/05/2015 13:00,0,1,"{CSM}",14.6,<0> ,35.88,<0> ,22.7,<0> ,82.2,<0> ,7.3,<0> ,1.98,<0> ,1.81,<3> ,"",<-1> ,"","",7.7,<0> ,28,<0> ,"",<-1> ,
"acebbwq   ","P",01/05/2015 13:15,0,1,"{CSM}",14.6,<0> ,35.98,<0> ,22.8,<0> ,82.3,<0> ,7.3,<0> ,1.91,<0> ,1.75,<3> ,"",<-1> ,"","",7.7,<0> ,13,<0> ,"",<-1> ,
"acebbwq   ","P",01/05/2015 13:30,0,1,"{CSM}",14.7,<0> ,36.06,<0> ,22.8,<0> ,82.6,<0> ,7.3,<0> ,1.83,<0> ,1.67,<3> ,"",<-1> ,"","",7.7,<0> ,16,<0> ,"",<-1> ,
"acebbwq   ","P",01/05/2015 13:45,0,1,"{CSM}",14.8,<0> ,36.20,<0> ,22.9,<0> ,81.5,<0> ,7.2,<0> ,1.78,<0> ,1.62,<3> ,"",<-1> ,"","",7.7,<0> ,12,<0> ,"",<-1> ,
"acebbwq   ","P",01/05/2015 14:00,0,1,"{CSM}",14.8,<0> ,36.31,<0> ,23.0,<0> ,79.9,<0> ,7.0,<0> ,1.74,<0> ,1.58,<3> ,"",<-1> ,"","",7.7,<0> ,9,<0> ,"",<-1> ,
"acebbwq   ","P",01/05/2015 14:15,0,1,"{CSM}",14.8,<0> ,36.43,<0> ,23.1,<0> ,81.1,<0> ,7.1,<0> ,1.74,<0> ,1.58,<3> ,"",<-1> ,"","",7.7,<0> ,10,<0> ,"",<-1> ,
"acebbwq   ","P",01/05/2015 14:30,0,1,"{CSM}",14.9,<0> ,36.43,<0> ,23.1,<0> ,82.1,<0> ,7.2,<0> ,1.76,<0> ,1.60,<3> ,"",<-1> ,"","",7.7,<0> ,11,<0> ,"",<-1> ,
"acebbwq   ","P",01/05/2015 14:45,0,1,"{CSM}",14.9,<0> ,36.35,<0> ,23.0,<0> ,82.2,<0> ,7.2,<0> ,1.82,<0> ,1.66,<3> ,"",<-1> ,"","",7.7,<0> ,11,<0> ,"",<-1> ,
"acebbwq   ","P",01/05/2015 15:00,0,1,"{CSM}",14.8,<0> ,36.55,<0> ,23.2,<0> ,82.6,<0> ,7.3,<0> ,1.89,<0> ,1.73,<3> ,"",<-1> ,"","",7.7,<0> ,18,<0> ,"",<-1> ,
"acebbwq   ","P",01/05/2015 15:15,0,1,"{CSM}",14.8,<0> ,36.71,<0> ,23.3,<0> ,83.2,<0> ,7.3,<0> ,1.96,<0> ,1.80,<3> ,"",<-1> ,"","",7.7,<0> ,12,<0> ,"",<-1> ,
"acebbwq   ","P",01/05/2015 15:30,0,1,"{CSM}",14.8,<0> ,36.74,<0> ,23.3,<0> ,84.3,<0> ,7.4,<0> ,2.06,<0> ,1.90,<3> ,"",<-1> ,"","",7.7,<0> ,13,<0> ,"",<-1> ,
"acebbwq   ","P",01/05/2015 15:45,0,1,"{CSM}",14.7,<0> ,36.67,<0> ,23.2,<0> ,85.1,<0> ,7.5,<0> ,2.17,<0> ,2.01,<3> ,"",<-1> ,"","",7.7,<0> ,11,<0> ,"",<-1> ,
"acebbwq   ","P",01/05/2015 16:00,0,1,"{CSM}",14.7,<0> ,36.62,<0> ,23.2,<0> ,85.3,<0> ,7.5,<0> ,2.28,<0> ,2.12,<3> ,"",<-1> ,"","",7.8,<0> ,15,<0> ,"",<-1> ,
"acebbwq   ","P",01/05/2015 16:15,0,1,"{CSM}",14.6,<0> ,36.08,<0> ,22.8,<0> ,86.5,<0> ,7.7,<0> ,2.40,<0> ,2.24,<3> ,"",<-1> ,"","",7.8,<0> ,14,<0> ,"",<-1> ,
"acebbwq   ","P",01/05/2015 16:30,0,1,"{CSM}",14.6,<0> ,35.27,<0> ,22.3,<0> ,88.0,<0> ,7.8,<0> ,2.52,<0> ,2.36,<3> ,"",<-1> ,"","",7.8,<0> ,12,<0> ,"",<-1> ,
"acebbwq   ","P",01/05/2015 16:45,0,1,"{CSM}",14.5,<0> ,35.06,<0> ,22.1,<0> ,88.1,<0> ,7.8,<0> ,2.63,<0> ,2.47,<3> ,"",<-1> ,"","",7.8,<0> ,11,<0> ,"",<-1> ,
"acebbwq   ","P",01/05/2015 17:00,0,1,"{CSM}",14.5,<0> ,35.00,<0> ,22.1,<0> ,87.9,<0> ,7.8,<0> ,2.76,<0> ,2.59,<3> ,"",<-1> ,"","",7.8,<0> ,11,<0> ,"",<-1> ,
"acebbwq   ","P",01/05/2015 17:15,0,1,"{CSM}",14.5,<0> ,35.42,<0> ,22.4,<0> ,87.8,<0> ,7.8,<0> ,2.90,<0> ,2.73,<3> ,"",<-1> ,"","",7.8,<0> ,14,<0> ,"",<-1> ,
"acebbwq   ","P",01/05/2015 17:30,0,1,"{CSM}",14.4,<0> ,36.82,<0> ,23.3,<0> ,87.9,<0> ,7.8,<0> ,3.02,<0> ,2.85,<3> ,"",<-1> ,"","",7.9,<0> ,28,<0> ,"",<-1> ,
"acebbwq   ","P",01/05/2015 17:45,0,1,"{CSM}",14.3,<0> ,37.82,<0> ,24.0,<0> ,89.5,<0> ,7.9,<0> ,3.15,<0> ,2.98,<3> ,"",<-1> ,"","",7.9,<0> ,38,<0> ,"",<-1> ,
"acebbwq   ","P",01/05/2015 18:00,0,1,"{CSM}",14.2,<0> ,39.02,<0> ,24.9,<0> ,91.5,<0> ,8.0,<0> ,3.26,<0> ,3.09,<3> ,"",<-1> ,"","",8.0,<0> ,41,<0> ,"",<-1> ,
"acebbwq   ","P",01/05/2015 18:15,0,1,"{CSM}",14.2,<0> ,40.49,<0> ,25.9,<0> ,93.2,<0> ,8.1,<0> ,3.36,<0> ,3.19,<3> ,"",<-1> ,"","",8.0,<0> ,119,<0> ,"",<-1> ,
"acebbwq   ","P",01/05/2015 18:30,0,1,"{CSM}",14.2,<0> ,41.69,<0> ,26.8,<0> ,94.1,<0> ,8.2,<0> ,3.45,<0> ,3.28,<3> ,"",<-1> ,"","",8.0,<0> ,128,<0> ,"",<-1> ,
"acebbwq   ","P",01/05/2015 18:45,0,1,"{CSM}",14.2,<0> ,42.20,<0> ,27.1,<0> ,94.3,<0> ,8.2,<0> ,3.54,<0> ,3.37,<3> ,"",<-1> ,"","",8.0,<0> ,167,<0> ,"",<-1> ,
"acebbwq   ","P",01/05/2015 19:00,0,1,"{CSM}",14.1,<0> ,42.92,<0> ,27.6,<0> ,95.4,<0> ,8.3,<0> ,3.60,<0> ,3.43,<3> ,"",<-1> ,"","",8.0,<0> ,68,<0> ,"",<-1> ,
"acebbwq   ","P",01/05/2015 19:15,0,1,"{CSM}",14.1,<0> ,44.10,<0> ,28.5,<0> ,96.3,<0> ,8.3,<0> ,3.65,<0> ,3.48,<3> ,"",<-1> ,"","",8.0,<0> ,67,<0> ,"",<-1> ,
"acebbwq   ","P",01/05/2015 19:30,0,1,"{CSM}",14.0,<0> ,45.31,<0> ,29.3,<0> ,96.7,<0> ,8.3,<0> ,3.70,<0> ,3.53,<3> ,"",<-1> ,"","",8.1,<0> ,91,<0> ,"",<-1> ,
"acebbwq   ","P",01/05/2015 19:45,0,1,"{CSM}",14.0,<0> ,46.25,<0> ,30.0,<0> ,96.7,<0> ,8.3,<0> ,3.73,<0> ,3.56,<3> ,"",<-1> ,"","",8.1,<0> ,69,<0> ,"",<-1> ,
"acebbwq   ","P",01/05/2015 20:00,0,1,"{CSM}",13.9,<0> ,46.90,<0> ,30.5,<0> ,96.7,<0> ,8.3,<0> ,3.75,<0> ,3.58,<3> ,"",<-1> ,"","",8.1,<0> ,41,<0> ,"",<-1> ,
"acebbwq   ","P",01/05/2015 20:15,0,1,"{CSM}",13.9,<0> ,47.27,<0> ,30.8,<0> ,96.6,<0> ,8.3,<0> ,3.74,<0> ,3.57,<3> ,"",<-1> ,"","",8.1,<0> ,17,<0> ,"",<-1> ,
"acebbwq   ","P",01/05/2015 20:30,0,1,"{CSM}",13.9,<0> ,47.63,<0> ,31.0,<0> ,95.2,<0> ,8.1,<0> ,3.73,<0> ,3.56,<3> ,"",<-1> ,"","",8.1,<0> ,16,<0> ,"",<-1> ,
"acebbwq   ","P",01/05/2015 20:45,0,1,"{CSM}",13.9,<0> ,47.45,<0> ,30.9,<0> ,96.6,<0> ,8.2,<0> ,3.69,<0> ,3.51,<3> ,"",<-1> ,"","",8.1,<0> ,22,<0> ,"",<-1> ,
"acebbwq   ","P",01/05/2015 21:00,0,1,"{CSM}",13.9,<0> ,46.57,<0> ,30.2,<0> ,96.1,<0> ,8.2,<0> ,3.64,<0> ,3.47,<3> ,"",<-1> ,"","",8.1,<0> ,24,<0> ,"",<-1> ,
"acebbwq   ","P",01/05/2015 21:15,0,1,"{CSM}",13.9,<0> ,46.11,<0> ,29.9,<0> ,96.0,<0> ,8.2,<0> ,3.56,<0> ,3.38,<3> ,"",<-1> ,"","",8.1,<0> ,25,<0> ,"",<-1> ,
"acebbwq   ","P",01/05/2015 21:30,0,1,"{CSM}",13.9,<0> ,45.03,<0> ,29.1,<0> ,95.5,<0> ,8.2,<0> ,3.48,<0> ,3.31,<3> ,"",<-1> ,"","",8.0,<0> ,34,<0> ,"",<-1> ,
"acebbwq   ","P",01/05/2015 21:45,0,1,"{CSM}",14.0,<0> ,43.65,<0> ,28.2,<0> ,94.2,<0> ,8.2,<0> ,3.38,<0> ,3.21,<3> ,"",<-1> ,"","",8.0,<0> ,52,<0> ,"",<-1> ,
"acebbwq   ","P",01/05/2015 22:00,0,1,"{CSM}",14.0,<0> ,42.13,<0> ,27.1,<0> ,92.4,<0> ,8.1,<0> ,3.27,<0> ,3.10,<3> ,"",<-1> ,"","",8.0,<0> ,51,<0> ,"",<-1> ,
"acebbwq   ","P",01/05/2015 22:15,0,1,"{CSM}",14.0,<0> ,41.20,<0> ,26.4,<0> ,91.6,<0> ,8.0,<0> ,3.19,<0> ,3.02,<3> ,"",<-1> ,"","",8.0,<0> ,50,<0> ,"",<-1> ,
"acebbwq   ","P",01/05/2015 22:30,0,1,"{CSM}",14.0,<0> ,39.84,<0> ,25.4,<0> ,90.0,<0> ,7.9,<0> ,3.07,<0> ,2.90,<3> ,"",<-1> ,"","",7.9,<0> ,41,<0> ,"",<-1> ,
"acebbwq   ","P",01/05/2015 22:45,0,1,"{CSM}",14.0,<0> ,38.40,<0> ,24.4,<0> ,88.0,<0> ,7.8,<0> ,2.96,<0> ,2.79,<3> ,"",<-1> ,"","",7.9,<0> ,34,<0> ,"",<-1> ,
"acebbwq   ","P",01/05/2015 23:00,0,1,"{CSM}",14.0,<0> ,37.45,<0> ,23.8,<0> ,86.5,<0> ,7.7,<0> ,2.84,<0> ,2.67,<3> ,"",<-1> ,"","",7.8,<0> ,31,<0> ,"",<-1> ,
"acebbwq   ","P",01/05/2015 23:15,0,1,"{CSM}",13.8,<0> ,36.67,<0> ,23.2,<0> ,82.9,<0> ,7.4,<0> ,2.72,<0> ,2.55,<3> ,"",<-1> ,"","",7.8,<0> ,34,<0> ,"",<-1> ,
"acebbwq   ","P",01/05/2015 23:30,0,1,"{CSM}",13.9,<0> ,36.23,<0> ,22.9,<0> ,82.5,<0> ,7.4,<0> ,2.61,<0> ,2.44,<3> ,"",<-1> ,"","",7.7,<0> ,22,<0> ,"",<-1> ,
"acebbwq   ","P",01/05/2015 23:45,0,1,"{CSM}",14.0,<0> ,36.09,<0> ,22.8,<0> ,81.6,<0> ,7.3,<0> ,2.49,<0> ,2.32,<3> ,"",<-1> ,"","",7.7,<0> ,37,<0> ,"",<-1> ,
"acebbwq   ","P",01/06/2015 0:00,0,1,"{CSM}",14.1,<0> ,36.13,<0> ,22.9,<0> ,81.2,<0> ,7.3,<0> ,2.37,<0> ,2.20,<3> ,"",<-1> ,"","",7.7,<0> ,18,<0> ,"",<-1> ,
"acebbwq   ","P",01/06/2015 0:15,0,1,"{CSM}",14.1,<0> ,36.22,<0> ,22.9,<0> ,80.7,<0> ,7.2,<0> ,2.26,<0> ,2.09,<3> ,"",<-1> ,"","",7.7,<0> ,20,<0> ,"",<-1> ,
"acebbwq   ","P",01/06/2015 0:30,0,1,"{CSM}",14.0,<0> ,36.24,<0> ,22.9,<0> ,79.8,<0> ,7.1,<0> ,2.16,<0> ,1.99,<3> ,"",<-1> ,"","",7.7,<0> ,15,<0> ,"",<-1> ,
"acebbwq   ","P",01/06/2015 0:45,0,1,"{CSM}",14.0,<0> ,36.30,<0> ,23.0,<0> ,79.2,<0> ,7.1,<0> ,2.07,<0> ,1.91,<3> ,"",<-1> ,"","",7.7,<0> ,12,<0> ,"",<-1> ,
"acebbwq   ","P",01/06/2015 1:00,0,1,"{CSM}",14.0,<0> ,36.35,<0> ,23.0,<0> ,77.1,<0> ,6.9,<0> ,1.99,<0> ,1.83,<3> ,"",<-1> ,"","",7.6,<0> ,9,<0> ,"",<-1> ,
"acebbwq   ","P",01/06/2015 1:15,0,1,"{CSM}",14.0,<0> ,36.43,<0> ,23.1,<0> ,77.4,<0> ,6.9,<0> ,1.93,<0> ,1.77,<3> ,"",<-1> ,"","",7.6,<0> ,8,<0> ,"",<-1> ,
"acebbwq   ","P",01/06/2015 1:30,0,1,"{CSM}",14.0,<0> ,36.46,<0> ,23.1,<0> ,75.4,<0> ,6.7,<0> ,1.90,<0> ,1.74,<3> ,"",<-1> ,"","",7.6,<0> ,5,<0> ,"",<-1> ,
"acebbwq   ","P",01/06/2015 1:45,0,1,"{CSM}",14.0,<0> ,36.49,<0> ,23.1,<0> ,72.0,<0> ,6.4,<0> ,1.88,<0> ,1.72,<3> ,"",<-1> ,"","",7.6,<0> ,5,<0> ,"",<-1> ,
"acebbwq   ","P",01/06/2015 2:00,0,1,"{CSM}",14.0,<0> ,36.53,<0> ,23.1,<0> ,75.5,<0> ,6.7,<0> ,1.89,<0> ,1.73,<3> ,"",<-1> ,"","",7.6,<0> ,10,<0> ,"",<-1> ,
"acebbwq   ","P",01/06/2015 2:15,0,1,"{CSM}",14.0,<0> ,36.54,<0> ,23.1,<0> ,76.8,<0> ,6.9,<0> ,1.92,<0> ,1.76,<3> ,"",<-1> ,"","",7.6,<0> ,9,<0> ,"",<-1> ,
"acebbwq   ","P",01/06/2015 2:30,0,1,"{CSM}",14.0,<0> ,36.54,<0> ,23.1,<0> ,75.6,<0> ,6.8,<0> ,1.94,<0> ,1.78,<3> ,"",<-1> ,"","",7.6,<0> ,9,<0> ,"",<-1> ,
"acebbwq   ","P",01/06/2015 2:45,0,1,"{CSM}",13.9,<0> ,36.52,<0> ,23.1,<0> ,76.5,<0> ,6.8,<0> ,1.99,<0> ,1.84,<3> ,"",<-1> ,"","",7.6,<0> ,9,<0> ,"",<-1> ,
"acebbwq   ","P",01/06/2015 3:00,0,1,"{CSM}",14.0,<0> ,36.66,<0> ,23.2,<0> ,78.7,<0> ,7.0,<0> ,2.05,<0> ,1.90,<3> ,"",<-1> ,"","",7.7,<0> ,9,<0> ,"",<-1> ,
"acebbwq   ","P",01/06/2015 3:15,0,1,"{CSM}",14.0,<0> ,36.66,<0> ,23.2,<0> ,79.4,<0> ,7.1,<0> ,2.13,<0> ,1.98,<3> ,"",<-1> ,"","",7.7,<0> ,11,<0> ,"",<-1> ,
"acebbwq   ","P",01/06/2015 3:30,0,1,"{CSM}",14.0,<0> ,36.60,<0> ,23.2,<0> ,80.6,<0> ,7.2,<0> ,2.22,<0> ,2.07,<3> ,"",<-1> ,"","",7.7,<0> ,10,<0> ,"",<-1> ,
"acebbwq   ","P",01/06/2015 3:45,0,1,"{CSM}",14.1,<0> ,36.53,<0> ,23.1,<0> ,81.5,<0> ,7.3,<0> ,2.32,<0> ,2.17,<3> ,"",<-1> ,"","",7.7,<0> ,10,<0> ,"",<-1> ,
"acebbwq   ","P",01/06/2015 4:00,0,1,"{CSM}",14.0,<0> ,36.36,<0> ,23.0,<0> ,82.4,<0> ,7.4,<0> ,2.41,<0> ,2.26,<3> ,"",<-1> ,"","",7.7,<0> ,10,<0> ,"",<-1> ,
"acebbwq   ","P",01/06/2015 4:15,0,1,"{CSM}",14.0,<0> ,35.75,<0> ,22.6,<0> ,84.0,<0> ,7.5,<0> ,2.52,<0> ,2.37,<3> ,"",<-1> ,"","",7.8,<0> ,9,<0> ,"",<-1> ,
"acebbwq   ","P",01/06/2015 4:30,0,1,"{CSM}",13.9,<0> ,35.11,<0> ,22.1,<0> ,85.0,<0> ,7.7,<0> ,2.64,<0> ,2.49,<3> ,"",<-1> ,"","",7.8,<0> ,10,<0> ,"",<-1> ,
"acebbwq   ","P",01/06/2015 4:45,0,1,"{CSM}",14.0,<0> ,35.32,<0> ,22.3,<0> ,85.0,<0> ,7.6,<0> ,2.75,<0> ,2.61,<3> ,"",<-1> ,"","",7.8,<0> ,10,<0> ,"",<-1> ,
"acebbwq   ","P",01/06/2015 5:00,0,1,"{CSM}",14.0,<0> ,36.42,<0> ,23.0,<0> ,84.8,<0> ,7.6,<0> ,2.87,<0> ,2.73,<3> ,"",<-1> ,"","",7.8,<0> ,10,<0> ,"",<-1> ,
"acebbwq   ","P",01/06/2015 5:15,0,1,"{CSM}",13.9,<0> ,36.62,<0> ,23.2,<0> ,86.8,<0> ,7.8,<0> ,3.00,<0> ,2.86,<3> ,"",<-1> ,"","",7.8,<0> ,13,<0> ,"",<-1> ,
"acebbwq   ","P",01/06/2015 5:30,0,1,"{CSM}",13.9,<0> ,38.78,<0> ,24.7,<0> ,88.8,<0> ,7.9,<0> ,3.11,<0> ,2.97,<3> ,"",<-1> ,"","",7.9,<0> ,19,<0> ,"",<-1> ,
"acebbwq   ","P",01/06/2015 5:45,0,1,"{CSM}",13.9,<0> ,40.25,<0> ,25.7,<0> ,90.5,<0> ,8.0,<0> ,3.23,<0> ,3.09,<3> ,"",<-1> ,"","",7.9,<0> ,46,<0> ,"",<-1> ,
"acebbwq   ","P",01/06/2015 6:00,0,1,"{CSM}",13.9,<0> ,41.14,<0> ,26.4,<0> ,91.4,<0> ,8.0,<0> ,3.34,<0> ,3.20,<3> ,"",<-1> ,"","",8.0,<0> ,40,<0> ,"",<-1> ,
"acebbwq   ","P",01/06/2015 6:15,0,1,"{CSM}",13.8,<0> ,42.32,<0> ,27.2,<0> ,92.1,<0> ,8.1,<0> ,3.44,<0> ,3.30,<3> ,"",<-1> ,"","",8.0,<0> ,70,<0> ,"",<-1> ,
"acebbwq   ","P",01/06/2015 6:30,0,1,"{CSM}",13.7,<0> ,43.63,<0> ,28.1,<0> ,92.6,<0> ,8.1,<0> ,3.53,<0> ,3.39,<3> ,"",<-1> ,"","",8.0,<0> ,89,<0> ,"",<-1> ,
"acebbwq   ","P",01/06/2015 6:45,0,1,"{CSM}",13.7,<0> ,44.11,<0> ,28.5,<0> ,92.7,<0> ,8.1,<0> ,3.61,<0> ,3.47,<3> ,"",<-1> ,"","",8.0,<0> ,62,<0> ,"",<-1> ,
"acebbwq   ","P",01/06/2015 7:00,0,1,"{CSM}",13.6,<0> ,44.85,<0> ,29.0,<0> ,93.2,<0> ,8.1,<0> ,3.68,<0> ,3.54,<3> ,"",<-1> ,"","",8.0,<0> ,72,<0> ,"",<-1> ,
"acebbwq   ","P",01/06/2015 7:15,0,1,"{CSM}",13.5,<0> ,45.78,<0> ,29.7,<0> ,93.6,<0> ,8.1,<0> ,3.74,<0> ,3.60,<3> ,"",<-1> ,"","",8.0,<0> ,61,<0> ,"",<-1> ,
"acebbwq   ","P",01/06/2015 7:30,0,1,"{CSM}",13.5,<0> ,46.76,<0> ,30.4,<0> ,94.0,<0> ,8.1,<0> ,3.79,<0> ,3.65,<3> ,"",<-1> ,"","",8.1,<0> ,36,<0> ,"",<-1> ,
"acebbwq   ","P",01/06/2015 7:45,0,1,"{CSM}",13.4,<0> ,47.54,<0> ,30.9,<0> ,94.2,<0> ,8.1,<0> ,3.82,<0> ,3.68,<3> ,"",<-1> ,"","",8.1,<0> ,78,<0> ,"",<-1> ,
"acebbwq   ","P",01/06/2015 8:00,0,1,"{CSM}",13.4,<0> ,47.95,<0> ,31.2,<0> ,94.2,<0> ,8.1,<0> ,3.85,<0> ,3.71,<3> ,"",<-1> ,"","",8.1,<0> ,30,<0> ,"",<-1> ,
"acebbwq   ","P",01/06/2015 8:15,0,1,"{CSM}",13.4,<0> ,48.47,<0> ,31.6,<0> ,94.2,<0> ,8.1,<0> ,3.87,<0> ,3.73,<3> ,"",<-1> ,"","",8.1,<0> ,28,<0> ,"",<-1> ,
"acebbwq   ","P",01/06/2015 8:30,0,1,"{CSM}",13.4,<0> ,48.71,<0> ,31.8,<0> ,94.1,<0> ,8.1,<0> ,3.88,<0> ,3.74,<3> ,"",<-1> ,"","",8.1,<0> ,40,<0> ,"",<-1> ,
"acebbwq   ","P",01/06/2015 8:45,0,1,"{CSM}",13.3,<0> ,48.91,<0> ,31.9,<0> ,94.1,<0> ,8.1,<0> ,3.89,<0> ,3.75,<3> ,"",<-1> ,"","",8.1,<0> ,23,<0> ,"",<-1> ,
"acebbwq   ","P",01/06/2015 9:00,0,1,"{CSM}",13.3,<0> ,49.10,<0> ,32.1,<0> ,93.7,<0> ,8.0,<0> ,3.88,<0> ,3.74,<3> ,"",<-1> ,"","",8.1,<0> ,18,<0> ,"",<-1> ,
"acebbwq   ","P",01/06/2015 9:15,0,1,"{CSM}",13.3,<0> ,49.13,<0> ,32.1,<0> ,93.4,<0> ,8.0,<0> ,3.86,<0> ,3.71,<3> ,"",<-1> ,"","",8.1,<0> ,22,<0> ,"",<-1> ,
"acebbwq   ","P",01/06/2015 9:30,0,1,"{CSM}",13.3,<0> ,49.02,<0> ,32.0,<0> ,94.7,<0> ,8.1,<0> ,3.81,<0> ,3.66,<3> ,"",<-1> ,"","",8.1,<0> ,22,<0> ,"",<-1> ,
"acebbwq   ","P",01/06/2015 9:45,0,1,"{CSM}",13.3,<0> ,48.93,<0> ,31.9,<0> ,94.6,<0> ,8.1,<0> ,3.74,<0> ,3.60,<3> ,"",<-1> ,"","",8.1,<0> ,27,<0> ,"",<-1> ,
"acebbwq   ","P",01/06/2015 10:00,0,1,"{CSM}",13.4,<0> ,48.60,<0> ,31.7,<0> ,94.9,<0> ,8.1,<0> ,3.69,<0> ,3.55,<3> ,"",<-1> ,"","",8.1,<0> ,29,<0> ,"",<-1> ,
"acebbwq   ","P",01/06/2015 10:15,0,1,"{CSM}",13.4,<0> ,48.05,<0> ,31.3,<0> ,94.8,<0> ,8.2,<0> ,3.62,<0> ,3.47,<3> ,"",<-1> ,"","",8.1,<0> ,30,<0> ,"",<-1> ,
"acebbwq   ","P",01/06/2015 10:30,0,1,"{CSM}",13.4,<0> ,47.22,<0> ,30.7,<0> ,94.7,<0> ,8.2,<0> ,3.55,<0> ,3.40,<3> ,"",<-1> ,"","",8.0,<0> ,26,<0> ,"",<-1> ,
"acebbwq   ","P",01/06/2015 10:45,0,1,"{CSM}",13.5,<0> ,46.20,<0> ,30.0,<0> ,94.4,<0> ,8.2,<0> ,3.43,<0> ,3.29,<3> ,"",<-1> ,"","",8.0,<0> ,37,<0> ,"",<-1> ,
"acebbwq   ","P",01/06/2015 11:00,0,1,"{CSM}",13.5,<0> ,45.24,<0> ,29.3,<0> ,94.3,<0> ,8.2,<0> ,3.35,<0> ,3.21,<3> ,"",<-1> ,"","",8.0,<0> ,38,<0> ,"",<-1> ,
"acebbwq   ","P",01/06/2015 11:15,0,1,"{CSM}",13.5,<0> ,43.93,<0> ,28.3,<0> ,93.8,<0> ,8.2,<0> ,3.24,<0> ,3.10,<3> ,"",<-1> ,"","",8.0,<0> ,36,<0> ,"",<-1> ,
"acebbwq   ","P",01/06/2015 11:30,0,1,"{CSM}",13.5,<0> ,42.42,<0> ,27.3,<0> ,92.5,<0> ,8.1,<0> ,3.13,<0> ,3.00,<3> ,"",<-1> ,"","",8.0,<0> ,46,<0> ,"",<-1> ,
"acebbwq   ","P",01/06/2015 11:45,0,1,"{CSM}",13.6,<0> ,40.84,<0> ,26.1,<0> ,91.1,<0> ,8.1,<0> ,3.01,<0> ,2.88,<3> ,"",<-1> ,"","",7.9,<0> ,36,<0> ,"",<-1> ,
"acebbwq   ","P",01/06/2015 12:00,0,1,"{CSM}",13.6,<0> ,39.54,<0> ,25.2,<0> ,90.0,<0> ,8.0,<0> ,2.90,<0> ,2.77,<3> ,"",<-1> ,"","",7.9,<0> ,40,<0> ,"",<-1> ,
"acebbwq   ","P",01/06/2015 12:15,0,1,"{CSM}",13.7,<0> ,38.55,<0> ,24.5,<0> ,89.4,<0> ,8.0,<0> ,2.76,<0> ,2.64,<3> ,"",<-1> ,"","",7.8,<0> ,32,<0> ,"",<-1> ,
"acebbwq   ","P",01/06/2015 12:30,0,1,"{CSM}",13.8,<0> ,37.71,<0> ,23.9,<0> ,88.0,<0> ,7.9,<0> ,2.64,<0> ,2.52,<3> ,"",<-1> ,"","",7.8,<0> ,34,<0> ,"",<-1> ,
"acebbwq   ","P",01/06/2015 12:45,0,1,"{CSM}",13.8,<0> ,37.29,<0> ,23.7,<0> ,87.2,<0> ,7.8,<0> ,2.51,<0> ,2.39,<3> ,"",<-1> ,"","",7.8,<0> ,28,<0> ,"",<-1> ,
"acebbwq   ","P",01/06/2015 13:00,0,1,"{CSM}",13.9,<0> ,37.10,<0> ,23.5,<0> ,87.0,<0> ,7.8,<0> ,2.38,<0> ,2.27,<3> ,"",<-1> ,"","",7.8,<0> ,33,<0> ,"",<-1> ,
"acebbwq   ","P",01/06/2015 13:15,0,1,"{CSM}",13.9,<0> ,36.98,<0> ,23.4,<0> ,86.8,<0> ,7.8,<0> ,2.27,<0> ,2.16,<3> ,"",<-1> ,"","",7.8,<0> ,28,<0> ,"",<-1> ,
"acebbwq   ","P",01/06/2015 13:30,0,1,"{CSM}",14.0,<0> ,36.92,<0> ,23.4,<0> ,86.8,<0> ,7.7,<0> ,2.14,<0> ,2.03,<3> ,"",<-1> ,"","",7.7,<0> ,20,<0> ,"",<-1> ,
"acebbwq   ","P",01/06/2015 13:45,0,1,"{CSM}",14.0,<0> ,36.88,<0> ,23.4,<0> ,86.6,<0> ,7.7,<0> ,2.05,<0> ,1.95,<3> ,"",<-1> ,"","",7.7,<0> ,27,<0> ,"",<-1> ,
"acebbwq   ","P",01/06/2015 14:00,0,1,"{CSM}",14.1,<0> ,36.85,<0> ,23.4,<0> ,86.7,<0> ,7.7,<0> ,1.95,<0> ,1.85,<3> ,"",<-1> ,"","",7.7,<0> ,20,<0> ,"",<-1> ,
"acebbwq   ","P",01/06/2015 14:15,0,1,"{CSM}",14.1,<0> ,36.84,<0> ,23.3,<0> ,86.5,<0> ,7.7,<0> ,1.88,<0> ,1.79,<3> ,"",<-1> ,"","",7.7,<0> ,17,<0> ,"",<-1> ,
"acebbwq   ","P",01/06/2015 14:30,0,1,"{CSM}",14.1,<0> ,36.82,<0> ,23.3,<0> ,86.4,<0> ,7.7,<0> ,1.80,<0> ,1.71,<3> ,"",<-1> ,"","",7.7,<0> ,16,<0> ,"",<-1> ,
"acebbwq   ","P",01/06/2015 14:45,0,1,"{CSM}",14.1,<0> ,36.82,<0> ,23.3,<0> ,85.8,<0> ,7.6,<0> ,1.79,<0> ,1.70,<3> ,"",<-1> ,"","",7.7,<0> ,15,<0> ,"",<-1> ,
"acebbwq   ","P",01/06/2015 15:00,0,1,"{CSM}",14.1,<0> ,36.82,<0> ,23.3,<0> ,83.8,<0> ,7.5,<0> ,1.78,<0> ,1.69,<3> ,"",<-1> ,"","",7.7,<0> ,24,<0> ,"",<-1> ,
"acebbwq   ","P",01/06/2015 15:15,0,1,"{CSM}",14.1,<0> ,36.81,<0> ,23.3,<0> ,84.2,<0> ,7.5,<0> ,1.80,<0> ,1.71,<3> ,"",<-1> ,"","",7.7,<0> ,10,<0> ,"",<-1> ,
"acebbwq   ","P",01/06/2015 15:30,0,1,"{CSM}",14.1,<0> ,36.83,<0> ,23.3,<0> ,86.2,<0> ,7.7,<0> ,1.84,<0> ,1.75,<3> ,"",<-1> ,"","",7.7,<0> ,10,<0> ,"",<-1> ,
"acebbwq   ","P",01/06/2015 15:45,0,1,"{CSM}",14.1,<0> ,36.84,<0> ,23.3,<0> ,86.0,<0> ,7.7,<0> ,1.90,<0> ,1.81,<3> ,"",<-1> ,"","",7.7,<0> ,14,<0> ,"",<-1> ,
"acebbwq   ","P",01/06/2015 16:00,0,1,"{CSM}",14.1,<0> ,36.81,<0> ,23.3,<0> ,86.0,<0> ,7.7,<0> ,1.96,<0> ,1.88,<3> ,"",<-1> ,"","",7.7,<0> ,29,<0> ,"",<-1> ,
"acebbwq   ","P",01/06/2015 16:15,0,1,"{CSM}",14.1,<0> ,36.78,<0> ,23.3,<0> ,85.9,<0> ,7.7,<0> ,2.06,<0> ,1.98,<3> ,"",<-1> ,"","",7.7,<0> ,14,<0> ,"",<-1> ,
"acebbwq   ","P",01/06/2015 16:30,0,1,"{CSM}",14.0,<0> ,36.77,<0> ,23.3,<0> ,85.8,<0> ,7.7,<0> ,2.18,<0> ,2.10,<3> ,"",<-1> ,"","",7.7,<0> ,14,<0> ,"",<-1> ,
"acebbwq   ","P",01/06/2015 16:45,0,1,"{CSM}",14.0,<0> ,36.76,<0> ,23.3,<0> ,85.8,<0> ,7.7,<0> ,2.28,<0> ,2.19,<3> ,"",<-1> ,"","",7.7,<0> ,12,<0> ,"",<-1> ,
"acebbwq   ","P",01/06/2015 17:00,0,1,"{CSM}",14.0,<0> ,36.07,<0> ,22.8,<0> ,87.9,<0> ,7.9,<0> ,2.40,<0> ,2.31,<3> ,"",<-1> ,"","",7.8,<0> ,14,<0> ,"",<-1> ,
"acebbwq   ","P",01/06/2015 17:15,0,1,"{CSM}",14.0,<0> ,35.07,<0> ,22.1,<0> ,89.5,<0> ,8.1,<0> ,2.53,<0> ,2.44,<3> ,"",<-1> ,"","",7.8,<0> ,12,<0> ,"",<-1> ,
"acebbwq   ","P",01/06/2015 17:30,0,1,"{CSM}",14.0,<0> ,34.84,<0> ,22.0,<0> ,90.0,<0> ,8.1,<0> ,2.65,<0> ,2.56,<3> ,"",<-1> ,"","",7.8,<0> ,11,<0> ,"",<-1> ,
"acebbwq   ","P",01/06/2015 17:45,0,1,"{CSM}",14.0,<0> ,35.17,<0> ,22.2,<0> ,89.5,<0> ,8.0,<0> ,2.77,<0> ,2.68,<3> ,"",<-1> ,"","",7.8,<0> ,12,<0> ,"",<-1> ,
"acebbwq   ","P",01/06/2015 18:00,0,1,"{CSM}",14.0,<0> ,35.96,<0> ,22.7,<0> ,89.0,<0> ,8.0,<0> ,2.91,<0> ,2.82,<3> ,"",<-1> ,"","",7.8,<0> ,15,<0> ,"",<-1> ,
"acebbwq   ","P",01/06/2015 18:15,0,1,"{CSM}",13.9,<0> ,37.75,<0> ,24.0,<0> ,89.7,<0> ,8.0,<0> ,3.03,<0> ,2.94,<3> ,"",<-1> ,"","",7.9,<0> ,35,<0> ,"",<-1> ,
"acebbwq   ","P",01/06/2015 18:30,0,1,"{CSM}",13.9,<0> ,38.68,<0> ,24.6,<0> ,90.8,<0> ,8.1,<0> ,3.15,<0> ,3.06,<3> ,"",<-1> ,"","",7.9,<0> ,32,<0> ,"",<-1> ,
"acebbwq   ","P",01/06/2015 18:45,0,1,"{CSM}",13.8,<0> ,39.79,<0> ,25.4,<0> ,92.0,<0> ,8.1,<0> ,3.26,<0> ,3.17,<3> ,"",<-1> ,"","",8.0,<0> ,45,<0> ,"",<-1> ,
"acebbwq   ","P",01/06/2015 19:00,0,1,"{CSM}",13.8,<0> ,41.28,<0> ,26.5,<0> ,93.6,<0> ,8.2,<0> ,3.36,<0> ,3.27,<3> ,"",<-1> ,"","",8.0,<0> ,82,<0> ,"",<-1> ,
"acebbwq   ","P",01/06/2015 19:15,0,1,"{CSM}",13.8,<0> ,42.19,<0> ,27.1,<0> ,94.2,<0> ,8.2,<0> ,3.44,<0> ,3.35,<3> ,"",<-1> ,"","",8.0,<0> ,107,<0> ,"",<-1> ,
"acebbwq   ","P",01/06/2015 19:30,0,1,"{CSM}",13.8,<0> ,42.67,<0> ,27.4,<0> ,94.4,<0> ,8.3,<0> ,3.53,<0> ,3.44,<3> ,"",<-1> ,"","",8.0,<0> ,113,<0> ,"",<-1> ,
"acebbwq   ","P",01/06/2015 19:45,0,1,"{CSM}",13.7,<0> ,43.13,<0> ,27.8,<0> ,94.8,<0> ,8.3,<0> ,3.60,<0> ,3.51,<3> ,"",<-1> ,"","",8.0,<0> ,111,<0> ,"",<-1> ,
"acebbwq   ","P",01/06/2015 20:00,0,1,"{CSM}",13.7,<0> ,43.88,<0> ,28.3,<0> ,95.4,<0> ,8.3,<0> ,3.64,<0> ,3.55,<3> ,"",<-1> ,"","",8.0,<0> ,49,<0> ,"",<-1> ,
"acebbwq   ","P",01/06/2015 20:15,0,1,"{CSM}",13.7,<0> ,44.70,<0> ,28.9,<0> ,95.8,<0> ,8.3,<0> ,3.67,<0> ,3.58,<3> ,"",<-1> ,"","",8.0,<0> ,54,<0> ,"",<-1> ,
"acebbwq   ","P",01/06/2015 20:30,0,1,"{CSM}",13.6,<0> ,45.60,<0> ,29.5,<0> ,96.3,<0> ,8.3,<0> ,3.69,<0> ,3.60,<3> ,"",<-1> ,"","",8.1,<0> ,57,<0> ,"",<-1> ,
"acebbwq   ","P",01/06/2015 20:45,0,1,"{CSM}",13.6,<0> ,46.08,<0> ,29.9,<0> ,96.3,<0> ,8.3,<0> ,3.68,<0> ,3.59,<3> ,"",<-1> ,"","",8.1,<0> ,34,<0> ,"",<-1> ,
"acebbwq   ","P",01/06/2015 21:00,0,1,"{CSM}",13.6,<0> ,46.36,<0> ,30.1,<0> ,95.7,<0> ,8.3,<0> ,3.67,<0> ,3.58,<3> ,"",<-1> ,"","",8.1,<0> ,54,<0> ,"",<-1> ,
"acebbwq   ","P",01/06/2015 21:15,0,1,"{CSM}",13.6,<0> ,46.34,<0> ,30.1,<0> ,96.1,<0> ,8.3,<0> ,3.64,<0> ,3.55,<3> ,"",<-1> ,"","",8.1,<0> ,15,<0> ,"",<-1> ,
"acebbwq   ","P",01/06/2015 21:30,0,1,"{CSM}",13.5,<0> ,45.44,<0> ,29.4,<0> ,95.6,<0> ,8.3,<0> ,3.59,<0> ,3.50,<3> ,"",<-1> ,"","",8.1,<0> ,22,<0> ,"",<-1> ,
"acebbwq   ","P",01/06/2015 21:45,0,1,"{CSM}",13.5,<0> ,44.97,<0> ,29.1,<0> ,95.1,<0> ,8.3,<0> ,3.52,<0> ,3.43,<3> ,"",<-1> ,"","",8.0,<0> ,25,<0> ,"",<-1> ,
"acebbwq   ","P",01/06/2015 22:00,0,1,"{CSM}",13.6,<0> ,44.31,<0> ,28.6,<0> ,94.3,<0> ,8.2,<0> ,3.47,<0> ,3.38,<3> ,"",<-1> ,"","",8.0,<0> ,32,<0> ,"",<-1> ,
"acebbwq   ","P",01/06/2015 22:15,0,1,"{CSM}",13.6,<0> ,43.41,<0> ,28.0,<0> ,93.7,<0> ,8.2,<0> ,3.36,<0> ,3.28,<3> ,"",<-1> ,"","",8.0,<0> ,44,<0> ,"",<-1> ,
"acebbwq   ","P",01/06/2015 22:30,0,1,"{CSM}",13.6,<0> ,42.55,<0> ,27.4,<0> ,92.7,<0> ,8.1,<0> ,3.27,<0> ,3.19,<3> ,"",<-1> ,"","",8.0,<0> ,37,<0> ,"",<-1> ,
"acebbwq   ","P",01/06/2015 22:45,0,1,"{CSM}",13.6,<0> ,41.72,<0> ,26.8,<0> ,91.9,<0> ,8.1,<0> ,3.18,<0> ,3.10,<3> ,"",<-1> ,"","",8.0,<0> ,38,<0> ,"",<-1> ,
"acebbwq   ","P",01/06/2015 23:00,0,1,"{CSM}",13.5,<0> ,40.63,<0> ,26.0,<0> ,90.6,<0> ,8.0,<0> ,3.06,<0> ,2.98,<3> ,"",<-1> ,"","",8.0,<0> ,39,<0> ,"",<-1> ,
"acebbwq   ","P",01/06/2015 23:15,0,1,"{CSM}",13.5,<0> ,39.09,<0> ,24.9,<0> ,88.7,<0> ,7.9,<0> ,2.96,<0> ,2.88,<3> ,"",<-1> ,"","",7.9,<0> ,32,<0> ,"",<-1> ,
"acebbwq   ","P",01/06/2015 23:30,0,1,"{CSM}",13.4,<0> ,38.02,<0> ,24.2,<0> ,86.2,<0> ,7.8,<0> ,2.85,<0> ,2.77,<3> ,"",<-1> ,"","",7.9,<0> ,28,<0> ,"",<-1> ,
"acebbwq   ","P",01/06/2015 23:45,0,1,"{CSM}",13.2,<0> ,37.22,<0> ,23.6,<0> ,84.4,<0> ,7.6,<0> ,2.73,<0> ,2.65,<3> ,"",<-1> ,"","",7.8,<0> ,31,<0> ,"",<-1> ,
"acebbwq   ","P",01/07/2015 0:00,0,1,"{CSM}",13.3,<0> ,36.59,<0> ,23.2,<0> ,84.2,<0> ,7.6,<0> ,2.61,<0> ,2.53,<3> ,"",<-1> ,"","",7.8,<0> ,25,<0> ,"",<-1> ,
"acebbwq   ","P",01/07/2015 0:15,0,1,"{CSM}",13.3,<0> ,36.45,<0> ,23.1,<0> ,83.4,<0> ,7.6,<0> ,2.48,<0> ,2.40,<3> ,"",<-1> ,"","",7.7,<0> ,33,<0> ,"",<-1> ,
"acebbwq   ","P",01/07/2015 0:30,0,1,"{CSM}",13.3,<0> ,36.41,<0> ,23.0,<0> ,82.9,<0> ,7.5,<0> ,2.37,<0> ,2.29,<3> ,"",<-1> ,"","",7.7,<0> ,16,<0> ,"",<-1> ,
"acebbwq   ","P",01/07/2015 0:45,0,1,"{CSM}",13.2,<0> ,36.48,<0> ,23.1,<0> ,82.5,<0> ,7.5,<0> ,2.25,<0> ,2.17,<3> ,"",<-1> ,"","",7.7,<0> ,20,<0> ,"",<-1> ,
"acebbwq   ","P",01/07/2015 1:00,0,1,"{CSM}",13.2,<0> ,36.56,<0> ,23.1,<0> ,82.1,<0> ,7.5,<0> ,2.14,<0> ,2.06,<3> ,"",<-1> ,"","",7.7,<0> ,14,<0> ,"",<-1> ,
"acebbwq   ","P",01/07/2015 1:15,0,1,"{CSM}",13.2,<0> ,36.64,<0> ,23.2,<0> ,81.7,<0> ,7.4,<0> ,2.04,<0> ,1.96,<3> ,"",<-1> ,"","",7.7,<0> ,22,<0> ,"",<-1> ,
"acebbwq   ","P",01/07/2015 1:30,0,1,"{CSM}",13.2,<0> ,36.69,<0> ,23.2,<0> ,81.3,<0> ,7.4,<0> ,1.94,<0> ,1.86,<3> ,"",<-1> ,"","",7.7,<0> ,15,<0> ,"",<-1> ,
"acebbwq   ","P",01/07/2015 1:45,0,1,"{CSM}",13.1,<0> ,36.73,<0> ,23.3,<0> ,80.9,<0> ,7.4,<0> ,1.86,<0> ,1.78,<3> ,"",<-1> ,"","",7.7,<0> ,14,<0> ,"",<-1> ,
"acebbwq   ","P",01/07/2015 2:00,0,1,"{CSM}",13.1,<0> ,36.78,<0> ,23.3,<0> ,80.6,<0> ,7.3,<0> ,1.79,<0> ,1.71,<3> ,"",<-1> ,"","",7.7,<0> ,13,<0> ,"",<-1> ,
"acebbwq   ","P",01/07/2015 2:15,0,1,"{CSM}",13.1,<0> ,36.80,<0> ,23.3,<0> ,80.5,<0> ,7.3,<0> ,1.75,<0> ,1.67,<3> ,"",<-1> ,"","",7.7,<0> ,12,<0> ,"",<-1> ,
"acebbwq   ","P",01/07/2015 2:30,0,1,"{CSM}",13.1,<0> ,36.81,<0> ,23.3,<0> ,80.2,<0> ,7.3,<0> ,1.73,<0> ,1.65,<3> ,"",<-1> ,"","",7.7,<0> ,10,<0> ,"",<-1> ,
"acebbwq   ","P",01/07/2015 2:45,0,1,"{CSM}",13.1,<0> ,36.82,<0> ,23.3,<0> ,77.9,<0> ,7.1,<0> ,1.72,<0> ,1.64,<3> ,"",<-1> ,"","",7.6,<0> ,6,<0> ,"",<-1> ,
"acebbwq   ","P",01/07/2015 3:00,0,1,"{CSM}",13.0,<0> ,36.83,<0> ,23.3,<0> ,77.6,<0> ,7.1,<0> ,1.73,<0> ,1.65,<3> ,"",<-1> ,"","",7.6,<0> ,7,<0> ,"",<-1> ,
"acebbwq   ","P",01/07/2015 3:15,0,1,"{CSM}",13.0,<0> ,36.83,<0> ,23.3,<0> ,79.7,<0> ,7.3,<0> ,1.76,<0> ,1.68,<3> ,"",<-1> ,"","",7.7,<0> ,8,<0> ,"",<-1> ,
"acebbwq   ","P",01/07/2015 3:30,0,1,"{CSM}",12.9,<0> ,36.83,<0> ,23.3,<0> ,79.5,<0> ,7.3,<0> ,1.80,<0> ,1.72,<3> ,"",<-1> ,"","",7.7,<0> ,10,<0> ,"",<-1> ,
"acebbwq   ","P",01/07/2015 3:45,0,1,"{CSM}",13.1,<0> ,36.75,<0> ,23.3,<0> ,81.0,<0> ,7.4,<0> ,1.86,<0> ,1.78,<3> ,"",<-1> ,"","",7.7,<0> ,11,<0> ,"",<-1> ,
"acebbwq   ","P",01/07/2015 4:00,0,1,"{CSM}",13.2,<0> ,36.73,<0> ,23.2,<0> ,81.9,<0> ,7.4,<0> ,1.93,<0> ,1.85,<3> ,"",<-1> ,"","",7.7,<0> ,9,<0> ,"",<-1> ,
"acebbwq   ","P",01/07/2015 4:15,0,1,"{CSM}",13.2,<0> ,36.69,<0> ,23.2,<0> ,82.4,<0> ,7.5,<0> ,2.03,<0> ,1.95,<3> ,"",<-1> ,"","",7.7,<0> ,10,<0> ,"",<-1> ,
"acebbwq   ","P",01/07/2015 4:30,0,1,"{CSM}",13.3,<0> ,36.66,<0> ,23.2,<0> ,82.8,<0> ,7.5,<0> ,2.13,<0> ,2.05,<3> ,"",<-1> ,"","",7.7,<0> ,11,<0> ,"",<-1> ,
"acebbwq   ","P",01/07/2015 4:45,0,1,"{CSM}",13.2,<0> ,35.55,<0> ,22.4,<0> ,85.1,<0> ,7.8,<0> ,2.25,<0> ,2.17,<3> ,"",<-1> ,"","",7.8,<0> ,12,<0> ,"",<-1> ,
"acebbwq   ","P",01/07/2015 5:00,0,1,"{CSM}",13.2,<0> ,34.19,<0> ,21.5,<0> ,86.4,<0> ,7.9,<0> ,2.38,<0> ,2.30,<3> ,"",<-1> ,"","",7.8,<0> ,11,<0> ,"",<-1> ,
"acebbwq   ","P",01/07/2015 5:15,0,1,"{CSM}",13.2,<0> ,33.63,<0> ,21.1,<0> ,86.8,<0> ,8.0,<0> ,2.51,<0> ,2.43,<3> ,"",<-1> ,"","",7.8,<0> ,10,<0> ,"",<-1> ,
"acebbwq   ","P",01/07/2015 5:30,0,1,"{CSM}",13.1,<0> ,33.36,<0> ,20.9,<0> ,87.0,<0> ,8.0,<0> ,2.64,<0> ,2.56,<3> ,"",<-1> ,"","",7.8,<0> ,10,<0> ,"",<-1> ,
"acebbwq   ","P",01/07/2015 5:45,0,1,"{CSM}",13.3,<0> ,34.50,<0> ,21.7,<0> ,85.9,<0> ,7.9,<0> ,2.77,<0> ,2.69,<3> ,"",<-1> ,"","",7.8,<0> ,11,<0> ,"",<-1> ,
"acebbwq   ","P",01/07/2015 6:00,0,1,"{CSM}",13.4,<0> ,35.88,<0> ,22.7,<0> ,86.1,<0> ,7.8,<0> ,2.89,<0> ,2.81,<3> ,"",<-1> ,"","",7.8,<0> ,21,<0> ,"",<-1> ,
"acebbwq   ","P",01/07/2015 6:15,0,1,"{CSM}",13.4,<0> ,36.50,<0> ,23.1,<0> ,87.1,<0> ,7.9,<0> ,3.00,<0> ,2.92,<3> ,"",<-1> ,"","",7.8,<0> ,21,<0> ,"",<-1> ,
"acebbwq   ","P",01/07/2015 6:30,0,1,"{CSM}",13.4,<0> ,38.10,<0> ,24.2,<0> ,89.0,<0> ,8.0,<0> ,3.11,<0> ,3.03,<3> ,"",<-1> ,"","",7.9,<0> ,29,<0> ,"",<-1> ,
"acebbwq   ","P",01/07/2015 6:45,0,1,"{CSM}",13.4,<0> ,39.32,<0> ,25.1,<0> ,90.5,<0> ,8.1,<0> ,3.23,<0> ,3.15,<3> ,"",<-1> ,"","",8.0,<0> ,44,<0> ,"",<-1> ,
"acebbwq   ","P",01/07/2015 7:00,0,1,"{CSM}",13.4,<0> ,40.49,<0> ,25.9,<0> ,91.5,<0> ,8.1,<0> ,3.32,<0> ,3.24,<3> ,"",<-1> ,"","",8.0,<0> ,68,<0> ,"",<-1> ,
"acebbwq   ","P",01/07/2015 7:15,0,1,"{CSM}",13.3,<0> ,41.24,<0> ,26.4,<0> ,91.7,<0> ,8.2,<0> ,3.42,<0> ,3.34,<3> ,"",<-1> ,"","",8.0,<0> ,80,<0> ,"",<-1> ,
"acebbwq   ","P",01/07/2015 7:30,0,1,"{CSM}",13.2,<0> ,41.80,<0> ,26.8,<0> ,92.1,<0> ,8.2,<0> ,3.50,<0> ,3.42,<3> ,"",<-1> ,"","",8.0,<0> ,105,<0> ,"",<-1> ,
"acebbwq   ","P",01/07/2015 7:45,0,1,"{CSM}",13.2,<0> ,41.99,<0> ,27.0,<0> ,91.9,<0> ,8.2,<0> ,3.57,<0> ,3.49,<3> ,"",<-1> ,"","",8.0,<0> ,80,<0> ,"",<-1> ,
"acebbwq   ","P",01/07/2015 8:00,0,1,"{CSM}",13.1,<0> ,42.74,<0> ,27.5,<0> ,92.5,<0> ,8.2,<0> ,3.63,<0> ,3.55,<3> ,"",<-1> ,"","",8.0,<0> ,57,<0> ,"",<-1> ,
"acebbwq   ","P",01/07/2015 8:15,0,1,"{CSM}",13.0,<0> ,43.83,<0> ,28.3,<0> ,93.3,<0> ,8.2,<0> ,3.68,<0> ,3.60,<3> ,"",<-1> ,"","",8.0,<0> ,46,<0> ,"",<-1> ,
"acebbwq   ","P",01/07/2015 8:30,0,1,"{CSM}",13.0,<0> ,44.68,<0> ,28.9,<0> ,93.7,<0> ,8.3,<0> ,3.71,<0> ,3.63,<3> ,"",<-1> ,"","",8.0,<0> ,38,<0> ,"",<-1> ,
"acebbwq   ","P",01/07/2015 8:45,0,1,"{CSM}",12.9,<0> ,45.52,<0> ,29.5,<0> ,94.1,<0> ,8.3,<0> ,3.73,<0> ,3.65,<3> ,"",<-1> ,"","",8.0,<0> ,24,<0> ,"",<-1> ,
"acebbwq   ","P",01/07/2015 9:00,0,1,"{CSM}",12.9,<0> ,46.01,<0> ,29.8,<0> ,94.2,<0> ,8.3,<0> ,3.76,<0> ,3.67,<3> ,"",<-1> ,"","",8.1,<0> ,30,<0> ,"",<-1> ,
"acebbwq   ","P",01/07/2015 9:15,0,1,"{CSM}",12.9,<0> ,46.82,<0> ,30.4,<0> ,94.5,<0> ,8.3,<0> ,3.78,<0> ,3.69,<3> ,"",<-1> ,"","",8.1,<0> ,15,<0> ,"",<-1> ,
"acebbwq   ","P",01/07/2015 9:30,0,1,"{CSM}",12.9,<0> ,47.21,<0> ,30.7,<0> ,94.4,<0> ,8.2,<0> ,3.79,<0> ,3.70,<3> ,"",<-1> ,"","",8.1,<0> ,24,<0> ,"",<-1> ,
"acebbwq   ","P",01/07/2015 9:45,0,1,"{CSM}",12.9,<0> ,47.60,<0> ,31.0,<0> ,94.2,<0> ,8.2,<0> ,3.79,<0> ,3.70,<3> ,"",<-1> ,"","",8.1,<0> ,15,<0> ,"",<-1> ,
"acebbwq   ","P",01/07/2015 10:00,0,1,"{CSM}",12.9,<0> ,47.95,<0> ,31.2,<0> ,94.2,<0> ,8.2,<0> ,3.78,<0> ,3.69,<3> ,"",<-1> ,"","",8.1,<0> ,13,<0> ,"",<-1> ,
"acebbwq   ","P",01/07/2015 10:15,0,1,"{CSM}",12.9,<0> ,48.05,<0> ,31.3,<0> ,94.5,<0> ,8.2,<0> ,3.75,<0> ,3.66,<3> ,"",<-1> ,"","",8.1,<0> ,22,<0> ,"",<-1> ,
"acebbwq   ","P",01/07/2015 10:30,0,1,"{CSM}",12.9,<0> ,47.43,<0> ,30.8,<0> ,95.3,<0> ,8.3,<0> ,3.70,<0> ,3.62,<3> ,"",<-1> ,"","",8.1,<0> ,17,<0> ,"",<-1> ,
"acebbwq   ","P",01/07/2015 10:45,0,1,"{CSM}",12.9,<0> ,46.67,<0> ,30.3,<0> ,95.7,<0> ,8.4,<0> ,3.62,<0> ,3.54,<3> ,"",<-1> ,"","",8.1,<0> ,17,<0> ,"",<-1> ,
"acebbwq   ","P",01/07/2015 11:00,0,1,"{CSM}",13.0,<0> ,46.25,<0> ,30.0,<0> ,95.5,<0> ,8.4,<0> ,3.55,<0> ,3.47,<3> ,"",<-1> ,"","",8.1,<0> ,22,<0> ,"",<-1> ,
"acebbwq   ","P",01/07/2015 11:15,0,1,"{CSM}",13.0,<0> ,45.15,<0> ,29.2,<0> ,95.3,<0> ,8.4,<0> ,3.48,<0> ,3.41,<3> ,"",<-1> ,"","",8.1,<0> ,28,<0> ,"",<-1> ,
"acebbwq   ","P",01/07/2015 11:30,0,1,"{CSM}",13.1,<0> ,43.93,<0> ,28.3,<0> ,94.9,<0> ,8.4,<0> ,3.38,<0> ,3.31,<3> ,"",<-1> ,"","",8.0,<0> ,31,<0> ,"",<-1> ,
"acebbwq   ","P",01/07/2015 11:45,0,1,"{CSM}",13.1,<0> ,42.84,<0> ,27.5,<0> ,95.0,<0> ,8.4,<0> ,3.28,<0> ,3.21,<3> ,"",<-1> ,"","",8.0,<0> ,32,<0> ,"",<-1> ,

