"Search Parameters:Biogeographic Province in (Insular, Carolinian, Californian, Louisianian, Virginian, Acadian, Columbian, West Indian, Alaskan))","Year in (1990,1991,1992,1993,1994,1995,1996,1997,1998,1999,2000,2001,2002,2003,2004,2005,2006)","State in (AL,AK,AS,CA,CT,DE,DC,FL,GA,HI,LA,ME,MD,MA,MS,NH,NJ,NY,NC,OR,PA,PR,RI,SC,TX,VE,VI,VA,WA)","Latin Names in (Anoplopoma fimbria, Arius felis, Bagre marinus, Bathyraja interrupta, Brevoortia tyrannus, Citharichthys fragilis, Citharichthys sordidus, Citharichthys stigmaeus, Citharichthys xanthostigma, Cynoscion arenarius, Cynoscion regalis, Dasycottus setiger, Eopsetta exilis, Errex zachirus, Gadus macrocephalus, Glyptocephalus zachirus, Glyptocephalus zachirus, Hemilepidotus jordani, Hippoglossina stomata, Hippoglossoides elassodon, Hippoglossus stenolepis, Isopsetta isolepis, Lagodon rhomboides, Lepidogobius lepidus, Lepidopsetta bilineata, Limanda aspera, Lycodes brevipes, Lycodes diapterus, Lycodes palearis, Lyopsetta exilis, Merluccius productus, Microgadus proximus, Micropogonias undulatus, Microstomus pacificus, Morone americana, Mylocheilus caurinus, Myoxocephalus polyacanthocephalus, Paralabrax clathratus, Paralichthys californicus, Parophrys vetulus, Platichthys stellatus, Pleuronectes bilineatus, Pleuronectes isolepis, Pleuronectes quadrituberculatus, Pleuronichthys coenosus, Pleuronichthys decurrens, Pleuronichthys ritteri, Pleuronichthys verticalis, Psettichthys melanostictus, Raja inornata, Raja rhina, Reinhardtius stomias, Scorpaena guttata, Sebastes alutus, Sebastes auriculatus, Sebastes eos, Sebastes maliger, Sebastes rosenblatti, Symphurus atricauda, Symphurus atricaudus, Synodus lucioceps, Theragra chalcogramma, Zalembius rosaceus, Zaniolepis latipinnis)",,,,,,,,,,
Data Group,Sampling Year,Station Name,Sampling Collection Date,Latitude Decimal Degrees,Longitude Decimal Degrees,Latin Name,Pathology Present,Type Pathology,Pathology Location,Pathology Count,Type Trawl,Organism Length(mm),Sample Number
EMAP-West Alaskan Province,2002,AK02-0004,30-Jul-02,59.591,-151.174,Glyptocephalus zachirus,Y,Parasite,Branchial Chamber,,,,1
EMAP-West Alaskan Province,2002,AK02-0004,30-Jul-02,59.591,-151.174,Hippoglossoides elassodon,Y,Parasite,Branchial Chamber,,,,2
EMAP-West Alaskan Province,2002,AK02-0004,30-Jul-02,59.591,-151.174,Limanda aspera,Y,Parasite,Branchial Chamber,,,,3
EMAP-West Alaskan Province,2002,AK02-0004,30-Jul-02,59.591,-151.174,Myoxocephalus polyacanthocephalus,Y,Parasite,Eyes,,,,6
EMAP-West Alaskan Province,2002,AK02-0004,30-Jul-02,59.591,-151.174,Myoxocephalus polyacanthocephalus,Y,Parasite,Eyes,,,,7
EMAP-West Alaskan Province,2002,AK02-0004,30-Jul-02,59.591,-151.174,Pleuronectes quadrituberculatus,Y,Parasite,Branchial Chamber,,,,4
EMAP-West Alaskan Province,2002,AK02-0004,30-Jul-02,59.591,-151.174,Pleuronectes quadrituberculatus,Y,Parasite,Branchial Chamber,,,,5
EMAP-West Alaskan Province,2002,AK02-0005,14-Jul-02,59.211,-151.828,Lepidopsetta bilineata,Y,Ulceration,Skin/Fins,,,,1
EMAP-West Alaskan Province,2002,AK02-0007,6-Jul-02,58.347,-152.886,Hippoglossoides elassodon,Y,Parasite,Branchial Chamber,,,,1
EMAP-West Alaskan Province,2002,AK02-0008,18-Jun-02,57.983,-154.96,Hemilepidotus jordani,Y,Parasite,Skin/Fins,,,,1
EMAP-West Alaskan Province,2002,AK02-0008,18-Jun-02,57.983,-154.96,Hemilepidotus jordani,Y,Parasite,Skin/Fins,,,,2
EMAP-West Alaskan Province,2002,AK02-0008,18-Jun-02,57.983,-154.96,Hippoglossus stenolepis,Y,Parasite,Skin/Fins,,,,3
EMAP-West Alaskan Province,2002,AK02-0008,18-Jun-02,57.983,-154.96,Lepidopsetta bilineata,Y,Parasite,Skin/Fins,,,,4
EMAP-West Alaskan Province,2002,AK02-0008,18-Jun-02,57.983,-154.96,Lepidopsetta bilineata,Y,Parasite,Skin/Fins,,,,5
EMAP-West Alaskan Province,2002,AK02-0008,18-Jun-02,57.983,-154.96,Limanda aspera,Y,Parasite,Skin/Fins,,,,6
EMAP-West Alaskan Province,2002,AK02-0008,18-Jun-02,57.983,-154.96,Limanda aspera,Y,Parasite,Skin/Fins,,,,7
EMAP-West Alaskan Province,2002,AK02-0008,18-Jun-02,57.983,-154.96,Limanda aspera,Y,Parasite,Skin/Fins,,,,8
EMAP-West Alaskan Province,2002,AK02-0008,18-Jun-02,57.983,-154.96,Limanda aspera,Y,Parasite,Skin/Fins,,,,9
EMAP-West Alaskan Province,2002,AK02-0008,18-Jun-02,57.983,-154.96,Limanda aspera,Y,Parasite,Skin/Fins,,,,10
EMAP-West Alaskan Province,2002,AK02-0008,18-Jun-02,57.983,-154.96,Limanda aspera,Y,Parasite,Skin/Fins,,,,11
EMAP-West Alaskan Province,2002,AK02-0008,18-Jun-02,57.983,-154.96,Pleuronectes quadrituberculatus,Y,Parasite,Skin/Fins,,,,12
EMAP-West Alaskan Province,2002,AK02-0009,5-Jul-02,57.981,-153.07,Gadus macrocephalus,Y,Parasite,Branchial Chamber,,,,1
EMAP-West Alaskan Province,2002,AK02-0009,5-Jul-02,57.981,-153.07,Gadus macrocephalus,Y,Parasite,Branchial Chamber,,,,2
EMAP-West Alaskan Province,2002,AK02-0009,5-Jul-02,57.981,-153.07,Hippoglossoides elassodon,Y,Parasite,Branchial Chamber,,,,3
EMAP-West Alaskan Province,2002,AK02-0009,5-Jul-02,57.981,-153.07,Lepidopsetta bilineata,Y,Parasite/Ambicoloration,Branchial Chamber; Skin/Fins,,,,5
EMAP-West Alaskan Province,2002,AK02-0009,5-Jul-02,57.981,-153.07,Lepidopsetta bilineata,Y,Ambicoloration,Skin/Fins,,,,6
EMAP-West Alaskan Province,2002,AK02-0009,5-Jul-02,57.981,-153.07,Theragra chalcogramma,Y,Parasite,Branchial Chamber,,,,4
EMAP-West Alaskan Province,2002,AK02-0010,18-Jun-02,57.715,-155.568,Gadus macrocephalus,Y,Lesion/Tumor,Branchial Chamber,,,,1
EMAP-West Alaskan Province,2002,AK02-0010,18-Jun-02,57.715,-155.568,Gadus macrocephalus,Y,Parasite,Branchial Chamber,,,,2
EMAP-West Alaskan Province,2002,AK02-0010,18-Jun-02,57.715,-155.568,Gadus macrocephalus,Y,Parasite,Branchial Chamber,,,,3
EMAP-West Alaskan Province,2002,AK02-0010,18-Jun-02,57.715,-155.568,Gadus macrocephalus,Y,Parasite,Branchial Chamber,,,,4
EMAP-West Alaskan Province,2002,AK02-0010,18-Jun-02,57.715,-155.568,Gadus macrocephalus,Y,Parasite,Branchial Chamber,,,,5
EMAP-West Alaskan Province,2002,AK02-0010,18-Jun-02,57.715,-155.568,Gadus macrocephalus,Y,Parasite,Branchial Chamber,,,,6
EMAP-West Alaskan Province,2002,AK02-0010,18-Jun-02,57.715,-155.568,Gadus macrocephalus,Y,Parasite,Branchial Chamber,,,,7
EMAP-West Alaskan Province,2002,AK02-0010,18-Jun-02,57.715,-155.568,Gadus macrocephalus,Y,Parasite,Branchial Chamber,,,,8
EMAP-West Alaskan Province,2002,AK02-0010,18-Jun-02,57.715,-155.568,Hemilepidotus jordani,Y,Parasite,Branchial Chamber,,,,9
EMAP-West Alaskan Province,2002,AK02-0010,18-Jun-02,57.715,-155.568,Hemilepidotus jordani,Y,Parasite,Branchial Chamber,,,,10
EMAP-West Alaskan Province,2002,AK02-0010,18-Jun-02,57.715,-155.568,Hemilepidotus jordani,Y,Parasite,Branchial Chamber,,,,11
EMAP-West Alaskan Province,2002,AK02-0010,18-Jun-02,57.715,-155.568,Lepidopsetta bilineata,Y,Parasite,Branchial Chamber,,,,12
EMAP-West Alaskan Province,2002,AK02-0010,18-Jun-02,57.715,-155.568,Lepidopsetta bilineata,Y,Parasite,Branchial Chamber,,,,13
EMAP-West Alaskan Province,2002,AK02-0010,18-Jun-02,57.715,-155.568,Lepidopsetta bilineata,Y,Lesion/Tumor,Skin/Fins,,,,14
EMAP-West Alaskan Province,2002,AK02-0010,18-Jun-02,57.715,-155.568,Lepidopsetta bilineata,Y,Parasite,Skin/Fins,,,,15
EMAP-West Alaskan Province,2002,AK02-0020,7-Jul-02,59.108,-153.552,Glyptocephalus zachirus,Y,Parasite,Branchial Chamber,,,,1
EMAP-West Alaskan Province,2002,AK02-0020,7-Jul-02,59.108,-153.552,Limanda aspera,Y,Lesion/Tumor,Skin/Fins,,,,2
EMAP-West Alaskan Province,2002,AK02-0021,14-Jun-02,59.145,-152.331,Anoplopoma fimbria,Y,Parasite,Branchial Chamber,,,,1
EMAP-West Alaskan Province,2002,AK02-0022,9-Jul-02,59.105,-154.032,Isopsetta isolepis,Y,Lesion/Tumor,Skin/Fins,,,,1
EMAP-West Alaskan Province,2002,AK02-0022,9-Jul-02,59.105,-154.032,Isopsetta isolepis,Y,Lesion/Tumor,Skin/Fins,,,,2
EMAP-West Alaskan Province,2002,AK02-0024,15-Jun-02,58.786,-152.818,Anoplopoma fimbria,Y,Parasite,Branchial Chamber,,,,3
EMAP-West Alaskan Province,2002,AK02-0024,15-Jun-02,58.786,-152.818,Anoplopoma fimbria,Y,Parasite,Branchial Chamber,,,,4
EMAP-West Alaskan Province,2002,AK02-0024,15-Jun-02,58.786,-152.818,Anoplopoma fimbria,Y,Parasite,Branchial Chamber,,,,5
EMAP-West Alaskan Province,2002,AK02-0024,15-Jun-02,58.786,-152.818,Gadus macrocephalus,Y,Lesion/Tumor,Branchial Chamber,,,,2
EMAP-West Alaskan Province,2002,AK02-0024,15-Jun-02,58.786,-152.818,Glyptocephalus zachirus,Y,Parasite,Branchial Chamber,,,,6
EMAP-West Alaskan Province,2002,AK02-0024,15-Jun-02,58.786,-152.818,Theragra chalcogramma,Y,Parasite,Branchial Chamber,,,,7
EMAP-West Alaskan Province,2002,AK02-0026,6-Jul-02,58.505,-152.833,Dasycottus setiger,Y,Parasite,Branchial Chamber,,,,1
EMAP-West Alaskan Province,2002,AK02-0026,6-Jul-02,58.505,-152.833,Dasycottus setiger,Y,Parasite,Branchial Chamber,,,,2
EMAP-West Alaskan Province,2002,AK02-0026,6-Jul-02,58.505,-152.833,Dasycottus setiger,Y,Parasite,Branchial Chamber,,,,3
EMAP-West Alaskan Province,2002,AK02-0026,6-Jul-02,58.505,-152.833,Dasycottus setiger,Y,Parasite,Branchial Chamber,,,,4
EMAP-West Alaskan Province,2002,AK02-0026,6-Jul-02,58.505,-152.833,Dasycottus setiger,Y,Parasite,Branchial Chamber,,,,5
EMAP-West Alaskan Province,2002,AK02-0026,6-Jul-02,58.505,-152.833,Dasycottus setiger,Y,Parasite,Branchial Chamber,,,,6
EMAP-West Alaskan Province,2002,AK02-0027,19-Jun-02,58.095,-153.504,Anoplopoma fimbria,Y,Parasite,Branchial Chamber,,,,1
EMAP-West Alaskan Province,2002,AK02-0027,19-Jun-02,58.095,-153.504,Dasycottus setiger,Y,Parasite,Branchial Chamber,,,,2
EMAP-West Alaskan Province,2002,AK02-0027,19-Jun-02,58.095,-153.504,Dasycottus setiger,Y,Parasite,Branchial Chamber,,,,3
EMAP-West Alaskan Province,2002,AK02-0027,19-Jun-02,58.095,-153.504,Dasycottus setiger,Y,Parasite,Branchial Chamber,,,,4
EMAP-West Alaskan Province,2002,AK02-0027,19-Jun-02,58.095,-153.504,Dasycottus setiger,Y,Parasite,Branchial Chamber,,,,5
EMAP-West Alaskan Province,2002,AK02-0027,19-Jun-02,58.095,-153.504,Dasycottus setiger,Y,Parasite,Branchial Chamber,,,,6
EMAP-West Alaskan Province,2002,AK02-0027,19-Jun-02,58.095,-153.504,Dasycottus setiger,Y,Parasite,Branchial Chamber,,,,7
EMAP-West Alaskan Province,2002,AK02-0027,19-Jun-02,58.095,-153.504,Reinhardtius stomias,Y,Parasite,Branchial Chamber,,,,8
EMAP-West Alaskan Province,2002,AK02-0028,17-Jun-02,57.932,-154.295,Hippoglossoides elassodon,Y,Parasite,Branchial Chamber,,,,9
EMAP-West Alaskan Province,2002,AK02-0035,26-Jul-02,60.237,-148.291,Hippoglossoides elassodon,Y,Parasite,Skin/Fins,,,,10
EMAP-West Alaskan Province,2002,AK02-0051,22-Jul-02,60.583,-146.289,Glyptocephalus zachirus,Y,Lumps/Bumps,Branchial Chamber,,,,11
EMAP-West Alaskan Province,2002,AK02-0051,22-Jul-02,60.583,-146.289,Glyptocephalus zachirus,Y,Parasite,Branchial Chamber,,,,12
EMAP-West Alaskan Province,2002,AK02-0051,22-Jul-02,60.583,-146.289,Glyptocephalus zachirus,Y,Parasite,Branchial Chamber,,,,13
EMAP-West Alaskan Province,2002,AK02-0051,22-Jul-02,60.583,-146.289,Hippoglossoides elassodon,Y,Parasite,Branchial Chamber,,,,14
EMAP-West Alaskan Province,2002,AK02-0051,22-Jul-02,60.583,-146.289,Reinhardtius stomias,Y,Parasite,Eyes,,,,15
EMAP-West Alaskan Province,2002,AK02-0054,18-Jul-02,60.577,-146.666,Reinhardtius stomias,Y,Parasite,Eyes,,,,1
EMAP-West Alaskan Province,2002,AK02-0055,18-Jul-02,60.493,-147.451,Hippoglossoides elassodon,Y,Parasite,Branchial Chamber,,,,1
EMAP-West Alaskan Province,2002,AK02-0055,18-Jul-02,60.493,-147.451,Reinhardtius stomias,Y,Parasite,Eyes,,,,2
EMAP-West Alaskan Province,2002,AK02-0058,17-Jul-02,60.307,-147.654,Dasycottus setiger,Y,Parasite,Branchial Chamber,,,,1
EMAP-West Alaskan Province,2002,AK02-0058,17-Jul-02,60.307,-147.654,Dasycottus setiger,Y,Parasite,Branchial Chamber,,,,2
EMAP-West Alaskan Province,2002,AK02-0058,17-Jul-02,60.307,-147.654,Dasycottus setiger,Y,Parasite,Branchial Chamber,,,,3
EMAP-West Alaskan Province,2002,AK02-0059,17-Jul-02,60.041,-147.701,Gadus macrocephalus,Y,Parasite,Branchial Chamber,,,,1
EMAP-West Alaskan Province,2002,AK02-0059,17-Jul-02,60.041,-147.701,Gadus macrocephalus,Y,Parasite,Branchial Chamber,,,,2
EMAP-West Alaskan Province,2002,AK02-0059,17-Jul-02,60.041,-147.701,Gadus macrocephalus,Y,Parasite,Branchial Chamber,,,,3
EMAP-West Alaskan Province,2002,AK02-0059,17-Jul-02,60.041,-147.701,Glyptocephalus zachirus,Y,Parasite,Branchial Chamber,,,,4
EMAP-West Alaskan Province,2002,AK02-0059,17-Jul-02,60.041,-147.701,Sebastes alutus,Y,Parasite,Branchial Chamber,,,,5
EMAP-West Alaskan Province,2002,AK02-0062,21-Jul-02,60.302,-145.465,Glyptocephalus zachirus,Y,Parasite,Branchial Chamber,,,,1
EMAP-West Alaskan Province,2002,AK02-0062,21-Jul-02,60.302,-145.465,Glyptocephalus zachirus,Y,Parasite,Branchial Chamber,,,,2
EMAP-West Alaskan Province,2002,AK02-0062,21-Jul-02,60.302,-145.465,Glyptocephalus zachirus,Y,Parasite,Branchial Chamber,,,,3
EMAP-West Alaskan Province,2002,AK02-0062,21-Jul-02,60.302,-145.465,Glyptocephalus zachirus,Y,Parasite,Branchial Chamber,,,,4
EMAP-West Alaskan Province,2002,AK02-0062,21-Jul-02,60.302,-145.465,Glyptocephalus zachirus,Y,Parasite,Branchial Chamber,,,,5
EMAP-West Alaskan Province,2002,AK02-0062,21-Jul-02,60.302,-145.465,Glyptocephalus zachirus,Y,Parasite,Branchial Chamber,,,,6
EMAP-West Alaskan Province,2002,AK02-0062,21-Jul-02,60.302,-145.465,Glyptocephalus zachirus,Y,Parasite,Branchial Chamber,,,,7
EMAP-West Alaskan Province,2002,AK02-0062,21-Jul-02,60.302,-145.465,Glyptocephalus zachirus,Y,Parasite,Branchial Chamber,,,,8
EMAP-West Alaskan Province,2002,AK02-0062,21-Jul-02,60.302,-145.465,Platichthys stellatus,Y,Parasite,Branchial Chamber,,,,9
EMAP-West Alaskan Province,2002,AK02-0062,21-Jul-02,60.302,-145.465,Reinhardtius stomias,Y,Parasite,Eyes,,,,10
EMAP-West Alaskan Province,2002,AK02-0062,21-Jul-02,60.302,-145.465,Reinhardtius stomias,Y,Parasite,Eyes,,,,11
EMAP-West Alaskan Province,2002,AK02-0062,21-Jul-02,60.302,-145.465,Reinhardtius stomias,Y,Parasite,Eyes,,,,12
EMAP-West Alaskan Province,2002,AK02-0062,21-Jul-02,60.302,-145.465,Reinhardtius stomias,Y,Parasite,Eyes,,,,13
EMAP-West Alaskan Province,2002,AK02-0063,16-Jul-02,59.809,-149.548,Glyptocephalus zachirus,Y,Parasite,Branchial Chamber,,,,14
EMAP-West Alaskan Province,2002,AK02-0063,16-Jul-02,59.809,-149.548,Glyptocephalus zachirus,Y,Parasite,Branchial Chamber,,,,15
EMAP-West Alaskan Province,2002,AK02-0063,16-Jul-02,59.809,-149.548,Hippoglossoides elassodon,Y,Parasite,Branchial Chamber,,,,16
EMAP-West Alaskan Province,2002,AK02-0063,16-Jul-02,59.809,-149.548,Hippoglossoides elassodon,Y,Parasite,Eyes,,,,17
EMAP-West Alaskan Province,2002,AK02-0063,16-Jul-02,59.809,-149.548,Reinhardtius stomias,Y,Parasite,Eyes,,,,18
EMAP-West Alaskan Province,2002,AK02-0064,14-Jul-02,59.417,-150.474,Hippoglossoides elassodon,Y,Parasite,Branchial Chamber,,,,1
EMAP-West Alaskan Province,2002,AK02-0065,2-Jul-02,58.442,-152.348,Gadus macrocephalus,Y,Parasite,Branchial Chamber; Buccal Cavity,,,,9
EMAP-West Alaskan Province,2002,AK02-0065,2-Jul-02,58.442,-152.348,Gadus macrocephalus,Y,Parasite,Branchial Chamber; Buccal Cavity,,,,10
EMAP-West Alaskan Province,2002,AK02-0065,2-Jul-02,58.442,-152.348,Gadus macrocephalus,Y,Parasite,Branchial Chamber; Buccal Cavity; Skin/Fins,,,,11
EMAP-West Alaskan Province,2002,AK02-0065,2-Jul-02,58.442,-152.348,Gadus macrocephalus,Y,Parasite,Branchial Chamber; Buccal Cavity; Skin/Fins,,,,12
EMAP-West Alaskan Province,2002,AK02-0065,2-Jul-02,58.442,-152.348,Gadus macrocephalus,Y,Parasite,Branchial Chamber; Buccal Cavity; Skin/Fins,,,,13
EMAP-West Alaskan Province,2002,AK02-0065,2-Jul-02,58.442,-152.348,Gadus macrocephalus,Y,Parasite,Branchial Chamber; Buccal Cavity; Skin/Fins,,,,14
EMAP-West Alaskan Province,2002,AK02-0065,2-Jul-02,58.442,-152.348,Gadus macrocephalus,Y,Parasite,Branchial Chamber; Buccal Cavity; Skin/Fins,,,,15
EMAP-West Alaskan Province,2002,AK02-0065,2-Jul-02,58.442,-152.348,Gadus macrocephalus,Y,Parasite,Branchial Chamber; Skin/Fins,,,,16
EMAP-West Alaskan Province,2002,AK02-0065,2-Jul-02,58.442,-152.348,Gadus macrocephalus,Y,Parasite,Branchial Chamber; Skin/Fins,,,,17
EMAP-West Alaskan Province,2002,AK02-0065,2-Jul-02,58.442,-152.348,Gadus macrocephalus,Y,Parasite,Buccal Cavity,,,,18
EMAP-West Alaskan Province,2002,AK02-0065,2-Jul-02,58.442,-152.348,Gadus macrocephalus,Y,Parasite,Skin/Fins,,,,19
EMAP-West Alaskan Province,2002,AK02-0065,2-Jul-02,58.442,-152.348,Gadus macrocephalus,Y,Parasite,Skin/Fins,,,,20
EMAP-West Alaskan Province,2002,AK02-0065,2-Jul-02,58.442,-152.348,Gadus macrocephalus,Y,Ulceration,Skin/Fins,,,,22
EMAP-West Alaskan Province,2002,AK02-0065,2-Jul-02,58.442,-152.348,Glyptocephalus zachirus,Y,Parasite,Branchial Chamber,,,,2
EMAP-West Alaskan Province,2002,AK02-0065,2-Jul-02,58.442,-152.348,Glyptocephalus zachirus,Y,Parasite,Skin/Fins,,,,21
EMAP-West Alaskan Province,2002,AK02-0065,2-Jul-02,58.442,-152.348,Hippoglossoides elassodon,Y,Lumps/Bumps,Branchial Chamber,,,,1
EMAP-West Alaskan Province,2002,AK02-0065,2-Jul-02,58.442,-152.348,Hippoglossoides elassodon,Y,White Spots,Skin/Fins,,,,23
EMAP-West Alaskan Province,2002,AK02-0065,2-Jul-02,58.442,-152.348,Lycodes brevipes,Y,Parasite,Branchial Chamber,,,,3
EMAP-West Alaskan Province,2002,AK02-0065,2-Jul-02,58.442,-152.348,Myoxocephalus polyacanthocephalus,Y,Parasite,Branchial Chamber,,,,4
EMAP-West Alaskan Province,2002,AK02-0065,2-Jul-02,58.442,-152.348,Myoxocephalus polyacanthocephalus,Y,Parasite,Branchial Chamber,,,,5
EMAP-West Alaskan Province,2002,AK02-0065,2-Jul-02,58.442,-152.348,Myoxocephalus polyacanthocephalus,Y,Parasite,Branchial Chamber,,,,6
EMAP-West Alaskan Province,2002,AK02-0065,2-Jul-02,58.442,-152.348,Reinhardtius stomias,Y,White Spots,Skin/Fins,,,,24
EMAP-West Alaskan Province,2002,AK02-0065,2-Jul-02,58.442,-152.348,Reinhardtius stomias,Y,White Spots,Skin/Fins,,,,25
EMAP-West Alaskan Province,2002,AK02-0065,2-Jul-02,58.442,-152.348,Reinhardtius stomias,Y,White Spots,Skin/Fins,,,,26
EMAP-West Alaskan Province,2002,AK02-0065,2-Jul-02,58.442,-152.348,Reinhardtius stomias,Y,White Spots,Skin/Fins,,,,27
EMAP-West Alaskan Province,2002,AK02-0065,2-Jul-02,58.442,-152.348,Reinhardtius stomias,Y,White Spots,Skin/Fins,,,,28
EMAP-West Alaskan Province,2002,AK02-0065,2-Jul-02,58.442,-152.348,Theragra chalcogramma,Y,Parasite,Branchial Chamber,,,,7
EMAP-West Alaskan Province,2002,AK02-0065,2-Jul-02,58.442,-152.348,Theragra chalcogramma,Y,Parasite,Branchial Chamber,,,,8
EMAP-West Alaskan Province,2002,AK02-0068,29-Jun-02,57.062,-153.576,Hemilepidotus jordani,Y,Parasite,Branchial Chamber,,,,1
EMAP-West Alaskan Province,2002,AK02-0068,29-Jun-02,57.062,-153.576,Hemilepidotus jordani,Y,Parasite,Branchial Chamber,,,,2
EMAP-West Alaskan Province,2002,AK02-0068,29-Jun-02,57.062,-153.576,Hippoglossoides elassodon,Y,White Spots,Branchial Chamber; Skin/Fins,,,,8
EMAP-West Alaskan Province,2002,AK02-0068,29-Jun-02,57.062,-153.576,Hippoglossoides elassodon,Y,White Spots,Skin/Fins,,,,9
EMAP-West Alaskan Province,2002,AK02-0068,29-Jun-02,57.062,-153.576,Hippoglossoides elassodon,Y,White Spots,Skin/Fins,,,,10
EMAP-West Alaskan Province,2002,AK02-0068,29-Jun-02,57.062,-153.576,Hippoglossoides elassodon,Y,White Spots,Skin/Fins,,,,11
EMAP-West Alaskan Province,2002,AK02-0068,29-Jun-02,57.062,-153.576,Hippoglossoides elassodon,Y,White Spots,Skin/Fins,,,,12
EMAP-West Alaskan Province,2002,AK02-0068,29-Jun-02,57.062,-153.576,Hippoglossoides elassodon,Y,White Spots,Skin/Fins,,,,13
EMAP-West Alaskan Province,2002,AK02-0068,29-Jun-02,57.062,-153.576,Hippoglossoides elassodon,Y,White Spots,Skin/Fins,,,,14
EMAP-West Alaskan Province,2002,AK02-0068,29-Jun-02,57.062,-153.576,Hippoglossoides elassodon,Y,White Spots,Skin/Fins,,,,15
EMAP-West Alaskan Province,2002,AK02-0068,29-Jun-02,57.062,-153.576,Hippoglossoides elassodon,Y,White Spots,Skin/Fins,,,,16
EMAP-West Alaskan Province,2002,AK02-0068,29-Jun-02,57.062,-153.576,Lepidopsetta bilineata,Y,Parasite,Branchial Chamber,,,,3
EMAP-West Alaskan Province,2002,AK02-0068,29-Jun-02,57.062,-153.576,Myoxocephalus polyacanthocephalus,Y,Parasite,Branchial Chamber,,,,4
EMAP-West Alaskan Province,2002,AK02-0068,29-Jun-02,57.062,-153.576,Myoxocephalus polyacanthocephalus,Y,Parasite,Branchial Chamber,,,,5
EMAP-West Alaskan Province,2002,AK02-0068,29-Jun-02,57.062,-153.576,Myoxocephalus polyacanthocephalus,Y,Parasite,Branchial Chamber,,,,6
EMAP-West Alaskan Province,2002,AK02-0068,29-Jun-02,57.062,-153.576,Myoxocephalus polyacanthocephalus,Y,Parasite,Branchial Chamber,,,,7
EMAP-West Alaskan Province,2002,AK02-0070,26-Jun-02,56.424,-158.231,Dasycottus setiger,Y,Parasite,Branchial Chamber,,,,1
EMAP-West Alaskan Province,2002,AK02-0070,26-Jun-02,56.424,-158.231,Dasycottus setiger,Y,Parasite,Branchial Chamber,,,,2
EMAP-West Alaskan Province,2002,AK02-0070,26-Jun-02,56.424,-158.231,Gadus macrocephalus,Y,Parasite,Branchial Chamber; Skin/Fins,,,,5
EMAP-West Alaskan Province,2002,AK02-0070,26-Jun-02,56.424,-158.231,Hippoglossoides elassodon,Y,Parasite/White Spots,Branchial Chamber; Skin/Fins,,,,6
EMAP-West Alaskan Province,2002,AK02-0070,26-Jun-02,56.424,-158.231,Hippoglossoides elassodon,Y,Parasite/White Spots,Branchial Chamber; Skin/Fins,,,,7
EMAP-West Alaskan Province,2002,AK02-0070,26-Jun-02,56.424,-158.231,Hippoglossoides elassodon,Y,White Spots,Branchial Chamber; Skin/Fins,,,,8
EMAP-West Alaskan Province,2002,AK02-0070,26-Jun-02,56.424,-158.231,Hippoglossoides elassodon,Y,White Spots,Branchial Chamber; Skin/Fins,,,,9
EMAP-West Alaskan Province,2002,AK02-0070,26-Jun-02,56.424,-158.231,Hippoglossoides elassodon,Y,White Spots,Branchial Chamber; Skin/Fins,,,,10
EMAP-West Alaskan Province,2002,AK02-0070,26-Jun-02,56.424,-158.231,Hippoglossoides elassodon,Y,White Spots,Skin/Fins,,,,13
EMAP-West Alaskan Province,2002,AK02-0070,26-Jun-02,56.424,-158.231,Hippoglossoides elassodon,Y,White Spots,Skin/Fins,,,,14
EMAP-West Alaskan Province,2002,AK02-0070,26-Jun-02,56.424,-158.231,Hippoglossoides elassodon,Y,White Spots,Skin/Fins,,,,15
EMAP-West Alaskan Province,2002,AK02-0070,26-Jun-02,56.424,-158.231,Hippoglossoides elassodon,Y,White Spots,Skin/Fins,,,,16
EMAP-West Alaskan Province,2002,AK02-0070,26-Jun-02,56.424,-158.231,Hippoglossoides elassodon,Y,White Spots,Skin/Fins,,,,17
EMAP-West Alaskan Province,2002,AK02-0070,26-Jun-02,56.424,-158.231,Hippoglossoides elassodon,Y,White Spots,Skin/Fins,,,,18
EMAP-West Alaskan Province,2002,AK02-0070,26-Jun-02,56.424,-158.231,Hippoglossoides elassodon,Y,White Spots,Skin/Fins,,,,19
EMAP-West Alaskan Province,2002,AK02-0070,26-Jun-02,56.424,-158.231,Hippoglossoides elassodon,Y,White Spots,Skin/Fins,,,,20
EMAP-West Alaskan Province,2002,AK02-0070,26-Jun-02,56.424,-158.231,Hippoglossoides elassodon,Y,White Spots,Skin/Fins,,,,21
EMAP-West Alaskan Province,2002,AK02-0070,26-Jun-02,56.424,-158.231,Hippoglossoides elassodon,Y,White Spots,Skin/Fins,,,,22
EMAP-West Alaskan Province,2002,AK02-0070,26-Jun-02,56.424,-158.231,Hippoglossoides elassodon,Y,White Spots,Skin/Fins,,,,23
EMAP-West Alaskan Province,2002,AK02-0070,26-Jun-02,56.424,-158.231,Hippoglossoides elassodon,Y,White Spots,Skin/Fins,,,,24
EMAP-West Alaskan Province,2002,AK02-0070,26-Jun-02,56.424,-158.231,Hippoglossoides elassodon,Y,White Spots,Skin/Fins,,,,25
EMAP-West Alaskan Province,2002,AK02-0070,26-Jun-02,56.424,-158.231,Hippoglossus stenolepis,Y,Parasite,Skin/Fins,,,,11
EMAP-West Alaskan Province,2002,AK02-0070,26-Jun-02,56.424,-158.231,Theragra chalcogramma,Y,Parasite,Branchial Chamber,,,,3
EMAP-West Alaskan Province,2002,AK02-0070,26-Jun-02,56.424,-158.231,Theragra chalcogramma,Y,Parasite,Branchial Chamber,,,,4
EMAP-West Alaskan Province,2002,AK02-0070,26-Jun-02,56.424,-158.231,Theragra chalcogramma,Y,Parasite,Skin/Fins,,,,12
EMAP-West Alaskan Province,2002,AK02-0071,25-Jun-02,55.997,-158.598,Hippoglossoides elassodon,Y,Parasite,Branchial Chamber,,,,1
EMAP-West Alaskan Province,2002,AK02-0071,25-Jun-02,55.997,-158.598,Hippoglossus stenolepis,Y,Parasite,Skin/Fins,,,,2
EMAP-West Alaskan Province,2002,AK02-0071,25-Jun-02,55.997,-158.598,Theragra chalcogramma,Y,Parasite,Skin/Fins,,,,3
EMAP-West Alaskan Province,2002,AK02-0072,24-Jun-02,55.54,-161.575,Hippoglossoides elassodon,Y,Lumps/Bumps,Skin/Fins,,,,2
EMAP-West Alaskan Province,2002,AK02-0072,24-Jun-02,55.54,-161.575,Limanda aspera,Y,Parasite,Skin/Fins,,,,3
EMAP-West Alaskan Province,2002,AK02-0072,24-Jun-02,55.54,-161.575,Limanda aspera,Y,Parasite,Skin/Fins,,,,4
EMAP-West Alaskan Province,2002,AK02-0072,24-Jun-02,55.54,-161.575,Myoxocephalus polyacanthocephalus,Y,Parasite,Branchial Chamber,,,,1
EMAP-West Alaskan Province,2002,AK02-0073,24-Jun-02,55.376,-160.624,Gadus macrocephalus,Y,Parasite,Branchial Chamber,,,,1
EMAP-West Alaskan Province,2002,AK02-0073,24-Jun-02,55.376,-160.624,Gadus macrocephalus,Y,Parasite,Branchial Chamber,,,,2
EMAP-West Alaskan Province,2002,AK02-0073,24-Jun-02,55.376,-160.624,Gadus macrocephalus,Y,Parasite,Branchial Chamber,,,,3
EMAP-West Alaskan Province,2002,AK02-0073,24-Jun-02,55.376,-160.624,Hemilepidotus jordani,Y,Parasite,Skin/Fins,,,,7
EMAP-West Alaskan Province,2002,AK02-0073,24-Jun-02,55.376,-160.624,Hippoglossoides elassodon,Y,Parasite,Skin/Fins,,,,8
EMAP-West Alaskan Province,2002,AK02-0073,24-Jun-02,55.376,-160.624,Isopsetta isolepis,Y,Parasite,Skin/Fins,,,,9
EMAP-West Alaskan Province,2002,AK02-0073,24-Jun-02,55.376,-160.624,Lepidopsetta bilineata,Y,Parasite,Skin/Fins,,,,10
EMAP-West Alaskan Province,2002,AK02-0073,24-Jun-02,55.376,-160.624,Lepidopsetta bilineata,Y,Parasite,Skin/Fins,,,,11
EMAP-West Alaskan Province,2002,AK02-0073,24-Jun-02,55.376,-160.624,Limanda aspera,Y,Parasite,Branchial Chamber,,,,4
EMAP-West Alaskan Province,2002,AK02-0073,24-Jun-02,55.376,-160.624,Limanda aspera,Y,Parasite,Branchial Chamber; Skin/Fins,,,,5
EMAP-West Alaskan Province,2002,AK02-0073,24-Jun-02,55.376,-160.624,Limanda aspera,Y,Parasite,Skin/Fins,,,,12
EMAP-West Alaskan Province,2002,AK02-0073,24-Jun-02,55.376,-160.624,Limanda aspera,Y,Parasite,Skin/Fins,,,,13
EMAP-West Alaskan Province,2002,AK02-0073,24-Jun-02,55.376,-160.624,Limanda aspera,Y,Parasite,Skin/Fins,,,,14
EMAP-West Alaskan Province,2002,AK02-0073,24-Jun-02,55.376,-160.624,Limanda aspera,Y,Parasite,Skin/Fins,,,,15
EMAP-West Alaskan Province,2002,AK02-0073,24-Jun-02,55.376,-160.624,Limanda aspera,Y,Parasite,Skin/Fins,,,,16
EMAP-West Alaskan Province,2002,AK02-0073,24-Jun-02,55.376,-160.624,Myoxocephalus polyacanthocephalus,Y,Parasite,Branchial Chamber; Skin/Fins,,,,6
EMAP-West Alaskan Province,2002,AK02-0073,24-Jun-02,55.376,-160.624,Myoxocephalus polyacanthocephalus,Y,Parasite,Skin/Fins,,,,17
EMAP-West Alaskan Province,2002,AK02-0074,23-Jun-02,55.076,-163.14,Lepidopsetta bilineata,Y,Parasite,Branchial Chamber,,,,1
EMAP-West Alaskan Province,2002,AK02-0074,23-Jun-02,55.076,-163.14,Lepidopsetta bilineata,Y,Parasite/Lumps/Bumps,Skin/Fins,,,,2
EMAP-West Alaskan Province,2002,AK02-0074,23-Jun-02,55.076,-163.14,Lepidopsetta bilineata,Y,Parasite/Lumps/Bumps,Skin/Fins,,,,3
EMAP-West Alaskan Province,2002,AK02-0075,22-Jun-02,55.15,-160.434,Gadus macrocephalus,Y,Lesion/Tumor,Branchial Chamber,,,,1
EMAP-West Coast,2003,CA03-0001,8-Oct-03,33.362,-118.307,Citharichthys sordidus,Y,Parasite,Eyes,,,90,1
EMAP-West Coast,2003,CA03-0001,8-Oct-03,33.362,-118.307,Citharichthys sordidus,Y,Parasite,Eyes,,,140,2
EMAP-West Coast,2003,CA03-4001,22-Jul-03,32.551,-117.199,Pleuronichthys verticalis,Y,Parasite,Not recorded,,,150,1
EMAP-West Coast,2003,CA03-4005,25-Jul-03,32.663,-117.341,Citharichthys sordidus,Y,Parasite,Eyes,,,130,1
EMAP-West Coast,2003,CA03-4027,27-Aug-03,33.621,-118.195,Symphurus atricaudus,Y,Ambicoloration,Skin / Fins,,,150,1
EMAP-West Coast,2003,CA03-4028,7-Aug-03,34.116,-119.936,Citharichthys sordidus,Y,Parasite,Eyes,,,80,1
EMAP-West Coast,2003,CA03-4028,7-Aug-03,34.116,-119.936,Citharichthys sordidus,Y,Parasite,Eyes,,,90,2
EMAP-West Coast,2003,CA03-4028,7-Aug-03,34.116,-119.936,Citharichthys sordidus,Y,Parasite,Eyes,,,100,3
EMAP-West Coast,2003,CA03-4028,7-Aug-03,34.116,-119.936,Citharichthys sordidus,Y,Parasite,Eyes,,,110,4
EMAP-West Coast,2003,CA03-4028,7-Aug-03,34.116,-119.936,Citharichthys sordidus,Y,Parasite,Eyes,,,120,5
EMAP-West Coast,2003,CA03-4028,7-Aug-03,34.116,-119.936,Citharichthys sordidus,Y,Parasite,Eyes,,,130,6
EMAP-West Coast,2003,CA03-4028,7-Aug-03,34.116,-119.936,Citharichthys sordidus,Y,Parasite,Eyes,,,140,7
EMAP-West Coast,2003,CA03-4028,7-Aug-03,34.116,-119.936,Microstomus pacificus,Y,Tumor,Not recorded,,,90,8
EMAP-West Coast,2003,CA03-4030,8-Aug-03,34.034,-119.352,Citharichthys sordidus,Y,Parasite,Eyes,,,110,1
EMAP-West Coast,2003,CA03-4037,25-Jul-03,32.796,-117.305,Citharichthys sordidus,Y,Parasite,Eyes,,,80,1
EMAP-West Coast,2003,CA03-4038,13-Aug-03,33.998,-118.71,Citharichthys sordidus,Y,Parasite,Eyes,,,80,1
EMAP-West Coast,2003,CA03-4038,13-Aug-03,33.998,-118.71,Citharichthys sordidus,Y,Parasite,Eyes,,,90,2
EMAP-West Coast,2003,CA03-4038,13-Aug-03,33.998,-118.71,Citharichthys sordidus,Y,Parasite,Eyes,,,100,3
EMAP-West Coast,2003,CA03-4038,13-Aug-03,33.998,-118.71,Citharichthys sordidus,Y,Parasite,Eyes,,,110,4
EMAP-West Coast,2003,CA03-4038,13-Aug-03,33.998,-118.71,Citharichthys sordidus,Y,Deformity (Skeletal)/Lesion,Musculoskeleton,,,50,5
EMAP-West Coast,2003,CA03-4039,27-Aug-03,33.767,-118.46,Citharichthys fragilis,Y,Parasite,Eyes,,,120,1
EMAP-West Coast,2003,CA03-4041,8-Aug-03,33.153,-117.387,Microstomus pacificus,Y,Tumor,Not recorded,,,70,1
EMAP-West Coast,2003,CA03-4042,28-Aug-03,33.567,-117.99,Citharichthys sordidus,Y,Parasite,Eyes,,,100,1
EMAP-West Coast,2003,CA03-4042,28-Aug-03,33.567,-117.99,Citharichthys sordidus,Y,Parasite,Eyes,,,120,2
EMAP-West Coast,2003,CA03-4042,28-Aug-03,33.567,-117.99,Citharichthys sordidus,Y,Deformity (Skeletal),Musculoskeleton,,,150,3
EMAP-West Coast,2003,CA03-4043,27-Aug-03,33.695,-118.296,Citharichthys sordidus,Y,Parasite,Eyes,,,130,1
EMAP-West Coast,2003,CA03-4043,27-Aug-03,33.695,-118.296,Symphurus atricaudus,Y,Ambicoloration,Skin / Fins,,,140,2
EMAP-West Coast,2003,CA03-4046,13-Aug-03,33.935,-118.54,Citharichthys sordidus,Y,Parasite,Eyes,,,90,1
EMAP-West Coast,2003,CA03-4046,13-Aug-03,33.935,-118.54,Citharichthys sordidus,Y,Parasite,Eyes,,,100,2
EMAP-West Coast,2003,CA03-4052,6-Aug-03,34.075,-119.749,Citharichthys sordidus,Y,Parasite,Eyes,,,80,1
EMAP-West Coast,2003,CA03-4052,6-Aug-03,34.075,-119.749,Citharichthys sordidus,Y,Parasite,Eyes,,,90,2
EMAP-West Coast,2003,CA03-4052,6-Aug-03,34.075,-119.749,Citharichthys sordidus,Y,Parasite,Eyes,,,100,3
EMAP-West Coast,2003,CA03-4052,6-Aug-03,34.075,-119.749,Citharichthys sordidus,Y,Parasite,Eyes,,,130,4
EMAP-West Coast,2003,CA03-4062,22-Jul-03,34.101,-119.151,Pleuronichthys decurrens,Y,Parasite,Skin / Fins,,,120,1
EMAP-West Coast,2003,CA03-4063,13-Aug-03,33.431,-117.677,Hippoglossina stomata,Y,Parasite,Not recorded,,,230,1
EMAP-West Coast,2003,CA03-4071,27-Aug-03,33.759,-118.446,Citharichthys sordidus,Y,Parasite,Eyes,,,90,1
EMAP-West Coast,2003,CA03-4078,4-Sep-03,33.922,-118.521,Citharichthys sordidus,Y,Parasite,Eyes,,,70,1
EMAP-West Coast,2003,CA03-4078,4-Sep-03,33.922,-118.521,Citharichthys sordidus,Y,Parasite,Eyes,,,80,2
EMAP-West Coast,2003,CA03-4078,4-Sep-03,33.922,-118.521,Citharichthys sordidus,Y,Parasite,Eyes,,,90,3
EMAP-West Coast,2003,CA03-4078,4-Sep-03,33.922,-118.521,Citharichthys sordidus,Y,Parasite,Eyes,,,110,4
EMAP-West Coast,2003,CA03-4078,4-Sep-03,33.922,-118.521,Citharichthys sordidus,Y,Parasite,Eyes,,,130,5
EMAP-West Coast,2003,CA03-4078,4-Sep-03,33.922,-118.521,Microstomus pacificus,Y,Tumor,Musculoskeleton,,,80,6
EMAP-West Coast,2003,CA03-4078,4-Sep-03,33.922,-118.521,Microstomus pacificus,Y,Tumor,Musculoskeleton,,,90,7
EMAP-West Coast,2003,CA03-4081,13-Aug-03,33.266,-117.534,Citharichthys sordidus,Y,Parasite,Eyes,,,80,1
EMAP-West Coast,2003,CA03-4081,13-Aug-03,33.266,-117.534,Citharichthys sordidus,Y,Parasite,Eyes,,,90,2
EMAP-West Coast,2003,CA03-4081,13-Aug-03,33.266,-117.534,Sebastes eos,Y,Lesion,Skin / Fins,,,50,3
EMAP-West Coast,2003,CA03-4087,11-Aug-03,33.835,-118.47,Citharichthys sordidus,Y,Parasite,Eyes,,,110,1
EMAP-West Coast,2003,CA03-4091,26-Aug-03,33.66,-118.131,Symphurus atricaudus,Y,Ambicoloration,Skin / Fins,,,130,1
EMAP-West Coast,2003,CA03-4096,14-Aug-03,33.27,-117.565,Citharichthys sordidus,Y,Parasite,Eyes,,,80,1
EMAP-West Coast,2003,CA03-4099,18-Aug-03,34.306,-119.559,Symphurus atricaudus,Y,Discoloration,Skin / Fins,,,130,1
EMAP-West Coast,2003,CA03-4101,14-Aug-03,33.998,-118.559,Citharichthys sordidus,Y,Ambicoloration,Skin / Fins,,,90,1
EMAP-West Coast,2003,CA03-4101,14-Aug-03,33.998,-118.559,Pleuronichthys verticalis,Y,Ambicoloration,Skin / Fins,,,120,2
EMAP-West Coast,2003,CA03-4102,28-Aug-03,33.721,-118.365,Citharichthys sordidus,Y,Parasite,Eyes,,,90,1
EMAP-West Coast,2003,CA03-4102,28-Aug-03,33.721,-118.365,Microstomus pacificus,Y,Tumor,Skin / Fins,,,80,2
EMAP-West Coast,2003,CA03-4102,28-Aug-03,33.721,-118.365,Microstomus pacificus,Y,Tumor,Skin / Fins,,,90,3
EMAP-West Coast,2003,CA03-4113,27-Aug-03,33.59,-117.971,Citharichthys sordidus,Y,Parasite,Eyes,,,90,1
EMAP-West Coast,2003,CA03-4113,27-Aug-03,33.59,-117.971,Citharichthys sordidus,Y,Parasite,Eyes,,,100,2
EMAP-West Coast,2003,CA03-4115,6-Aug-03,34.079,-119.701,Citharichthys sordidus,Y,Parasite,Eyes,,,90,1
EMAP-West Coast,2003,CA03-4115,6-Aug-03,34.079,-119.701,Citharichthys sordidus,Y,Parasite,Eyes,,,100,2
EMAP-West Coast,2003,CA03-4115,6-Aug-03,34.079,-119.701,Citharichthys sordidus,Y,Parasite,Eyes,,,110,3
EMAP-West Coast,2003,CA03-4115,6-Aug-03,34.079,-119.701,Citharichthys sordidus,Y,Parasite,Eyes,,,120,4
EMAP-West Coast,2003,CA03-4115,6-Aug-03,34.079,-119.701,Citharichthys sordidus,Y,Parasite,Eyes,,,150,5
EMAP-West Coast,2003,CA03-4115,6-Aug-03,34.079,-119.701,Citharichthys sordidus,Y,Parasite,Eyes,,,160,6
EMAP-West Coast,2003,CA03-4115,6-Aug-03,34.079,-119.701,Citharichthys sordidus,Y,Parasite,Eyes,,,200,7
EMAP-West Coast,2003,CA03-4119,29-Jul-03,34.4,-119.843,Parophrys vetulus,Y,Parasite,Not recorded,,,160,1
EMAP-West Coast,2003,CA03-4129,19-Aug-03,33.616,-117.922,Paralabrax clathratus,Y,Parasite,Skin / Fins,,,220,1
EMAP-West Coast,2003,CA03-4134,29-Aug-03,33.82,-118.427,Citharichthys sordidus,Y,Parasite,Eyes,,,60,1
EMAP-West Coast,2003,CA03-4134,29-Aug-03,33.82,-118.427,Citharichthys sordidus,Y,Parasite,Eyes,,,70,2
EMAP-West Coast,2003,CA03-4134,29-Aug-03,33.82,-118.427,Citharichthys sordidus,Y,Parasite,Eyes,,,80,3
EMAP-West Coast,2003,CA03-4134,29-Aug-03,33.82,-118.427,Citharichthys sordidus,Y,Parasite,Eyes,,,90,4
EMAP-West Coast,2003,CA03-4134,29-Aug-03,33.82,-118.427,Citharichthys sordidus,Y,Parasite,Eyes,,,100,5
EMAP-West Coast,2003,CA03-4134,29-Aug-03,33.82,-118.427,Microstomus pacificus,Y,Tumor,Skin / Fins,,,60,6
EMAP-West Coast,2003,CA03-4134,29-Aug-03,33.82,-118.427,Pleuronichthys verticalis,Y,Ambicoloration,Skin / Fins,,,170,7
EMAP-West Coast,2003,CA03-4134,29-Aug-03,33.82,-118.427,Pleuronichthys verticalis,Y,Ambicoloration,Skin / Fins,,,190,8
EMAP-West Coast,2003,CA03-4137,26-Aug-03,33.577,-118.012,Citharichthys sordidus,Y,Parasite,Eyes,,,70,1
EMAP-West Coast,2003,CA03-4137,26-Aug-03,33.577,-118.012,Citharichthys sordidus,Y,Parasite,Eyes,,,80,2
EMAP-West Coast,2003,CA03-4150,11-Aug-03,33.877,-118.47,Citharichthys sordidus,Y,Parasite,Eyes,,,100,1
EMAP-West Coast,2003,CA03-4150,11-Aug-03,33.877,-118.47,Citharichthys sordidus,Y,Parasite,Eyes,,,110,2
EMAP-West Coast,2003,CA03-4150,11-Aug-03,33.877,-118.47,Citharichthys xanthostigma,Y,Parasite,Not recorded,,,130,3
EMAP-West Coast,2003,CA03-4152,7-Aug-03,33.115,-117.358,Citharichthys sordidus,Y,Parasite,Eyes,,,90,1
EMAP-West Coast,2003,CA03-4152,7-Aug-03,33.115,-117.358,Citharichthys sordidus,Y,Parasite,Eyes,,,150,2
EMAP-West Coast,2003,CA03-4152,7-Aug-03,33.115,-117.358,Microstomus pacificus,Y,Tumor,Not recorded,,,120,3
EMAP-West Coast,2003,CA03-4152,7-Aug-03,33.115,-117.358,Sebastes rosenblatti,Y,Tumor,Skin / Fins,,,100,4
EMAP-West Coast,2003,CA03-4155,7-Aug-03,34.102,-120.142,Citharichthys sordidus,Y,Parasite,Eyes,,,70,1
EMAP-West Coast,2003,CA03-4155,7-Aug-03,34.102,-120.142,Citharichthys sordidus,Y,Parasite,Eyes,,,80,2
EMAP-West Coast,2003,CA03-4155,7-Aug-03,34.102,-120.142,Citharichthys sordidus,Y,Parasite,Eyes,,,90,3
EMAP-West Coast,2003,CA03-4155,7-Aug-03,34.102,-120.142,Citharichthys sordidus,Y,Parasite,Eyes,,,100,4
EMAP-West Coast,2003,CA03-4155,7-Aug-03,34.102,-120.142,Citharichthys sordidus,Y,Parasite,Eyes,,,110,5
EMAP-West Coast,2003,CA03-4155,7-Aug-03,34.102,-120.142,Citharichthys sordidus,Y,Parasite,Eyes,,,120,6
EMAP-West Coast,2003,CA03-4155,7-Aug-03,34.102,-120.142,Citharichthys sordidus,Y,Parasite,Eyes,,,130,7
EMAP-West Coast,2003,CA03-4159,21-Aug-03,33.995,-120.337,Citharichthys sordidus,Y,Parasite,Eyes,,,80,1
EMAP-West Coast,2003,CA03-4163,8-Aug-03,34.079,-119.51,Citharichthys sordidus,Y,Parasite,Eyes,,,100,1
EMAP-West Coast,2003,CA03-4163,8-Aug-03,34.079,-119.51,Citharichthys sordidus,Y,Parasite,Eyes,,,130,2
EMAP-West Coast,2003,CA03-4163,8-Aug-03,34.079,-119.51,Citharichthys sordidus,Y,Parasite,Eyes,,,210,3
EMAP-West Coast,2003,CA03-4163,8-Aug-03,34.079,-119.51,Citharichthys sordidus,Y,Ambicoloration,Not recorded,,,120,4
EMAP-West Coast,2003,CA03-4163,8-Aug-03,34.079,-119.51,Citharichthys sordidus,Y,Ambicoloration,Not recorded,,,240,5
EMAP-West Coast,2003,CA03-4164,28-Jul-03,32.729,-117.344,Citharichthys sordidus,Y,Parasite,Eyes,,,80,1
EMAP-West Coast,2003,CA03-4164,28-Jul-03,32.729,-117.344,Citharichthys sordidus,Y,Parasite,Eyes,,,90,2
EMAP-West Coast,2003,CA03-4164,28-Jul-03,32.729,-117.344,Citharichthys sordidus,Y,Parasite,Eyes,,,100,3
EMAP-West Coast,2003,CA03-4164,28-Jul-03,32.729,-117.344,Citharichthys sordidus,Y,Parasite,Eyes,,,110,4
EMAP-West Coast,2003,CA03-4165,14-Aug-03,34.014,-118.592,Citharichthys sordidus,Y,Parasite,Eyes,,,100,1
EMAP-West Coast,2003,CA03-4165,14-Aug-03,34.014,-118.592,Pleuronichthys verticalis,Y,Ambicoloration,Skin / Fins,,,210,2
EMAP-West Coast,2003,CA03-4165,14-Aug-03,34.014,-118.592,Pleuronichthys verticalis,Y,Parasite,Skin / Fins,,,110,3
EMAP-West Coast,2003,CA03-4166,28-Aug-03,33.708,-118.357,Citharichthys sordidus,Y,Parasite,Eyes,,,130,1
EMAP-West Coast,2003,CA03-4166,28-Aug-03,33.708,-118.357,Microstomus pacificus,Y,Deformity (Skeletal),Musculoskeleton,,,90,2
EMAP-West Coast,2003,CA03-4166,28-Aug-03,33.708,-118.357,Microstomus pacificus,Y,Tumor,Skin / Fins,,,70,3
EMAP-West Coast,2003,CA03-4166,28-Aug-03,33.708,-118.357,Microstomus pacificus,Y,Tumor,Skin / Fins,,,80,4
EMAP-West Coast,2003,CA03-4166,28-Aug-03,33.708,-118.357,Microstomus pacificus,Y,Tumor,Skin / Fins,,,90,5
EMAP-West Coast,2003,CA03-4166,28-Aug-03,33.708,-118.357,Microstomus pacificus,Y,Tumor,Skin / Fins,,,130,6
EMAP-West Coast,2003,CA03-4170,28-Aug-03,33.699,-118.304,Citharichthys sordidus,Y,Parasite,Eyes,,,130,1
EMAP-West Coast,2003,CA03-4172,23-Jul-03,32.595,-117.245,Citharichthys sordidus,Y,Parasite,Eyes,,,80,1
EMAP-West Coast,2003,CA03-4172,23-Jul-03,32.595,-117.245,Citharichthys sordidus,Y,Parasite,Eyes,,,90,2
EMAP-West Coast,2003,CA03-4173,11-Aug-03,33.908,-118.567,Citharichthys sordidus,Y,Parasite,Eyes,,,170,1
EMAP-West Coast,2003,CA03-4173,11-Aug-03,33.908,-118.567,Scorpaena guttata,Y,Parasite,Not recorded,,,230,2
EMAP-West Coast,2003,CA03-4183,29-Jul-03,34.4,-119.831,Citharichthys sordidus,Y,Parasite,Branchial Chamber,,,100,1
EMAP-West Coast,2003,CA03-4183,29-Jul-03,34.4,-119.831,Citharichthys sordidus,Y,Parasite,Eyes,,,110,2
EMAP-West Coast,2003,CA03-4183,29-Jul-03,34.4,-119.831,Microstomus pacificus,Y,Tumor,Skin / Fins,,,110,3
EMAP-West Coast,2003,CA03-4183,29-Jul-03,34.4,-119.831,Microstomus pacificus,Y,Tumor,Skin / Fins,,,120,4
EMAP-West Coast,2003,CA03-4183,29-Jul-03,34.4,-119.831,Pleuronichthys decurrens,Y,Parasite,Branchial Chamber,,,60,5
EMAP-West Coast,2003,CA03-4184,28-Jul-03,32.688,-117.324,Citharichthys sordidus,Y,Parasite,Eyes,,,80,1
EMAP-West Coast,2003,CA03-4184,28-Jul-03,32.688,-117.324,Citharichthys sordidus,Y,Parasite,Eyes,,,100,2
EMAP-West Coast,2003,CA03-4184,28-Jul-03,32.688,-117.324,Citharichthys sordidus,Y,Parasite,Eyes,,,120,3
EMAP-West Coast,2003,CA03-4184,28-Jul-03,32.688,-117.324,Citharichthys sordidus,Y,Parasite,Eyes,,,130,4
EMAP-West Coast,2003,CA03-4184,28-Jul-03,32.688,-117.324,Citharichthys sordidus,Y,Parasite,Eyes,,,140,5
EMAP-West Coast,2003,CA03-4184,28-Jul-03,32.688,-117.324,Lepidogobius lepidus,Y,Parasite,Eyes,,,70,6
EMAP-West Coast,2003,CA03-4199,7-Aug-03,33.159,-117.398,Citharichthys sordidus,Y,Parasite,Eyes,,,80,1
EMAP-West Coast,2003,CA03-4199,7-Aug-03,33.159,-117.398,Citharichthys sordidus,Y,Parasite,Not recorded,,,100,2
EMAP-West Coast,2003,CA03-4201,28-Aug-03,33.694,-118.347,Lyopsetta exilis,Y,Ambicoloration,Skin / Fins,,,160,1
EMAP-West Coast,2003,CA03-4201,28-Aug-03,33.694,-118.347,Microstomus pacificus,Y,Deformity (Skeletal),Musculoskeleton,,,140,2
EMAP-West Coast,2003,CA03-4204,2-Sep-03,33.928,-118.544,Citharichthys sordidus,Y,Parasite,Eyes,,,120,1
EMAP-West Coast,2003,CA03-4204,2-Sep-03,33.928,-118.544,Citharichthys sordidus,Y,Parasite,Eyes,,,130,2
EMAP-West Coast,2003,CA03-4211,29-Sep-03,32.626,-117.135,Paralichthys californicus,Y,Parasite,Eyes,,,300,1
EMAP-West Coast,2003,CA03-4213,29-Jul-03,34.402,-119.812,Citharichthys sordidus,Y,Parasite,Branchial Chamber,,,140,1
EMAP-West Coast,2003,CA03-4213,29-Jul-03,34.402,-119.812,Citharichthys sordidus,Y,Parasite,Eyes,,,150,2
EMAP-West Coast,2003,CA03-4213,29-Jul-03,34.402,-119.812,Pleuronichthys decurrens,Y,Parasite,Branchial Chamber,,,60,3
EMAP-West Coast,2003,CA03-4219,13-Aug-03,33.428,-117.69,Pleuronichthys verticalis,Y,Parasite,Not recorded,,,220,1
EMAP-West Coast,2003,CA03-4230,13-Aug-03,33.887,-120.01,Citharichthys stigmaeus,Y,Lesion,Not recorded,,,70,1
EMAP-West Coast,2003,CA03-4230,13-Aug-03,33.887,-120.01,Citharichthys stigmaeus,Y,Lesion,Not recorded,,,80,2
EMAP-West Coast,2003,CA03-4230,13-Aug-03,33.887,-120.01,Citharichthys stigmaeus,Y,Lesion,Not recorded,,,90,3
EMAP-West Coast,2003,CA03-4230,13-Aug-03,33.887,-120.01,Zaniolepis latipinnis,Y,Lesion,Not recorded,,,140,4
EMAP-West Coast,2003,CA03-4236,27-Aug-03,33.603,-118.036,Citharichthys sordidus,Y,Ambicoloration,Skin / Fins,,,150,1
EMAP-West Coast,2003,CA03-4238,14-Aug-03,33.966,-119.605,Citharichthys sordidus,Y,Parasite,Eyes,,,80,1
EMAP-West Coast,2003,CA03-4238,14-Aug-03,33.966,-119.605,Citharichthys sordidus,Y,Parasite,Eyes,,,90,2
EMAP-West Coast,2003,CA03-4238,14-Aug-03,33.966,-119.605,Citharichthys sordidus,Y,Parasite,Eyes,,,100,3
EMAP-West Coast,2003,CA03-4238,14-Aug-03,33.966,-119.605,Citharichthys sordidus,Y,Parasite,Eyes,,,140,4
EMAP-West Coast,2003,CA03-4238,14-Aug-03,33.966,-119.605,Citharichthys sordidus,Y,Parasite,Eyes,,,200,5
EMAP-West Coast,2003,CA03-4239,30-Jul-03,32.682,-117.282,Citharichthys sordidus,Y,Parasite,Eyes,,,100,1
EMAP-West Coast,2003,CA03-4243,30-Jul-03,32.679,-117.282,Citharichthys sordidus,Y,Parasite,Eyes,,,60,1
EMAP-West Coast,2003,CA03-4249,25-Aug-03,33.513,-118.179,Lycodes diapterus,Y,Parasite,Skin / Fins,,,260,1
EMAP-West Coast,2003,CA03-4255,24-Jul-03,32.659,-117.336,Citharichthys sordidus,Y,Parasite,Eyes,,,90,1
EMAP-West Coast,2003,CA03-4255,24-Jul-03,32.659,-117.336,Citharichthys sordidus,Y,Parasite,Eyes,,,110,2
EMAP-West Coast,2003,CA03-4262,25-Jul-03,34.313,-119.433,Hippoglossina stomata,Y,Parasite,Skin / Fins,,,180,1
EMAP-West Coast,2003,CA03-4283,25-Jul-03,34.305,-119.414,Citharichthys sordidus,Y,Parasite,Eyes,,,90,1
EMAP-West Coast,2003,CA03-4286,28-Aug-03,33.736,-118.41,Hippoglossina stomata,Y,Ambicoloration,Skin / Fins,,,170,1
EMAP-West Coast,2003,CA03-4286,28-Aug-03,33.736,-118.41,Hippoglossina stomata,Y,Parasite,Skin / Fins,,,200,2
EMAP-West Coast,2003,CA03-4286,28-Aug-03,33.736,-118.41,Paralichthys californicus,Y,Ambicoloration,Skin / Fins,,,280,3
EMAP-West Coast,2003,CA03-4288,14-Aug-03,33.152,-117.383,Citharichthys sordidus,Y,Parasite,Eyes,,,90,1
EMAP-West Coast,2003,CA03-4288,14-Aug-03,33.152,-117.383,Citharichthys sordidus,Y,Parasite,Eyes,,,100,2
EMAP-West Coast,2003,CA03-4288,14-Aug-03,33.152,-117.383,Citharichthys sordidus,Y,Parasite,Eyes,,,110,3
EMAP-West Coast,2003,CA03-4302,28-Jul-03,32.691,-117.336,Citharichthys sordidus,Y,Parasite,Eyes,,,90,1
EMAP-West Coast,2003,CA03-4302,28-Jul-03,32.691,-117.336,Citharichthys sordidus,Y,Parasite,Eyes,,,100,2
EMAP-West Coast,2003,CA03-4302,28-Jul-03,32.691,-117.336,Citharichthys sordidus,Y,Parasite,Eyes,,,110,3
EMAP-West Coast,2003,CA03-4302,28-Jul-03,32.691,-117.336,Citharichthys sordidus,Y,Parasite,Eyes,,,120,4
EMAP-West Coast,2003,CA03-4302,28-Jul-03,32.691,-117.336,Citharichthys sordidus,Y,Deformity (Skeletal),Not recorded,,,110,5
EMAP-West Coast,2003,CA03-4313,28-Aug-03,33.743,-118.424,Citharichthys sordidus,Y,Parasite,Eyes,,,80,1
EMAP-West Coast,2003,CA03-4315,7-Aug-03,33.162,-117.386,Citharichthys sordidus,Y,Parasite,Eyes,,,80,1
EMAP-West Coast,2003,CA03-4315,7-Aug-03,33.162,-117.386,Raja inornata,Y,Parasite,Musculoskeleton,,,510,2
EMAP-West Coast,2003,CA03-4315,7-Aug-03,33.162,-117.386,Scorpaena guttata,Y,Parasite,Not recorded,,,140,3
EMAP-West Coast,2003,CA03-4321,13-Aug-03,33.354,-117.599,Paralichthys californicus,Y,Parasite,Not recorded,,,300,1
EMAP-West Coast,2003,CA03-4321,13-Aug-03,33.354,-117.599,Paralichthys californicus,Y,Parasite,Not recorded,,,460,2
EMAP-West Coast,2003,CA03-4321,13-Aug-03,33.354,-117.599,Pleuronichthys verticalis,Y,Parasite,Not recorded,,,240,3
EMAP-West Coast,2003,CA03-4321,13-Aug-03,33.354,-117.599,Scorpaena guttata,Y,Parasite,Eyes,,,180,4
EMAP-West Coast,2003,CA03-4324,14-Aug-03,33.953,-119.687,Citharichthys sordidus,Y,Parasite,Eyes,,,130,1
EMAP-West Coast,2003,CA03-4324,14-Aug-03,33.953,-119.687,Citharichthys sordidus,Y,Parasite,Eyes,,,160,2
EMAP-West Coast,2003,CA03-4330,7-Aug-03,34.113,-120.026,Citharichthys sordidus,Y,Parasite,Eyes,,,60,1
EMAP-West Coast,2003,CA03-4330,7-Aug-03,34.113,-120.026,Citharichthys sordidus,Y,Parasite,Eyes,,,70,2
EMAP-West Coast,2003,CA03-4330,7-Aug-03,34.113,-120.026,Citharichthys sordidus,Y,Parasite,Eyes,,,80,3
EMAP-West Coast,2003,CA03-4330,7-Aug-03,34.113,-120.026,Citharichthys sordidus,Y,Parasite,Eyes,,,90,4
EMAP-West Coast,2003,CA03-4330,7-Aug-03,34.113,-120.026,Citharichthys sordidus,Y,Parasite,Eyes,,,100,5
EMAP-West Coast,2003,CA03-4330,7-Aug-03,34.113,-120.026,Citharichthys sordidus,Y,Parasite,Eyes,,,110,6
EMAP-West Coast,2003,CA03-4330,7-Aug-03,34.113,-120.026,Citharichthys sordidus,Y,Parasite,Eyes,,,120,7
EMAP-West Coast,2003,CA03-4330,7-Aug-03,34.113,-120.026,Citharichthys sordidus,Y,Parasite,Eyes,,,130,8
EMAP-West Coast,2003,CA03-4330,7-Aug-03,34.113,-120.026,Citharichthys sordidus,Y,Parasite,Eyes,,,140,9
EMAP-West Coast,2003,CA03-4330,7-Aug-03,34.113,-120.026,Citharichthys sordidus,Y,Parasite,Eyes,,,150,10
EMAP-West Coast,2003,CA03-4334,21-Aug-03,34.071,-120.329,Citharichthys sordidus,Y,Parasite,Eyes,,,80,1
EMAP-West Coast,2003,CA03-4334,21-Aug-03,34.071,-120.329,Citharichthys sordidus,Y,Parasite,Eyes,,,100,2
EMAP-West Coast,2003,CA03-4346,14-Aug-03,33.96,-118.529,Citharichthys sordidus,Y,Parasite,Eyes,,,100,1
EMAP-West Coast,2003,CA03-4346,14-Aug-03,33.96,-118.529,Citharichthys sordidus,Y,Parasite,Eyes,,,110,2
EMAP-West Coast,2003,CA03-4348,30-Jul-03,34.462,-120.291,Citharichthys stigmaeus,Y,Parasite,Branchial Chamber,,,100,1
EMAP-West Coast,2003,CA03-4350,27-Aug-03,33.575,-117.985,Citharichthys sordidus,Y,Parasite,Eyes,,,100,1
EMAP-West Coast,2003,CA03-4350,27-Aug-03,33.575,-117.985,Citharichthys sordidus,Y,Parasite,Eyes,,,110,2
EMAP-West Coast,2003,CA03-4350,27-Aug-03,33.575,-117.985,Citharichthys sordidus,Y,Parasite,Eyes,,,120,3
EMAP-West Coast,2003,CA03-4352,8-Aug-03,34.053,-119.529,Citharichthys sordidus,Y,Parasite,Eyes,,,80,1
EMAP-West Coast,2003,CA03-4352,8-Aug-03,34.053,-119.529,Citharichthys sordidus,Y,Parasite,Eyes,,,90,2
EMAP-West Coast,2003,CA03-4352,8-Aug-03,34.053,-119.529,Citharichthys sordidus,Y,Parasite,Eyes,,,100,3
EMAP-West Coast,2003,CA03-4352,8-Aug-03,34.053,-119.529,Citharichthys sordidus,Y,Parasite,Eyes,,,110,4
EMAP-West Coast,2003,CA03-4352,8-Aug-03,34.053,-119.529,Citharichthys sordidus,Y,Parasite,Eyes,,,120,5
EMAP-West Coast,2003,CA03-4352,8-Aug-03,34.053,-119.529,Microstomus pacificus,Y,Tumor,Not recorded,,,90,6
EMAP-West Coast,2003,CA03-4352,8-Aug-03,34.053,-119.529,Microstomus pacificus,Y,Tumor,Not recorded,,,130,7
EMAP-West Coast,2003,CA03-4357,30-Jul-03,32.68,-117.324,Citharichthys sordidus,Y,Parasite,Eyes,,,80,1
EMAP-West Coast,2003,CA03-4357,30-Jul-03,32.68,-117.324,Citharichthys sordidus,Y,Parasite,Eyes,,,90,2
EMAP-West Coast,2003,CA03-4357,30-Jul-03,32.68,-117.324,Citharichthys sordidus,Y,Parasite,Eyes,,,100,3
EMAP-West Coast,2003,CA03-4377,18-Aug-03,33.89,-120.082,Citharichthys sordidus,Y,Parasite,Eyes,,,150,1
EMAP-West Coast,2003,CA03-4377,18-Aug-03,33.89,-120.082,Citharichthys stigmaeus,Y,Fin Erosion,Skin / Fins,,,110,2
EMAP-West Coast,2003,CA03-4380,21-Aug-03,33.988,-120.38,Citharichthys sordidus,Y,Parasite,Eyes,,,60,1
EMAP-West Coast,2003,CA03-4380,21-Aug-03,33.988,-120.38,Citharichthys sordidus,Y,Parasite,Eyes,,,70,2
EMAP-West Coast,2003,CA03-4380,21-Aug-03,33.988,-120.38,Citharichthys sordidus,Y,Parasite,Eyes,,,80,3
EMAP-West Coast,2003,CA03-4380,21-Aug-03,33.988,-120.38,Citharichthys sordidus,Y,Parasite,Eyes,,,90,4
EMAP-West Coast,2003,CA03-4380,21-Aug-03,33.988,-120.38,Citharichthys sordidus,Y,Parasite,Eyes,,,100,5
EMAP-West Coast,2003,CA03-4380,21-Aug-03,33.988,-120.38,Citharichthys sordidus,Y,Parasite,Eyes,,,110,6
EMAP-West Coast,2003,CA03-4380,21-Aug-03,33.988,-120.38,Citharichthys sordidus,Y,Parasite,Eyes,,,120,7
EMAP-West Coast,2003,CA03-4380,21-Aug-03,33.988,-120.38,Citharichthys sordidus,Y,Parasite,Eyes,,,130,8
EMAP-West Coast,2003,CA03-4385,29-Jul-03,32.825,-117.366,Citharichthys sordidus,Y,Parasite,Eyes,,,130,1
EMAP-West Coast,2003,CA03-4389,19-Aug-03,33.451,-119.069,Citharichthys sordidus,Y,Parasite,Eyes,,,70,1
EMAP-West Coast,2003,CA03-4389,19-Aug-03,33.451,-119.069,Citharichthys sordidus,Y,Parasite,Eyes,,,100,2
EMAP-West Coast,2003,CA03-4389,19-Aug-03,33.451,-119.069,Citharichthys sordidus,Y,Parasite,Eyes,,,140,3
EMAP-West Coast,2003,CA03-4389,19-Aug-03,33.451,-119.069,Citharichthys sordidus,Y,Parasite,Eyes,,,160,4
EMAP-West Coast,2003,CA03-4389,19-Aug-03,33.451,-119.069,Citharichthys sordidus,Y,Parasite,Eyes,,,190,5
EMAP-West Coast,2003,CA03-4390,13-Aug-03,33.95,-120.237,Citharichthys sordidus,Y,Parasite,Eyes,,,70,1
EMAP-West Coast,2003,CA03-4390,13-Aug-03,33.95,-120.237,Citharichthys sordidus,Y,Parasite,Eyes,,,80,2
EMAP-West Coast,2003,CA03-4390,13-Aug-03,33.95,-120.237,Citharichthys sordidus,Y,Parasite,Eyes,,,90,3
EMAP-West Coast,2003,CA03-4390,13-Aug-03,33.95,-120.237,Citharichthys sordidus,Y,Parasite,Eyes,,,100,4
EMAP-West Coast,2003,CA03-4390,13-Aug-03,33.95,-120.237,Citharichthys sordidus,Y,Parasite,Eyes,,,110,5
EMAP-West Coast,2003,CA03-4390,13-Aug-03,33.95,-120.237,Citharichthys sordidus,Y,Parasite,Eyes,,,140,6
EMAP-West Coast,2003,CA03-4392,23-Jul-03,32.598,-117.351,Sebastes eos,Y,Parasite,Skin / Fins,,,90,1
EMAP-West Coast,2003,CA03-4396,15-Aug-03,34.096,-120.124,Citharichthys sordidus,Y,Parasite,Eyes,,,70,1
EMAP-West Coast,2003,CA03-4396,15-Aug-03,34.096,-120.124,Citharichthys sordidus,Y,Parasite,Eyes,,,80,2
EMAP-West Coast,2003,CA03-4396,15-Aug-03,34.096,-120.124,Citharichthys sordidus,Y,Parasite,Eyes,,,90,3
EMAP-West Coast,2003,CA03-4396,15-Aug-03,34.096,-120.124,Citharichthys sordidus,Y,Parasite,Eyes,,,100,4
EMAP-West Coast,2003,CA03-4396,15-Aug-03,34.096,-120.124,Citharichthys sordidus,Y,Parasite,Eyes,,,110,5
EMAP-West Coast,2003,CA03-4396,15-Aug-03,34.096,-120.124,Citharichthys sordidus,Y,Parasite,Eyes,,,120,6
EMAP-West Coast,2003,CA03-4396,15-Aug-03,34.096,-120.124,Citharichthys sordidus,Y,Parasite,Eyes,,,130,7
EMAP-West Coast,2003,CA03-4396,15-Aug-03,34.096,-120.124,Microstomus pacificus,Y,Tumor,Not recorded,,,70,8
EMAP-West Coast,2003,CA03-4397,4-Oct-03,34.093,-119.272,Citharichthys sordidus,Y,Parasite,Eyes,,,150,1
EMAP-West Coast,2003,CA03-4397,4-Oct-03,34.093,-119.272,Citharichthys sordidus,Y,Parasite,Eyes,,,160,2
EMAP-West Coast,2003,CA03-4397,4-Oct-03,34.093,-119.272,Citharichthys sordidus,Y,Parasite,Not recorded,,,140,3
EMAP-West Coast,2003,CA03-4397,4-Oct-03,34.093,-119.272,Citharichthys sordidus,Y,Parasite,Not recorded,,,190,4
EMAP-West Coast,2003,CA03-4397,4-Oct-03,34.093,-119.272,Pleuronichthys verticalis,Y,Parasite,Not recorded,,,140,5
EMAP-West Coast,2003,CA03-4399,1-Oct-03,32.716,-117.344,Sebastes rosenblatti,Y,Tumor,Skin / Fins,,,110,1
EMAP-West Coast,2003,CA03-4399,1-Oct-03,32.716,-117.344,Zalembius rosaceus,Y,Tumor,Skin / Fins,,,100,2
EMAP-West Coast,2003,CA03-4409,2-Oct-03,33.833,-118.423,Microstomus pacificus,Y,Parasite,Not recorded,,,150,1
EMAP-West Coast,2003,CA03-4417,19-Aug-03,33.827,-120.076,Citharichthys sordidus,Y,Parasite,Eyes,,,130,1
EMAP-West Coast,2003,CA03-4417,19-Aug-03,33.827,-120.076,Citharichthys sordidus,Y,Parasite,Eyes,,,140,2
EMAP-West Coast,2003,CA03-4417,19-Aug-03,33.827,-120.076,Citharichthys sordidus,Y,Parasite,Eyes,,,160,3
EMAP-West Coast,2003,CA03-4417,19-Aug-03,33.827,-120.076,Citharichthys sordidus,Y,Parasite,Eyes,,,180,4
EMAP-West Coast,2003,CA03-4421,19-Aug-03,33.457,-119.106,Citharichthys sordidus,Y,Parasite,Eyes,,,90,1
EMAP-West Coast,2003,CA03-4421,19-Aug-03,33.457,-119.106,Citharichthys sordidus,Y,Parasite,Eyes,,,120,2
EMAP-West Coast,2003,CA03-4421,19-Aug-03,33.457,-119.106,Citharichthys sordidus,Y,Parasite,Eyes,,,140,3
EMAP-West Coast,2003,CA03-4423,20-Aug-03,34.167,-120.61,Glyptocephalus zachirus,Y,Lesion,Not recorded,,,240,1
EMAP-West Coast,2003,CA03-4427,23-Aug-03,34.08,-119.656,Citharichthys sordidus,Y,Parasite,Eyes,,,60,1
EMAP-West Coast,2003,CA03-4427,23-Aug-03,34.08,-119.656,Citharichthys sordidus,Y,Parasite,Eyes,,,70,2
EMAP-West Coast,2003,CA03-4427,23-Aug-03,34.08,-119.656,Citharichthys sordidus,Y,Parasite,Eyes,,,80,3
EMAP-West Coast,2003,CA03-4427,23-Aug-03,34.08,-119.656,Citharichthys sordidus,Y,Parasite,Eyes,,,90,4
EMAP-West Coast,2003,CA03-4427,23-Aug-03,34.08,-119.656,Citharichthys sordidus,Y,Parasite,Eyes,,,100,5
EMAP-West Coast,2003,CA03-4427,23-Aug-03,34.08,-119.656,Citharichthys sordidus,Y,Parasite,Eyes,,,110,6
EMAP-West Coast,2003,CA03-4427,23-Aug-03,34.08,-119.656,Citharichthys sordidus,Y,Parasite,Eyes,,,120,7
EMAP-West Coast,2003,CA03-4427,23-Aug-03,34.08,-119.656,Citharichthys sordidus,Y,Parasite,Eyes,,,130,8
EMAP-West Coast,2003,CA03-4427,23-Aug-03,34.08,-119.656,Lepidogobius lepidus,Y,Parasite,Eyes,,,90,9
EMAP-West Coast,2003,CA03-4430,27-Aug-03,34.057,-119.474,Raja inornata,Y,Parasite,Eyes,,,520,1
EMAP-West Coast,2003,CA03-4435,27-Aug-03,33.976,-119.881,Citharichthys sordidus,Y,Parasite,Eyes,,,120,1
EMAP-West Coast,2003,CA03-4435,27-Aug-03,33.976,-119.881,Citharichthys sordidus,Y,Parasite,Eyes,,,140,2
EMAP-West Coast,2003,CA03-4435,27-Aug-03,33.976,-119.881,Citharichthys sordidus,Y,Parasite,Eyes,,,180,3
EMAP-West Coast,2003,CA03-4435,27-Aug-03,33.976,-119.881,Microstomus pacificus,Y,Tumor,Not recorded,,,90,4
EMAP-West Coast,1999,CA99-0003,4-Aug-99,40.824,-124.141,Parophrys vetulus,Y,tumor,Musculoskeleton,,,90,
EMAP-West Coast,1999,CA99-0006,11-Aug-99,38.282,-123.036,Parophrys vetulus,Y,deformity (skeletal),Musculoskeleton,,,100,
EMAP-West Coast,1999,CA99-0011,9-Aug-99,38.002,-122.906,Pleuronichthys verticalis,Y,fin erosion,Skin/fins,,,100,
EMAP-West Coast,1999,CA99-0012,10-Aug-99,38.01,-122.871,Parophrys vetulus,Y,albinism/parasite,Musculoskeleton,,,70,
EMAP-West Coast,1999,CA99-0035,26-Jul-99,33.741,-118.177,Paralichthys californicus,Y,Parasite,Eyes,,,280,
EMAP-West Coast,1999,CA99-0048,7-Aug-99,32.726,-117.179,Pleuronichthys ritteri,Y,deformity (skeletal),Musculoskeleton,,,160,
R-EMAP Region 6,1993,LA93AC1,7-Oct-93,26.35,-97.355,Micropogonias undulatus,Y,,Gills/gill chamber,1,,,
R-EMAP Region 6,1993,LA93AC2,7-Oct-93,26.345,-97.388,Lagodon rhomboides,Y,,Body surface,1,,,
R-EMAP Region 6,1993,LA93EBB3,26-Sep-93,29.556,-94.414,Bagre marinus,Y,,Body surface,1,,,
R-EMAP Region 6,1993,LA93EBB3,26-Sep-93,29.556,-94.414,Cynoscion arenarius,Y,,Eye,1,,,
R-EMAP Region 6,1993,LA93EBB3,26-Sep-93,29.556,-94.414,Cynoscion arenarius,Y,,Body surface,1,,,
R-EMAP Region 6,1993,LA93EBB3,26-Sep-93,29.556,-94.414,Cynoscion arenarius,Y,,Gills/gill chamber,1,,,
R-EMAP Region 6,1993,LA93EBB3,26-Sep-93,29.556,-94.414,Micropogonias undulatus,Y,,Eye,2,,,
R-EMAP Region 6,1993,LA93EBB6,26-Sep-93,29.592,-94.406,Bagre marinus,Y,,Body surface,1,,,
R-EMAP Region 6,1993,LA93RG2,9-Oct-93,25.962,-97.177,Arius felis,Y,,Body surface,1,,,
EMAP Mid-Atlantic Integrated Assessment,1998,MA98-0079,13-Jul-98,39.507,-75.915,Morone americana,Y,Ulcers,Anus,,Standard,225,30
EMAP Mid-Atlantic Integrated Assessment,1998,MA98-0253,19-Aug-98,38.043,-75.662,Brevoortia tyrannus,Y,Ulcers,Anus,,Standard,76,1
EMAP Mid-Atlantic Integrated Assessment,1998,MA98-0881,20-Aug-98,38.065,-75.896,Cynoscion regalis,Y,Ulcers,Anus,,Standard,297,23
EMAP Mid-Atlantic Integrated Assessment,1998,MA98-1066,28-Jul-98,37.99,-76.902,Morone americana,Y,Ulcers,Anus,,Standard,125,56
EMAP Mid-Atlantic Integrated Assessment,1998,MA98-1066,28-Jul-98,37.99,-76.902,Morone americana,Y,Ulcers,Anus,,Standard,125,76
EMAP-West Coast,2000,OR00-0018,11-Aug-00,45.606,-122.675,Mylocheilus caurinus,Y,fin erosion,Skin/fins,,,190,1
EMAP-West Coast,2000,OR00-0046,12-Sep-00,46.213,-123.781,Parophrys vetulus,Y,ambicoloration; soles appeared to be non-pigmented in patches,Skin/fins,,,130,1
EMAP-West Coast,2000,OR00-0046,12-Sep-00,46.213,-123.781,Parophrys vetulus,Y,ambicoloration; soles appeared to be non-pigmented in patches,Skin/fins,,,140,2
Southern California Coastal Water Research Project,1994,SCB1072,11-Aug-94,33.722,-118.131,Citharichthys sordidus,Y,Parasite,,,,,
Southern California Coastal Water Research Project,1994,SCB1142,28-Jul-94,32.797,-117.359,Microstomus pacificus,Y,Diffuse pigmentation,,,,,
Southern California Coastal Water Research Project,1994,SCB115,19-Jul-94,34.279,-119.409,Citharichthys sordidus,Y,Parasite,,,,,
Southern California Coastal Water Research Project,1994,SCB1159,28-Jul-94,32.707,-117.304,Microstomus pacificus,Y,Diffuse pigmentation,,,,,
Southern California Coastal Water Research Project,1994,SCB1159,28-Jul-94,32.707,-117.304,Microstomus pacificus,Y,Tumor,,,,,
Southern California Coastal Water Research Project,1994,SCB1169,27-Jul-94,32.63,-117.348,Errex zachirus,Y,Diffuse pigmentation,,,,,
Southern California Coastal Water Research Project,1994,SCB1169,27-Jul-94,32.63,-117.348,Microstomus pacificus,Y,Diffuse pigmentation,,,,,
Southern California Coastal Water Research Project,1994,SCB1169,27-Jul-94,32.63,-117.348,Microstomus pacificus,Y,Tumor,,,,,
Southern California Coastal Water Research Project,1994,SCB1173,29-Jul-94,32.61,-117.398,Citharichthys sordidus,Y,Parasite,,,,,
Southern California Coastal Water Research Project,1994,SCB1173,29-Jul-94,32.61,-117.398,Microstomus pacificus,Y,Diffuse pigmentation,,,,,
Southern California Coastal Water Research Project,1994,SCB1173,29-Jul-94,32.61,-117.398,Pleuronichthys verticalis,Y,Ambicoloration,,,,,
Southern California Coastal Water Research Project,1994,SCB1173,29-Jul-94,32.61,-117.398,Symphurus atricauda,Y,Ambicoloration,,,,,
Southern California Coastal Water Research Project,1994,SCB1175,27-Jul-94,32.545,-117.233,Errex zachirus,Y,Diffuse pigmentation,,,,,
Southern California Coastal Water Research Project,1994,SCB1175,27-Jul-94,32.545,-117.233,Microstomus pacificus,Y,Ambicoloration,,,,,
Southern California Coastal Water Research Project,1994,SCB1175,27-Jul-94,32.545,-117.233,Microstomus pacificus,Y,Diffuse pigmentation,,,,,
Southern California Coastal Water Research Project,1994,SCB1175,27-Jul-94,32.545,-117.233,Symphurus atricauda,Y,Ambicoloration,,,,,
Southern California Coastal Water Research Project,1994,SCB1208,26-Jul-94,34.418,-120.077,Paralichthys californicus,Y,Ambicoloration,,,,,
Southern California Coastal Water Research Project,1994,SCB1208,26-Jul-94,34.418,-120.077,Paralichthys californicus,Y,Diffuse pigmentation,,,,,
Southern California Coastal Water Research Project,1994,SCB1208,26-Jul-94,34.418,-120.077,Paralichthys californicus,Y,Parasite,,,,,
Southern California Coastal Water Research Project,1994,SCB122,18-Jul-94,34.244,-119.604,Citharichthys sordidus,Y,Parasite,,,,,
Southern California Coastal Water Research Project,1994,SCB1222,26-Jul-94,34.404,-119.781,Paralichthys californicus,Y,Ambicoloration,,,,,
Southern California Coastal Water Research Project,1994,SCB1222,26-Jul-94,34.404,-119.781,Pleuronichthys ritteri,Y,Ambicoloration,,,,,
Southern California Coastal Water Research Project,1994,SCB1222,26-Jul-94,34.404,-119.781,Pleuronichthys ritteri,Y,Skeletal deformity,,,,,
Southern California Coastal Water Research Project,1994,SCB1227,26-Jul-94,34.38,-120.399,Paralichthys californicus,Y,Ambicoloration,,,,,
Southern California Coastal Water Research Project,1994,SCB1227,26-Jul-94,34.38,-120.399,Pleuronichthys verticalis,Y,Albinism,,,,,
Southern California Coastal Water Research Project,1994,SCB1256,26-Jul-94,34.338,-119.447,Paralichthys californicus,Y,Ambicoloration,,,,,
Southern California Coastal Water Research Project,1994,SCB1256,26-Jul-94,34.338,-119.447,Pleuronichthys verticalis,Y,Ambicoloration,,,,,
Southern California Coastal Water Research Project,1994,SCB1267,2-Aug-94,34.324,-119.533,Microstomus pacificus,Y,Diffuse pigmentation,,,,,
Southern California Coastal Water Research Project,1994,SCB1267,2-Aug-94,34.324,-119.533,Symphurus atricauda,Y,Ambicoloration,,,,,
Southern California Coastal Water Research Project,1994,SCB1300,22-Jul-94,34.258,-119.326,Pleuronichthys verticalis,Y,Parasite,,,,,
Southern California Coastal Water Research Project,1994,SCB1332,26-Jul-94,34.22,-119.374,Hippoglossina stomata,Y,Parasite,,,,,
Southern California Coastal Water Research Project,1994,SCB1355,22-Jul-94,34.165,-119.446,Pleuronichthys verticalis,Y,Parasite,,,,,
Southern California Coastal Water Research Project,1994,SCB1401,26-Jul-94,34.089,-119.074,Pleuronichthys verticalis,Y,Parasite,,,,,
Southern California Coastal Water Research Project,1994,SCB1415,26-Jul-94,34.077,-119.086,Pleuronichthys verticalis,Y,Lesion,,,,,
Southern California Coastal Water Research Project,1994,SCB1418,23-Jul-94,34.025,-118.665,Citharichthys sordidus,Y,Parasite,,,,,
Southern California Coastal Water Research Project,1994,SCB1424,23-Jul-94,34.023,-118.747,Paralichthys californicus,Y,Parasite,,,,,
Southern California Coastal Water Research Project,1994,SCB1424,23-Jul-94,34.023,-118.747,Pleuronichthys verticalis,Y,Parasite,,,,,
Southern California Coastal Water Research Project,1994,SCB1424,23-Jul-94,34.023,-118.747,Symphurus atricauda,Y,Diffuse pigmentation,,,,,
Southern California Coastal Water Research Project,1994,SCB1426,27-Jul-94,34.02,-118.664,Paralichthys californicus,Y,Parasite,,,,,
Southern California Coastal Water Research Project,1994,SCB1476,29-Jul-94,33.994,-119,Microstomus pacificus,Y,Diffuse pigmentation,,,,,
Southern California Coastal Water Research Project,1994,SCB1550,21-Jul-94,33.984,-118.569,Raja inornata,Y,Parasite,,,,,
Southern California Coastal Water Research Project,1994,SCB1585,21-Jul-94,33.923,-118.554,Symphurus atricauda,Y,Diffuse pigmentation,,,,,
Southern California Coastal Water Research Project,1994,SCB1667,20-Jul-94,33.852,-118.461,Raja inornata,Y,Parasite,,,,,
Southern California Coastal Water Research Project,1994,SCB1794,19-Jul-94,33.603,-118.05,Microstomus pacificus,Y,Tumor,,,,,
Southern California Coastal Water Research Project,1994,SCB1850,21-Jul-94,33.071,-117.316,Microstomus pacificus,Y,Lesion,,,,,
Southern California Coastal Water Research Project,1994,SCB255,18-Jul-94,33.962,-118.487,Eopsetta exilis,Y,Lesion,,,,,
Southern California Coastal Water Research Project,1994,SCB665,21-Jul-94,34.448,-120.224,Synodus lucioceps,Y,Parasite,,,,,
Southern California Coastal Water Research Project,1994,SCB739,23-Jul-94,34.387,-119.814,Microstomus pacificus,Y,Tumor,,,,,
Southern California Coastal Water Research Project,1994,SCB902,10-Aug-94,34.03,-118.635,Hippoglossina stomata,Y,Parasite,,,,,
Southern California Coastal Water Research Project,1994,SCB960,10-Aug-94,33.983,-118.537,Pleuronichthys verticalis,Y,Albinism,,,,,
Southern California Coastal Water Research Project,1994,SCB993,10-Aug-94,33.934,-118.567,Pleuronichthys verticalis,Y,Parasite,,,,,
EMAP-West Coast,2000,WA00-0001,1-Aug-00,48.984,-122.993,Platichthys stellatus,Y,Philometra,Skin/fins,,,250,1
EMAP-West Coast,2000,WA00-0001,1-Aug-00,48.984,-122.993,Platichthys stellatus,Y,sea lice,Skin/fins,,,260,2
EMAP-West Coast,2000,WA00-0001,1-Aug-00,48.984,-122.993,Platichthys stellatus,Y,sea lice,Skin/fins,,,290,3
EMAP-West Coast,2000,WA00-0001,1-Aug-00,48.984,-122.993,Platichthys stellatus,Y,sea lice,Skin/fins,,,310,4
EMAP-West Coast,2000,WA00-0001,1-Aug-00,48.984,-122.993,Platichthys stellatus,Y,"Philometra, sea lice",Skin/fins,,,270,5
EMAP-West Coast,2000,WA00-0001,1-Aug-00,48.984,-122.993,Pleuronectes bilineatus,Y,sea lice,Skin/fins,,,300,1
EMAP-West Coast,2000,WA00-0003,2-Aug-00,48.815,-122.719,Parophrys vetulus,Y,Philometra,Skin/fins,,,190,1
EMAP-West Coast,2000,WA00-0003,2-Aug-00,48.815,-122.719,Parophrys vetulus,Y,Philometra,Skin/fins,,,210,2
EMAP-West Coast,2000,WA00-0003,2-Aug-00,48.815,-122.719,Platichthys stellatus,Y,Philometra,Skin/fins,,,290,1
EMAP-West Coast,2000,WA00-0003,2-Aug-00,48.815,-122.719,Platichthys stellatus,Y,Philometra,Skin/fins,,,310,2
EMAP-West Coast,2000,WA00-0003,2-Aug-00,48.815,-122.719,Pleuronectes isolepis,Y,Philometra,Skin/fins,,,200,1
EMAP-West Coast,2000,WA00-0003,2-Aug-00,48.815,-122.719,Psettichthys melanostictus,Y,"Philometra, copepod on gills",Skin/fins,,,260,1
EMAP-West Coast,2000,WA00-0004,31-Jul-00,48.75,-122.49,Microgadus proximus,Y,copepod on gill,Branchial chamber,,,140,1
EMAP-West Coast,2000,WA00-0004,31-Jul-00,48.75,-122.49,Parophrys vetulus,Y,Philometra,Skin/fins,,,210,1
EMAP-West Coast,2000,WA00-0004,31-Jul-00,48.75,-122.49,Platichthys stellatus,Y,Philometra,Skin/fins,,,320,1
EMAP-West Coast,2000,WA00-0004,31-Jul-00,48.75,-122.49,Platichthys stellatus,Y,Philometra,Skin/fins,,,330,2
EMAP-West Coast,2000,WA00-0004,31-Jul-00,48.75,-122.49,Platichthys stellatus,Y,"fin erosion, caudal fin",Skin/fins,,,360,3
EMAP-West Coast,2000,WA00-0004,31-Jul-00,48.75,-122.49,Platichthys stellatus,Y,Philometra,Skin/fins,,,420,4
EMAP-West Coast,2000,WA00-0004,31-Jul-00,48.75,-122.49,Platichthys stellatus,Y,Philometra,Skin/fins,,,390,5
EMAP-West Coast,2000,WA00-0004,31-Jul-00,48.75,-122.49,Platichthys stellatus,Y,fin erosion with bent rays in caudal fin,Skin/fins,,,370,6
EMAP-West Coast,2000,WA00-0004,31-Jul-00,48.75,-122.49,Pleuronectes isolepis,Y,Philometra,Skin/fins,,,190,1
EMAP-West Coast,2000,WA00-0012,21-Jun-00,48.156,-122.535,Pleuronectes bilineatus,Y,Philometra,Skin/fins,,,330,1
EMAP-West Coast,2000,WA00-0013,20-Jun-00,48.039,-122.316,Merluccius productus,Y,white spots on gill,Branchial chamber,,,240,1
EMAP-West Coast,2000,WA00-0013,20-Jun-00,48.039,-122.316,Merluccius productus,Y,white spots on gill,Branchial chamber,,,330,2
EMAP-West Coast,2000,WA00-0013,20-Jun-00,48.039,-122.316,Merluccius productus,Y,white spots on gill,Branchial chamber,,,340,3
EMAP-West Coast,2000,WA00-0013,20-Jun-00,48.039,-122.316,Parophrys vetulus,Y,Philometra in muscle,Musculoskeleton,,,270,1
EMAP-West Coast,2000,WA00-0013,20-Jun-00,48.039,-122.316,Parophrys vetulus,Y,Philometra in muscle,Musculoskeleton,,,340,2
EMAP-West Coast,2000,WA00-0015,18-Aug-00,48.04,-122.743,Psettichthys melanostictus,Y,"Philometra on fins, sea lice on skin",Skin/fins,,,400,1
EMAP-West Coast,2000,WA00-0016,18-Aug-00,47.994,-122.678,Parophrys vetulus,Y,Philometra,Skin/fins,,,310,1
EMAP-West Coast,2000,WA00-0017,17-Aug-00,47.982,-122.503,Parophrys vetulus,Y,Philometra,Skin/fins,,,290,1
EMAP-West Coast,2000,WA00-0017,17-Aug-00,47.982,-122.503,Parophrys vetulus,Y,Philometra,Skin/fins,,,360,2
EMAP-West Coast,2000,WA00-0017,17-Aug-00,47.982,-122.503,Parophrys vetulus,Y,Philometra,Skin/fins,,,230,3
EMAP-West Coast,2000,WA00-0017,17-Aug-00,47.982,-122.503,Parophrys vetulus,Y,Philometra,Skin/fins,,,220,4
EMAP-West Coast,2000,WA00-0017,17-Aug-00,47.982,-122.503,Parophrys vetulus,Y,Philometra,Skin/fins,,,250,5
EMAP-West Coast,2000,WA00-0017,17-Aug-00,47.982,-122.503,Parophrys vetulus,Y,"Philometra, sea lice",Skin/fins,,,350,6
EMAP-West Coast,2000,WA00-0017,17-Aug-00,47.982,-122.503,Parophrys vetulus,Y,"lymphocyistis on all fins, scoliosis, philometra",Skin/fins,,,310,7
EMAP-West Coast,2000,WA00-0017,17-Aug-00,47.982,-122.503,Parophrys vetulus,Y,lymphocystis on fins,Skin/fins,,,210,8
EMAP-West Coast,2000,WA00-0017,17-Aug-00,47.982,-122.503,Platichthys stellatus,Y,Philometra,Skin/fins,,,470,1
EMAP-West Coast,2000,WA00-0017,17-Aug-00,47.982,-122.503,Platichthys stellatus,Y,Philometra,Skin/fins,,,530,2
EMAP-West Coast,2000,WA00-0018,20-Jun-00,47.907,-122.337,Parophrys vetulus,Y,Philometra in muscle,Musculoskeleton,,,260,1
EMAP-West Coast,2000,WA00-0018,20-Jun-00,47.907,-122.337,Parophrys vetulus,Y,Philometra in muscle,Musculoskeleton,,,280,2
EMAP-West Coast,2000,WA00-0018,20-Jun-00,47.907,-122.337,Parophrys vetulus,Y,Philometra in muscle,Musculoskeleton,,,300,3
EMAP-West Coast,2000,WA00-0018,20-Jun-00,47.907,-122.337,Parophrys vetulus,Y,Philometra in muscle,Musculoskeleton,,,310,4
EMAP-West Coast,2000,WA00-0018,20-Jun-00,47.907,-122.337,Parophrys vetulus,Y,Philometra in muscle,Musculoskeleton,,,320,5
EMAP-West Coast,2000,WA00-0018,20-Jun-00,47.907,-122.337,Parophrys vetulus,Y,Philometra in muscle,Musculoskeleton,,,330,6
EMAP-West Coast,2000,WA00-0021,18-Jul-00,47.624,-122.374,Parophrys vetulus,Y,Philometra,Skin/fins,,,180,1
EMAP-West Coast,2000,WA00-0021,18-Jul-00,47.624,-122.374,Parophrys vetulus,Y,Philometra,Skin/fins,,,190,2
EMAP-West Coast,2000,WA00-0021,18-Jul-00,47.624,-122.374,Parophrys vetulus,Y,Philometra,Skin/fins,,,200,3
EMAP-West Coast,2000,WA00-0021,18-Jul-00,47.624,-122.374,Parophrys vetulus,Y,Philometra,Skin/fins,,,210,4
EMAP-West Coast,2000,WA00-0021,18-Jul-00,47.624,-122.374,Parophrys vetulus,Y,Philometra,Skin/fins,,,220,5
EMAP-West Coast,2000,WA00-0022,18-Jul-00,47.585,-122.346,Parophrys vetulus,Y,Philometra,Skin/fins,,,210,1
EMAP-West Coast,2000,WA00-0022,18-Jul-00,47.585,-122.346,Parophrys vetulus,Y,Philometra,Skin/fins,,,230,2
EMAP-West Coast,2000,WA00-0022,18-Jul-00,47.585,-122.346,Parophrys vetulus,Y,Philometra,Skin/fins,,,240,3
EMAP-West Coast,2000,WA00-0022,18-Jul-00,47.585,-122.346,Psettichthys melanostictus,Y,Philometra,Skin/fins,,,360,1
EMAP-West Coast,2000,WA00-0023,21-Aug-00,47.924,-122.68,Platichthys stellatus,Y,fin erosion,Skin/fins,,,280,1
EMAP-West Coast,2000,WA00-0026,26-Jun-00,47.821,-122.818,Lycodes palearis,Y,Philometra in muscle,Skin/fins,,,170,1
EMAP-West Coast,2000,WA00-0026,26-Jun-00,47.821,-122.818,Merluccius productus,Y,white spots on gills,Branchial chamber,,,210,1
EMAP-West Coast,2000,WA00-0026,26-Jun-00,47.821,-122.818,Merluccius productus,Y,white spots on gills,Branchial chamber,,,210,2
EMAP-West Coast,2000,WA00-0026,26-Jun-00,47.821,-122.818,Merluccius productus,Y,white spots on gills,Branchial chamber,,,220,3
EMAP-West Coast,2000,WA00-0026,26-Jun-00,47.821,-122.818,Merluccius productus,Y,white spots on gills,Branchial chamber,,,230,4
EMAP-West Coast,2000,WA00-0026,26-Jun-00,47.821,-122.818,Merluccius productus,Y,white spots on gills,Branchial chamber,,,240,5
EMAP-West Coast,2000,WA00-0026,26-Jun-00,47.821,-122.818,Parophrys vetulus,Y,Philometra,Skin/fins,,,210,1
EMAP-West Coast,2000,WA00-0026,26-Jun-00,47.821,-122.818,Parophrys vetulus,Y,Philometra,Skin/fins,,,240,2
EMAP-West Coast,2000,WA00-0026,26-Jun-00,47.821,-122.818,Parophrys vetulus,Y,Philometra,Skin/fins,,,250,3
EMAP-West Coast,2000,WA00-0027,26-Jun-00,47.735,-122.844,Parophrys vetulus,Y,Philometra,Skin/fins,,,250,1
EMAP-West Coast,2000,WA00-0027,26-Jun-00,47.735,-122.844,Parophrys vetulus,Y,Philometra,Skin/fins,,,260,2
EMAP-West Coast,2000,WA00-0027,26-Jun-00,47.735,-122.844,Parophrys vetulus,Y,possible tumor,Liver,,,260,3
EMAP-West Coast,2000,WA00-0027,26-Jun-00,47.735,-122.844,Parophrys vetulus,Y,Philometra,Skin/fins,,,280,4
EMAP-West Coast,2000,WA00-0027,26-Jun-00,47.735,-122.844,Parophrys vetulus,Y,possible tumor,Liver,,,310,5
EMAP-West Coast,2000,WA00-0028,27-Jun-00,47.421,-123.11,Lycodes palearis,Y,Philometra in muscle,Musculoskeleton,,,140,1
EMAP-West Coast,2000,WA00-0028,27-Jun-00,47.421,-123.11,Lycodes palearis,Y,Philometra in muscle,Musculoskeleton,,,150,2
EMAP-West Coast,2000,WA00-0028,27-Jun-00,47.421,-123.11,Lycodes palearis,Y,Philometra in muscle,Musculoskeleton,,,180,3
EMAP-West Coast,2000,WA00-0028,27-Jun-00,47.421,-123.11,Lycodes palearis,Y,Philometra in muscle,Musculoskeleton,,,190,4
EMAP-West Coast,2000,WA00-0028,27-Jun-00,47.421,-123.11,Merluccius productus,Y,White spots on gills,Branchial chamber,,,250,1
EMAP-West Coast,2000,WA00-0028,27-Jun-00,47.421,-123.11,Merluccius productus,Y,White spots on gills,Branchial chamber,,,270,2
EMAP-West Coast,2000,WA00-0028,27-Jun-00,47.421,-123.11,Merluccius productus,Y,White spots on gills,Branchial chamber,,,390,3
EMAP-West Coast,2000,WA00-0028,27-Jun-00,47.421,-123.11,Merluccius productus,Y,White spots on gills,Branchial chamber,,,460,4
EMAP-West Coast,2000,WA00-0028,27-Jun-00,47.421,-123.11,Merluccius productus,Y,White spots on gills,Branchial chamber,,,480,5
EMAP-West Coast,2000,WA00-0028,27-Jun-00,47.421,-123.11,Merluccius productus,Y,White spots on gills,Branchial chamber,,,510,6
EMAP-West Coast,2000,WA00-0030,22-Aug-00,47.378,-123.129,Parophrys vetulus,Y,Philometra,Skin/fins,,,200,1
EMAP-West Coast,2000,WA00-0030,22-Aug-00,47.378,-123.129,Parophrys vetulus,Y,Philometra,Skin/fins,,,210,2
EMAP-West Coast,2000,WA00-0030,22-Aug-00,47.378,-123.129,Parophrys vetulus,Y,Philometra,Skin/fins,,,260,3
EMAP-West Coast,2000,WA00-0035,16-Jun-00,47.148,-122.659,Microgadus proximus,Y,copepod on gill,Branchial chamber,,,160,1
EMAP-West Coast,2000,WA00-0035,16-Jun-00,47.148,-122.659,Parophrys vetulus,Y,Philometra in muscle,Musculoskeleton,,,200,1
EMAP-West Coast,2000,WA00-0035,16-Jun-00,47.148,-122.659,Parophrys vetulus,Y,Philometra in muscle,Musculoskeleton,,,240,2
EMAP-West Coast,2000,WA00-0035,16-Jun-00,47.148,-122.659,Parophrys vetulus,Y,Philometra in muscle,Musculoskeleton,,,250,3
EMAP-West Coast,2000,WA00-0035,16-Jun-00,47.148,-122.659,Parophrys vetulus,Y,Philometra in muscle,Musculoskeleton,,,260,4
EMAP-West Coast,2000,WA00-0035,16-Jun-00,47.148,-122.659,Parophrys vetulus,Y,Philometra in muscle,Musculoskeleton,,,270,5
EMAP-West Coast,2000,WA00-0035,16-Jun-00,47.148,-122.659,Parophrys vetulus,Y,Philometra in muscle,Musculoskeleton,,,280,6
EMAP-West Coast,2000,WA00-0035,16-Jun-00,47.148,-122.659,Parophrys vetulus,Y,Philometra in muscle,Musculoskeleton,,,290,7
EMAP-West Coast,2000,WA00-0035,16-Jun-00,47.148,-122.659,Parophrys vetulus,Y,Philometra in muscle,Musculoskeleton,,,310,8
EMAP-West Coast,2000,WA00-0035,16-Jun-00,47.148,-122.659,Parophrys vetulus,Y,Philometra in muscle,Musculoskeleton,,,320,9
EMAP-West Coast,2000,WA00-0035,16-Jun-00,47.148,-122.659,Parophrys vetulus,Y,Philometra in muscle,Musculoskeleton,,,350,10
EMAP-West Coast,2000,WA00-0037,19-Jul-00,47.338,-122.584,Parophrys vetulus,Y,Philometra,Skin/fins,,,200,1
EMAP-West Coast,2000,WA00-0037,19-Jul-00,47.338,-122.584,Parophrys vetulus,Y,Philometra,Skin/fins,,,210,2
EMAP-West Coast,2000,WA00-0037,19-Jul-00,47.338,-122.584,Parophrys vetulus,Y,Philometra,Skin/fins,,,220,3
EMAP-West Coast,2000,WA00-0037,19-Jul-00,47.338,-122.584,Parophrys vetulus,Y,Philometra,Skin/fins,,,230,4
EMAP-West Coast,2000,WA00-0037,19-Jul-00,47.338,-122.584,Parophrys vetulus,Y,Philometra,Skin/fins,,,240,5
EMAP-West Coast,2000,WA00-0037,19-Jul-00,47.338,-122.584,Parophrys vetulus,Y,Philometra,Skin/fins,,,250,6
EMAP-West Coast,2000,WA00-0037,19-Jul-00,47.338,-122.584,Parophrys vetulus,Y,Philometra,Skin/fins,,,270,7
EMAP-West Coast,2000,WA00-0037,19-Jul-00,47.338,-122.584,Parophrys vetulus,Y,x-cell psuedotumor,Skin/fins,,,170,8
EMAP-West Coast,2000,WA00-0037,19-Jul-00,47.338,-122.584,Pleuronectes bilineatus,Y,Philometra,Skin/fins,,,190,1
EMAP-West Coast,2000,WA00-0037,19-Jul-00,47.338,-122.584,Pleuronectes bilineatus,Y,Philometra,Skin/fins,,,250,2
EMAP-West Coast,2000,WA00-0037,19-Jul-00,47.338,-122.584,Pleuronectes bilineatus,Y,Philometra,Skin/fins,,,260,3
EMAP-West Coast,2000,WA00-0037,19-Jul-00,47.338,-122.584,Pleuronectes bilineatus,Y,Philometra,Skin/fins,,,280,4
EMAP-West Coast,2000,WA00-0038,15-Jun-00,47.511,-122.486,Microstomus pacificus,Y,x-cell psuedotumor,Skin/fins,,,190,1
EMAP-West Coast,2000,WA00-0038,15-Jun-00,47.511,-122.486,Parophrys vetulus,Y,Philometra in muscle,Musculoskeleton,,,260,1
EMAP-West Coast,2000,WA00-0038,15-Jun-00,47.511,-122.486,Parophrys vetulus,Y,Philometra in muscle,Musculoskeleton,,,270,2
EMAP-West Coast,2000,WA00-0038,15-Jun-00,47.511,-122.486,Parophrys vetulus,Y,Philometra in muscle,Musculoskeleton,,,280,3
EMAP-West Coast,2000,WA00-0038,15-Jun-00,47.511,-122.486,Parophrys vetulus,Y,Philometra in muscle,Musculoskeleton,,,300,4
EMAP-West Coast,2000,WA00-0038,15-Jun-00,47.511,-122.486,Parophrys vetulus,Y,Philometra in muscle,Musculoskeleton,,,310,5
EMAP-West Coast,2000,WA00-0038,15-Jun-00,47.511,-122.486,Parophrys vetulus,Y,Philometra in muscle,Musculoskeleton,,,320,6
EMAP-West Coast,2000,WA00-0038,15-Jun-00,47.511,-122.486,Parophrys vetulus,Y,Philometra in muscle,Musculoskeleton,,,330,7
EMAP-West Coast,2000,WA00-0038,15-Jun-00,47.511,-122.486,Parophrys vetulus,Y,Philometra in muscle,Musculoskeleton,,,350,8
EMAP-West Coast,2000,WA00-0038,15-Jun-00,47.511,-122.486,Parophrys vetulus,Y,Philometra in muscle,Musculoskeleton,,,360,9
EMAP-West Coast,2000,WA00-0038,15-Jun-00,47.511,-122.486,Pleuronectes bilineatus,Y,Philometra in muscle,Musculoskeleton,,,240,1
EMAP-West Coast,2000,WA00-0038,15-Jun-00,47.511,-122.486,Pleuronichthys coenosus,Y,leech,Skin/fins,,,310,1
EMAP-West Coast,2000,WA00-0039,19-Jun-00,47.472,-122.507,Errex zachirus,Y,Philometra in muscle,Musculoskeleton,,,310,1
EMAP-West Coast,2000,WA00-0039,19-Jun-00,47.472,-122.507,Microgadus proximus,Y,copepods on gill,Branchial chamber,,,210,1
EMAP-West Coast,2000,WA00-0039,19-Jun-00,47.472,-122.507,Microstomus pacificus,Y,x-cell psuedotumor in skin/muscle,Skin/fins,,,210,1
EMAP-West Coast,2000,WA00-0039,19-Jun-00,47.472,-122.507,Microstomus pacificus,Y,x-cell psuedotumor in skin/muscle,Skin/fins,,,220,2
EMAP-West Coast,2000,WA00-0039,19-Jun-00,47.472,-122.507,Parophrys vetulus,Y,Philometra in muscle,Musculoskeleton,,,260,1
EMAP-West Coast,2000,WA00-0039,19-Jun-00,47.472,-122.507,Parophrys vetulus,Y,Philometra in muscle,Musculoskeleton,,,270,2
EMAP-West Coast,2000,WA00-0039,19-Jun-00,47.472,-122.507,Parophrys vetulus,Y,Philometra in muscle,Musculoskeleton,,,280,3
EMAP-West Coast,2000,WA00-0039,19-Jun-00,47.472,-122.507,Parophrys vetulus,Y,Philometra in muscle,Musculoskeleton,,,290,4
EMAP-West Coast,2000,WA00-0039,19-Jun-00,47.472,-122.507,Parophrys vetulus,Y,Philometra in muscle,Musculoskeleton,,,300,5
EMAP-West Coast,2000,WA00-0039,19-Jun-00,47.472,-122.507,Parophrys vetulus,Y,Philometra in muscle,Musculoskeleton,,,310,6
EMAP-West Coast,2000,WA00-0039,19-Jun-00,47.472,-122.507,Parophrys vetulus,Y,Philometra in muscle,Musculoskeleton,,,320,7
EMAP-West Coast,2000,WA00-0039,19-Jun-00,47.472,-122.507,Parophrys vetulus,Y,Philometra in muscle,Musculoskeleton,,,330,8
EMAP-West Coast,2000,WA00-0039,19-Jun-00,47.472,-122.507,Parophrys vetulus,Y,Philometra in muscle,Musculoskeleton,,,340,9
EMAP-West Coast,2000,WA00-0039,19-Jun-00,47.472,-122.507,Parophrys vetulus,Y,Philometra in muscle,Musculoskeleton,,,350,10
EMAP-West Coast,2000,WA00-0039,19-Jun-00,47.472,-122.507,Parophrys vetulus,Y,Philometra in muscle,Musculoskeleton,,,360,11
EMAP-West Coast,2000,WA00-0039,19-Jun-00,47.472,-122.507,Parophrys vetulus,Y,Philometra in muscle,Musculoskeleton,,,370,12
EMAP-West Coast,2000,WA00-0039,19-Jun-00,47.472,-122.507,Parophrys vetulus,Y,Philometra in muscle,Musculoskeleton,,,380,13
EMAP-West Coast,2000,WA00-0039,19-Jun-00,47.472,-122.507,Parophrys vetulus,Y,Philometra in muscle,Musculoskeleton,,,,14
EMAP-West Coast,2000,WA00-0039,19-Jun-00,47.472,-122.507,Pleuronectes bilineatus,Y,Philometra in muscle,Musculoskeleton,,,240,1
EMAP-West Coast,2000,WA00-0039,19-Jun-00,47.472,-122.507,Pleuronectes bilineatus,Y,Philometra in muscle,Musculoskeleton,,,270,2
EMAP-West Coast,2000,WA00-0039,19-Jun-00,47.472,-122.507,Pleuronectes bilineatus,Y,Philometra in muscle,Musculoskeleton,,,280,3
EMAP-West Coast,2000,WA00-0039,19-Jun-00,47.472,-122.507,Pleuronectes bilineatus,Y,Philometra in muscle,Musculoskeleton,,,290,4
EMAP-West Coast,2000,WA00-0039,19-Jun-00,47.472,-122.507,Pleuronectes bilineatus,Y,Philometra in muscle,Musculoskeleton,,,310,5
EMAP-West Coast,2000,WA00-0039,19-Jun-00,47.472,-122.507,Sebastes auriculatus,Y,copepods on gill,Branchial chamber,,,220,1
EMAP-West Coast,2000,WA00-0039,19-Jun-00,47.472,-122.507,Sebastes auriculatus,Y,copepods on gill,Branchial chamber,,,250,2
EMAP-West Coast,2000,WA00-0039,19-Jun-00,47.472,-122.507,Sebastes maliger,Y,copepods on gill,Branchial chamber,,,240,1
EMAP-West Coast,2000,WA00-0040,16-Jun-00,47.285,-122.472,Parophrys vetulus,Y,Philometra in muscle,Musculoskeleton,,,230,1
EMAP-West Coast,2000,WA00-0040,16-Jun-00,47.285,-122.472,Parophrys vetulus,Y,Philometra in muscle,Musculoskeleton,,,240,2
EMAP-West Coast,2000,WA00-0040,16-Jun-00,47.285,-122.472,Parophrys vetulus,Y,Philometra in muscle,Musculoskeleton,,,250,3
EMAP-West Coast,2000,WA00-0040,16-Jun-00,47.285,-122.472,Parophrys vetulus,Y,Philometra in muscle,Musculoskeleton,,,260,4
EMAP-West Coast,2000,WA00-0040,16-Jun-00,47.285,-122.472,Parophrys vetulus,Y,Philometra in muscle,Musculoskeleton,,,270,5
EMAP-West Coast,2000,WA00-0040,16-Jun-00,47.285,-122.472,Parophrys vetulus,Y,Philometra in muscle,Musculoskeleton,,,280,6
EMAP-West Coast,2000,WA00-0040,16-Jun-00,47.285,-122.472,Parophrys vetulus,Y,Philometra in muscle,Musculoskeleton,,,290,7
EMAP-West Coast,2000,WA00-0040,16-Jun-00,47.285,-122.472,Parophrys vetulus,Y,Philometra in muscle,Musculoskeleton,,,320,8
EMAP-West Coast,2000,WA00-0040,16-Jun-00,47.285,-122.472,Parophrys vetulus,Y,Philometra in muscle,Musculoskeleton,,,,9
EMAP-West Coast,2000,WA00-0040,16-Jun-00,47.285,-122.472,Sebastes maliger,Y,copepods on gills,Branchial chamber,,,290,1
EMAP-West Coast,2000,WA00-0041,19-Jul-00,47.279,-122.398,Parophrys vetulus,Y,Philometra,Skin/fins,,,200,1
EMAP-West Coast,2000,WA00-0041,19-Jul-00,47.279,-122.398,Parophrys vetulus,Y,Philometra,Skin/fins,,,210,2
EMAP-West Coast,2000,WA00-0041,19-Jul-00,47.279,-122.398,Parophrys vetulus,Y,Philometra,Skin/fins,,,220,3
EMAP-West Coast,2000,WA00-0041,19-Jul-00,47.279,-122.398,Parophrys vetulus,Y,Philometra,Skin/fins,,,230,4
EMAP-West Coast,2000,WA00-0041,19-Jul-00,47.279,-122.398,Parophrys vetulus,Y,Philometra,Skin/fins,,,240,5
EMAP-West Coast,2000,WA00-0041,19-Jul-00,47.279,-122.398,Parophrys vetulus,Y,Philometra,Skin/fins,,,250,6
EMAP-West Coast,2000,WA00-0042,6-Aug-00,48.937,-123.735,Platichthys stellatus,Y,copepod,Skin/fins,,,330,1
EMAP-West Coast,2000,WA00-0042,6-Aug-00,48.937,-123.735,Pleuronectes bilineatus,Y,sea lice,Skin/fins,,,230,1
EMAP-West Coast,2000,WA00-0042,6-Aug-00,48.937,-123.735,Pleuronectes bilineatus,Y,sea lice,Skin/fins,,,250,2
EMAP-West Coast,2000,WA00-0042,6-Aug-00,48.937,-123.735,Pleuronectes bilineatus,Y,parasite,Skin/fins,,,170,3
EMAP-West Coast,2000,WA00-0042,6-Aug-00,48.937,-123.735,Pleuronectes bilineatus,Y,parasite,Skin/fins,,,390,4
EMAP-West Coast,2000,WA00-0043,24-Jun-00,48.952,-123.363,Bathyraja interrupta,Y,leeches,Skin/fins,,,420,1
EMAP-West Coast,2000,WA00-0043,24-Jun-00,48.952,-123.363,Merluccius productus,Y,small white spots on gills,Branchial chamber,,,240,1
EMAP-West Coast,2000,WA00-0043,24-Jun-00,48.952,-123.363,Merluccius productus,Y,small white spots on gills,Branchial chamber,,,250,2
EMAP-West Coast,2000,WA00-0043,24-Jun-00,48.952,-123.363,Merluccius productus,Y,small white spots on gills,Branchial chamber,,,270,3
EMAP-West Coast,2000,WA00-0043,24-Jun-00,48.952,-123.363,Merluccius productus,Y,small white spots on gills,Branchial chamber,,,280,4
EMAP-West Coast,2000,WA00-0043,24-Jun-00,48.952,-123.363,Merluccius productus,Y,small white spots on gills,Branchial chamber,,,470,5
EMAP-West Coast,2000,WA00-0043,24-Jun-00,48.952,-123.363,Merluccius productus,Y,copepod on gill,Branchial chamber,,,260,6
EMAP-West Coast,2000,WA00-0043,24-Jun-00,48.952,-123.363,Merluccius productus,Y,small white spots on gills,Branchial chamber,,,480,7
EMAP-West Coast,2000,WA00-0043,24-Jun-00,48.952,-123.363,Raja rhina,Y,copepods,Skin/fins,,,590,1
EMAP-West Coast,2000,WA00-0045,24-Jun-00,48.937,-123.201,Gadus macrocephalus,Y,copepods on caudal fin,Skin/fins,,,450,1
EMAP-West Coast,2000,WA00-0045,24-Jun-00,48.937,-123.201,Merluccius productus,Y,small white spots on gills,Branchial chamber,,,260,1
EMAP-West Coast,2000,WA00-0045,24-Jun-00,48.937,-123.201,Merluccius productus,Y,small white spots on gills,Branchial chamber,,,320,2
EMAP-West Coast,2000,WA00-0045,24-Jun-00,48.937,-123.201,Merluccius productus,Y,small white spots on gills,Branchial chamber,,,380,3
EMAP-West Coast,2000,WA00-0045,24-Jun-00,48.937,-123.201,Merluccius productus,Y,small white spots on gills,Branchial chamber,,,510,4
EMAP-West Coast,2000,WA00-0045,24-Jun-00,48.937,-123.201,Merluccius productus,Y,copepods on gill,Branchial chamber,,,270,5
EMAP-West Coast,2000,WA00-0047,3-Aug-00,48.901,-122.925,Parophrys vetulus,Y,bent fin rays on ventral fin,Skin/fins,,,260,1
EMAP-West Coast,2000,WA00-0048,4-Aug-00,48.805,-123.395,Parophrys vetulus,Y,sea lice,Skin/fins,,,250,1
EMAP-West Coast,2000,WA00-0048,4-Aug-00,48.805,-123.395,Parophrys vetulus,Y,Philometra,Skin/fins,,,70,2
EMAP-West Coast,2000,WA00-0048,4-Aug-00,48.805,-123.395,Parophrys vetulus,Y,Philometra,Skin/fins,,,260,3
EMAP-West Coast,2000,WA00-0048,4-Aug-00,48.805,-123.395,Parophrys vetulus,Y,bent and fused ray on anal fin,Skin/fins,,,260,4
EMAP-West Coast,2000,WA00-0048,4-Aug-00,48.805,-123.395,Parophrys vetulus,Y,Philometra,Skin/fins,,,330,5
EMAP-West Coast,2000,WA00-0048,4-Aug-00,48.805,-123.395,Platichthys stellatus,Y,sea lice,Skin/fins,,,570,1
EMAP-West Coast,2000,WA00-0048,4-Aug-00,48.805,-123.395,Pleuronectes bilineatus,Y,sea lice,Skin/fins,,,330,1
EMAP-West Coast,2000,WA00-0048,4-Aug-00,48.805,-123.395,Pleuronectes bilineatus,Y,sea lice,Skin/fins,,,370,2
EMAP-West Coast,2000,WA00-0049,4-Aug-00,48.712,-123.528,Parophrys vetulus,Y,bent rays with fusion,Skin/fins,,,260,1
EMAP-West Coast,2000,WA00-0049,4-Aug-00,48.712,-123.528,Parophrys vetulus,Y,bent rays with fusion on anal fin,Skin/fins,,,320,2
EMAP-West Coast,2000,WA00-0049,4-Aug-00,48.712,-123.528,Parophrys vetulus,Y,bent rays on anal fin,Skin/fins,,,410,3
EMAP-West Coast,2000,WA00-0050,2-Aug-00,48.824,-122.73,Platichthys stellatus,Y,"Philometra, sea lice",Skin/fins,,,340,1
EMAP-West Coast,2000,WA00-0051,23-Jun-00,48.748,-123.092,Sebastes auriculatus,Y,copepods on gills,Branchial chamber,,,230,1
EMAP-West Coast,2000,WA00-0051,23-Jun-00,48.748,-123.092,Sebastes maliger,Y,copepods on gills,Branchial chamber,,,240,1
EMAP-West Coast,2000,WA00-0051,23-Jun-00,48.748,-123.092,Sebastes maliger,Y,copepods on gills,Branchial chamber,,,260,2
EMAP-West Coast,2000,WA00-0051,23-Jun-00,48.748,-123.092,Sebastes maliger,Y,copepods on gills,Branchial chamber,,,270,3
EMAP-West Coast,2000,WA00-0051,23-Jun-00,48.748,-123.092,Sebastes maliger,Y,copepods on gills,Branchial chamber,,,320,4
EMAP-West Coast,2000,WA00-0051,23-Jun-00,48.748,-123.092,Sebastes maliger,Y,copepods on gills,Branchial chamber,,,330,5
EMAP-West Coast,2000,WA00-0051,23-Jun-00,48.748,-123.092,Sebastes maliger,Y,copepods on gills,Branchial chamber,,,340,6
EMAP-West Coast,2000,WA00-0051,23-Jun-00,48.748,-123.092,Sebastes maliger,Y,copepods on gills,Branchial chamber,,,370,7
EMAP-West Coast,2000,WA00-0053,22-Jun-00,48.701,-122.994,Gadus macrocephalus,Y,copepods on caudal fin,Skin/fins,,,480,1
EMAP-West Coast,2000,WA00-0053,22-Jun-00,48.701,-122.994,Gadus macrocephalus,Y,copepods on caudal fin,Skin/fins,,,700,2
EMAP-West Coast,2000,WA00-0053,22-Jun-00,48.701,-122.994,Microstomus pacificus,Y,x-cell psuedotumor on caudal fin,Skin/fins,,,150,1
EMAP-West Coast,2000,WA00-0053,22-Jun-00,48.701,-122.994,Microstomus pacificus,Y,x-cell psuedotumor on caudal fin,Skin/fins,,,200,2
EMAP-West Coast,2000,WA00-0054,7-Aug-00,48.572,-123.335,Platichthys stellatus,Y,copepods on skin,Skin/fins,,,250,1
EMAP-West Coast,2000,WA00-0054,7-Aug-00,48.572,-123.335,Platichthys stellatus,Y,copepods on skin,Skin/fins,,,260,2
EMAP-West Coast,2000,WA00-0054,7-Aug-00,48.572,-123.335,Platichthys stellatus,Y,copepods on skin,Skin/fins,,,270,3
EMAP-West Coast,2000,WA00-0055,10-Aug-00,48.625,-122.961,Parophrys vetulus,Y,copepod,Skin/fins,,,240,1
EMAP-West Coast,2000,WA00-0056,10-Aug-00,48.612,-123,Pleuronectes bilineatus,Y,thick fin ray on dorsal fin,Skin/fins,,,170,1
EMAP-West Coast,2000,WA00-0056,10-Aug-00,48.612,-123,Pleuronectes bilineatus,Y,unknown parasite under skin; surface copepod,Skin/fins,,,280,2
EMAP-West Coast,2000,WA00-0059,22-Jun-00,48.545,-122.98,Theragra chalcogramma,Y,copepod on gill,Branchial chamber,,,230,1
EMAP-West Coast,2000,WA00-0066,16-Aug-00,48.316,-122.8,Parophrys vetulus,Y,Philometra on fin,Skin/fins,,,260,1
EMAP-West Coast,2000,WA00-0068,17-Aug-00,48.12,-122.623,Citharichthys sordidus,Y,Philometra on skin and fin,Skin/fins,,,280,1
EMAP-West Coast,2000,WA00-0068,17-Aug-00,48.12,-122.623,Parophrys vetulus,Y,Philometra on skin and fin,Skin/fins,,,210,1
EMAP-West Coast,2000,WA00-0068,17-Aug-00,48.12,-122.623,Parophrys vetulus,Y,leech on pectoral fin,Skin/fins,,,250,2
EMAP-West Coast,2000,WA00-0068,17-Aug-00,48.12,-122.623,Parophrys vetulus,Y,Philometra on skin and fin,Skin/fins,,,230,3
EMAP-West Coast,2000,WA00-0068,17-Aug-00,48.12,-122.623,Parophrys vetulus,Y,Philometra on skin and fin,Skin/fins,,,240,4
EMAP-West Coast,2000,WA00-0068,17-Aug-00,48.12,-122.623,Parophrys vetulus,Y,Philometra on skin and fin,Skin/fins,,,260,5
EMAP-West Coast,2000,WA00-0068,17-Aug-00,48.12,-122.623,Parophrys vetulus,Y,Philometra on skin and fin,Skin/fins,,,270,6
EMAP-West Coast,2000,WA00-0068,17-Aug-00,48.12,-122.623,Parophrys vetulus,Y,Philometra on skin and fin,Skin/fins,,,280,7
EMAP-West Coast,2000,WA00-0068,17-Aug-00,48.12,-122.623,Parophrys vetulus,Y,Philometra on skin and fin,Skin/fins,,,290,8
EMAP-West Coast,2000,WA00-0068,17-Aug-00,48.12,-122.623,Parophrys vetulus,Y,Philometra on skin and fin,Skin/fins,,,350,9
EMAP-West Coast,2000,WA00-0068,17-Aug-00,48.12,-122.623,Parophrys vetulus,Y,Philometra on skin and fin,Skin/fins,,,390,10
EMAP-West Coast,2000,WA00-0069,25-Jun-00,47.966,-122.554,Parophrys vetulus,Y,Philometra on skin and fin,Skin/fins,,,190,11
EMAP-West Coast,2000,WA00-0069,25-Jun-00,47.966,-122.554,Parophrys vetulus,Y,Philometra on skin and fin,Skin/fins,,,280,12
EMAP-West Coast,2000,WA00-0070,19-Jun-00,47.866,-122.419,Parophrys vetulus,Y,Philometra on skin and fin,Skin/fins,,,180,13
EMAP-West Coast,2000,WA00-0070,19-Jun-00,47.866,-122.419,Parophrys vetulus,Y,Philometra on skin and fin,Skin/fins,,,200,14
EMAP-West Coast,2000,WA00-0070,19-Jun-00,47.866,-122.419,Parophrys vetulus,Y,Philometra on skin and fin,Skin/fins,,,240,15
EMAP-West Coast,2000,WA00-0070,19-Jun-00,47.866,-122.419,Parophrys vetulus,Y,Philometra on skin and fin,Skin/fins,,,280,16
EMAP-West Coast,2000,WA00-0071,15-Jun-00,47.59,-122.428,Lycodes diapterus,Y,Philometra in muscle,Musculoskeleton,,,250,1
EMAP-West Coast,2000,WA00-0071,15-Jun-00,47.59,-122.428,Lycodes diapterus,Y,Philometra in muscle,Musculoskeleton,,,270,2
EMAP-West Coast,2000,WA00-0071,15-Jun-00,47.59,-122.428,Lycodes diapterus,Y,Philometra in muscle,Musculoskeleton,,,300,3
EMAP-West Coast,2000,WA00-0071,15-Jun-00,47.59,-122.428,Parophrys vetulus,Y,Philometra on skin and fin,Skin/fins,,,260,1
EMAP-West Coast,2000,WA00-0071,15-Jun-00,47.59,-122.428,Parophrys vetulus,Y,Philometra on skin and fin,Skin/fins,,,290,2
EMAP-West Coast,2000,WA00-0071,15-Jun-00,47.59,-122.428,Raja rhina,Y,leeches on skin,Skin/fins,,,350,1
EMAP-West Coast,2000,WA00-0071,15-Jun-00,47.59,-122.428,Raja rhina,Y,leeches on skin,Skin/fins,,,470,2
