UID,SITE_ID,DATE_COL,STATE,VISIT_NO,INDEX_VISIT,SAMPYEAR,SAMPLE_CAT,REP,NUM_SURVIVAL,PER_SURVIVAL,QA_CODE,QA_COMMENT
192,NCCA10-1668,6/18/2010,FL,2,N,2010,P,1,16,0.8,,
192,NCCA10-1668,6/18/2010,FL,2,N,2010,P,2,17,0.85,,
192,NCCA10-1668,6/18/2010,FL,2,N,2010,P,3,17,0.85,,
192,NCCA10-1668,6/18/2010,FL,2,N,2010,P,4,20,1,,
192,NCCA10-1668,6/18/2010,FL,2,N,2010,P,5,18,0.9,,
201,NCCA10-1667,6/18/2010,FL,2,N,2010,P,1,17,0.85,,
201,NCCA10-1667,6/18/2010,FL,2,N,2010,P,2,18,0.9,,
201,NCCA10-1667,6/18/2010,FL,2,N,2010,P,3,18,0.9,,
201,NCCA10-1667,6/18/2010,FL,2,N,2010,P,4,19,0.95,,
201,NCCA10-1667,6/18/2010,FL,2,N,2010,P,5,19,0.95,,
330,NCCAGL10-NPS09-008,7/1/2010,MI,1,N,2010,P,1,8,0.8,,
330,NCCAGL10-NPS09-008,7/1/2010,MI,1,N,2010,P,2,10,1,,
330,NCCAGL10-NPS09-008,7/1/2010,MI,1,N,2010,P,3,9,0.9,,
330,NCCAGL10-NPS09-008,7/1/2010,MI,1,N,2010,P,4,8,0.8,,
331,NCCAGL10-NPS09-004,7/2/2010,MI,1,N,2010,P,1,10,1,,
331,NCCAGL10-NPS09-004,7/2/2010,MI,1,N,2010,P,2,10,1,,
331,NCCAGL10-NPS09-004,7/2/2010,MI,1,N,2010,P,3,10,1,,
331,NCCAGL10-NPS09-004,7/2/2010,MI,1,N,2010,P,4,10,1,,
334,NCCAGL10-1139,7/22/2010,NY,2,N,2010,P,1,9,0.9,Q13,Mean control survival falls below 85% Hyallela minimum; consider removing from NARS analysis
334,NCCAGL10-1139,7/22/2010,NY,2,N,2010,P,2,9,0.9,Q13,Mean control survival falls below 85% Hyallela minimum; consider removing from NARS analysis
334,NCCAGL10-1139,7/22/2010,NY,2,N,2010,P,3,10,1,Q13,Mean control survival falls below 85% Hyallela minimum; consider removing from NARS analysis
334,NCCAGL10-1139,7/22/2010,NY,2,N,2010,P,4,8,0.8,Q13,Mean control survival falls below 85% Hyallela minimum; consider removing from NARS analysis
364,NCCA10-1322,7/21/2010,LA,2,N,2010,P,1,19,0.95,,
364,NCCA10-1322,7/21/2010,LA,2,N,2010,P,2,20,1,,
364,NCCA10-1322,7/21/2010,LA,2,N,2010,P,3,16,0.8,,
364,NCCA10-1322,7/21/2010,LA,2,N,2010,P,4,19,0.95,,
364,NCCA10-1322,7/21/2010,LA,2,N,2010,P,5,16,0.8,,
430,NCCAGL10-NPS09-007,7/9/2010,MI,1,N,2010,P,1,10,1,,
430,NCCAGL10-NPS09-007,7/9/2010,MI,1,N,2010,P,2,10,1,,
430,NCCAGL10-NPS09-007,7/9/2010,MI,1,N,2010,P,3,10,1,,
430,NCCAGL10-NPS09-007,7/9/2010,MI,1,N,2010,P,4,10,1,,
491,NCCAGL10-1004,6/26/2010,MI,2,N,2010,P,1,10,1,,
491,NCCAGL10-1004,6/26/2010,MI,2,N,2010,P,2,10,1,,
491,NCCAGL10-1004,6/26/2010,MI,2,N,2010,P,3,10,1,,
491,NCCAGL10-1004,6/26/2010,MI,2,N,2010,P,4,10,1,,
492,NCCAGL10-1003,6/29/2010,MI,2,N,2010,P,1,10,1,,
492,NCCAGL10-1003,6/29/2010,MI,2,N,2010,P,2,9,0.9,,
492,NCCAGL10-1003,6/29/2010,MI,2,N,2010,P,3,10,1,,
492,NCCAGL10-1003,6/29/2010,MI,2,N,2010,P,4,6,0.6,,
505,NCCA10-1108,7/13/2010,CA,2,N,2010,P,1,19,0.95,,
505,NCCA10-1108,7/13/2010,CA,2,N,2010,P,2,18,0.9,,
505,NCCA10-1108,7/13/2010,CA,2,N,2010,P,3,19,0.95,,
505,NCCA10-1108,7/13/2010,CA,2,N,2010,P,4,19,0.95,,
505,NCCA10-1108,7/13/2010,CA,2,N,2010,P,5,20,1,,
564,NCCA10-1036,8/4/2010,NH,2,N,2010,P,1,20,1,,
564,NCCA10-1036,8/4/2010,NH,2,N,2010,P,2,20,1,,
564,NCCA10-1036,8/4/2010,NH,2,N,2010,P,3,19,0.95,,
564,NCCA10-1036,8/4/2010,NH,2,N,2010,P,4,20,1,,
564,NCCA10-1036,8/4/2010,NH,2,N,2010,P,5,20,1,,
569,NCCAGL10-2046,7/22/2010,MI,2,N,2010,P,1,10,1,,
569,NCCAGL10-2046,7/22/2010,MI,2,N,2010,P,2,9,0.9,,
569,NCCAGL10-2046,7/22/2010,MI,2,N,2010,P,3,10,1,,
569,NCCAGL10-2046,7/22/2010,MI,2,N,2010,P,4,10,1,,
574,NCCA10-1675,7/27/2010,FL,2,N,2010,P,1,15,0.75,,
574,NCCA10-1675,7/27/2010,FL,2,N,2010,P,2,17,0.85,,
574,NCCA10-1675,7/27/2010,FL,2,N,2010,P,3,18,0.9,,
574,NCCA10-1675,7/27/2010,FL,2,N,2010,P,4,19,0.95,,
574,NCCA10-1675,7/27/2010,FL,2,N,2010,P,5,17,0.85,,
581,NCCA10-1649,7/26/2010,FL,2,N,2010,P,1,17,0.85,,
581,NCCA10-1649,7/26/2010,FL,2,N,2010,P,2,20,1,,
581,NCCA10-1649,7/26/2010,FL,2,N,2010,P,3,20,1,,
581,NCCA10-1649,7/26/2010,FL,2,N,2010,P,4,19,0.95,,
581,NCCA10-1649,7/26/2010,FL,2,N,2010,P,5,20,1,,
583,NCCA10-1648,7/26/2010,FL,2,N,2010,P,99,,,Q10,Minimum required volume for sed tox not collected
615,NCCA10-1300,7/16/2010,FL,2,N,2010,P,1,19,0.95,Q13,Mean control survival falls below 90% Leptochirus minimum; consider removing from NARS analysis
615,NCCA10-1300,7/16/2010,FL,2,N,2010,P,2,16,0.8,Q13,Mean control survival falls below 90% Leptochirus minimum; consider removing from NARS analysis
615,NCCA10-1300,7/16/2010,FL,2,N,2010,P,3,11,0.55,Q13,Mean control survival falls below 90% Leptochirus minimum; consider removing from NARS analysis
615,NCCA10-1300,7/16/2010,FL,2,N,2010,P,4,18,0.9,Q13,Mean control survival falls below 90% Leptochirus minimum; consider removing from NARS analysis
615,NCCA10-1300,7/16/2010,FL,2,N,2010,P,5,19,0.95,Q13,Mean control survival falls below 90% Leptochirus minimum; consider removing from NARS analysis
632,NCCA10-1188,7/20/2010,NC,2,N,2010,P,1,13,0.65,,
632,NCCA10-1188,7/20/2010,NC,2,N,2010,P,2,19,0.95,,
632,NCCA10-1188,7/20/2010,NC,2,N,2010,P,3,16,0.8,,
632,NCCA10-1188,7/20/2010,NC,2,N,2010,P,4,17,0.85,,
632,NCCA10-1188,7/20/2010,NC,2,N,2010,P,5,17,0.85,,
633,NCCA10-1187,7/27/2010,NC,2,N,2010,P,1,15,0.75,,
633,NCCA10-1187,7/27/2010,NC,2,N,2010,P,2,16,0.8,,
633,NCCA10-1187,7/27/2010,NC,2,N,2010,P,3,18,0.9,,
633,NCCA10-1187,7/27/2010,NC,2,N,2010,P,4,20,1,,
633,NCCA10-1187,7/27/2010,NC,2,N,2010,P,5,18,0.9,,
648,NCCA10-1133,7/21/2010,NC,2,N,2010,P,1,16,0.8,,
648,NCCA10-1133,7/21/2010,NC,2,N,2010,P,2,18,0.9,,
648,NCCA10-1133,7/21/2010,NC,2,N,2010,P,3,17,0.85,,
648,NCCA10-1133,7/21/2010,NC,2,N,2010,P,4,18,0.9,,
648,NCCA10-1133,7/21/2010,NC,2,N,2010,P,5,18,0.9,,
685,NCCAGL10-1094,7/1/2010,MI,2,N,2010,P,99,,,,no sediment collected visit 1. visit 2 sediment used for assessment.
730,NCCA10-1134,7/22/2010,NC,2,N,2010,P,1,20,1,,
730,NCCA10-1134,7/22/2010,NC,2,N,2010,P,2,19,0.95,,
730,NCCA10-1134,7/22/2010,NC,2,N,2010,P,3,16,0.8,,
730,NCCA10-1134,7/22/2010,NC,2,N,2010,P,4,17,0.85,,
730,NCCA10-1134,7/22/2010,NC,2,N,2010,P,5,16,0.8,,
740,NCCA10-1225,8/2/2010,WA,2,N,2010,P,1,19,0.95,,
740,NCCA10-1225,8/2/2010,WA,2,N,2010,P,2,18,0.9,,
740,NCCA10-1225,8/2/2010,WA,2,N,2010,P,3,18,0.9,,
740,NCCA10-1225,8/2/2010,WA,2,N,2010,P,4,10,0.5,,
740,NCCA10-1225,8/2/2010,WA,2,N,2010,P,5,15,0.75,,
791,NCCA10-1427,8/30/2010,FL,2,N,2010,P,1,16,0.8,Q13,Mean control survival falls below 90% Leptochirus minimum; consider removing from NARS analysis
791,NCCA10-1427,8/30/2010,FL,2,N,2010,P,2,17,0.85,Q13,Mean control survival falls below 90% Leptochirus minimum; consider removing from NARS analysis
791,NCCA10-1427,8/30/2010,FL,2,N,2010,P,3,16,0.8,Q13,Mean control survival falls below 90% Leptochirus minimum; consider removing from NARS analysis
791,NCCA10-1427,8/30/2010,FL,2,N,2010,P,4,18,0.9,Q13,Mean control survival falls below 90% Leptochirus minimum; consider removing from NARS analysis
791,NCCA10-1427,8/30/2010,FL,2,N,2010,P,5,19,0.95,Q13,Mean control survival falls below 90% Leptochirus minimum; consider removing from NARS analysis
846,NCCA10-1596,7/29/2010,NJ,2,N,2010,P,1,19,0.95,,
846,NCCA10-1596,7/29/2010,NJ,2,N,2010,P,2,17,0.85,,
846,NCCA10-1596,7/29/2010,NJ,2,N,2010,P,3,18,0.9,,
846,NCCA10-1596,7/29/2010,NJ,2,N,2010,P,4,20,1,,
846,NCCA10-1596,7/29/2010,NJ,2,N,2010,P,5,17,0.85,,
861,NCCA10-1603,7/22/2010,NY,2,N,2010,P,1,19,0.95,,
861,NCCA10-1603,7/22/2010,NY,2,N,2010,P,2,18,0.9,,
861,NCCA10-1603,7/22/2010,NY,2,N,2010,P,3,16,0.8,,
861,NCCA10-1603,7/22/2010,NY,2,N,2010,P,4,15,0.75,,
861,NCCA10-1603,7/22/2010,NY,2,N,2010,P,5,15,0.75,,
878,NCCA10-1638,8/11/2010,FL,2,N,2010,P,1,17,0.85,,
878,NCCA10-1638,8/11/2010,FL,2,N,2010,P,2,16,0.8,,
878,NCCA10-1638,8/11/2010,FL,2,N,2010,P,3,20,1,,
878,NCCA10-1638,8/11/2010,FL,2,N,2010,P,4,19,0.95,,
878,NCCA10-1638,8/11/2010,FL,2,N,2010,P,5,20,1,,
881,NCCA10-1657,8/12/2010,FL,2,N,2010,P,1,15,0.75,,
881,NCCA10-1657,8/12/2010,FL,2,N,2010,P,2,20,1,,
881,NCCA10-1657,8/12/2010,FL,2,N,2010,P,3,16,0.8,,
881,NCCA10-1657,8/12/2010,FL,2,N,2010,P,4,18,0.9,,
881,NCCA10-1657,8/12/2010,FL,2,N,2010,P,5,19,0.95,,
898,NCCA10-2278,8/12/2010,CA,2,N,2010,P,1,18,0.9,,
898,NCCA10-2278,8/12/2010,CA,2,N,2010,P,2,19,0.95,,
898,NCCA10-2278,8/12/2010,CA,2,N,2010,P,3,20,1,,
898,NCCA10-2278,8/12/2010,CA,2,N,2010,P,4,19,0.95,,
898,NCCA10-2278,8/12/2010,CA,2,N,2010,P,5,18,0.9,,
908,NCCA10-2661,8/10/2010,FL,2,N,2010,P,1,18,0.9,Q12,< 5 required replicates tested: n=4; consider removing from NARS analysis
908,NCCA10-2661,8/10/2010,FL,2,N,2010,P,2,18,0.9,Q12,< 5 required replicates tested: n=4; consider removing from NARS analysis
908,NCCA10-2661,8/10/2010,FL,2,N,2010,P,3,20,1,Q12,< 5 required replicates tested: n=4; consider removing from NARS analysis
908,NCCA10-2661,8/10/2010,FL,2,N,2010,P,4,20,1,Q12,< 5 required replicates tested: n=4; consider removing from NARS analysis
1007,NCCAGL10-1140,7/26/2010,MI,2,N,2010,P,1,2,0.2,,
1007,NCCAGL10-1140,7/26/2010,MI,2,N,2010,P,2,4,0.4,,
1007,NCCAGL10-1140,7/26/2010,MI,2,N,2010,P,3,5,0.5,,
1007,NCCAGL10-1140,7/26/2010,MI,2,N,2010,P,4,2,0.2,,
1008,NCCAGL10-1138,7/25/2010,NY,2,N,2010,P,1,9,0.9,,
1008,NCCAGL10-1138,7/25/2010,NY,2,N,2010,P,2,10,1,,
1008,NCCAGL10-1138,7/25/2010,NY,2,N,2010,P,3,10,1,,
1008,NCCAGL10-1138,7/25/2010,NY,2,N,2010,P,4,10,1,,
1009,NCCAGL10-1137,8/27/2010,OH,2,N,2010,P,1,10,1,,
1009,NCCAGL10-1137,8/27/2010,OH,2,N,2010,P,2,10,1,,
1009,NCCAGL10-1137,8/27/2010,OH,2,N,2010,P,3,10,1,,
1009,NCCAGL10-1137,8/27/2010,OH,2,N,2010,P,4,8,0.8,,
1018,NCCAGL10-1095,8/3/2010,MI,2,N,2010,P,1,10,1,,
1018,NCCAGL10-1095,8/3/2010,MI,2,N,2010,P,2,10,1,,
1018,NCCAGL10-1095,8/3/2010,MI,2,N,2010,P,3,10,1,,
1018,NCCAGL10-1095,8/3/2010,MI,2,N,2010,P,4,10,1,,
1019,NCCAGL10-1093,7/15/2010,MI,2,N,2010,P,1,9,0.9,,
1019,NCCAGL10-1093,7/15/2010,MI,2,N,2010,P,2,8,0.8,,
1019,NCCAGL10-1093,7/15/2010,MI,2,N,2010,P,3,8,0.8,,
1019,NCCAGL10-1093,7/15/2010,MI,2,N,2010,P,4,10,1,,
1020,NCCAGL10-1092,8/3/2010,MI,2,N,2010,P,1,10,1,,
1020,NCCAGL10-1092,8/3/2010,MI,2,N,2010,P,2,10,1,,
1020,NCCAGL10-1092,8/3/2010,MI,2,N,2010,P,3,10,1,,
1020,NCCAGL10-1092,8/3/2010,MI,2,N,2010,P,4,10,1,,
1021,NCCAGL10-1091,8/3/2010,MI,2,N,2010,P,1,10,1,,
1021,NCCAGL10-1091,8/3/2010,MI,2,N,2010,P,2,10,1,,
1021,NCCAGL10-1091,8/3/2010,MI,2,N,2010,P,3,10,1,,
1021,NCCAGL10-1091,8/3/2010,MI,2,N,2010,P,4,10,1,,
1031,NCCAGL10-1046,7/14/2010,MI,2,N,2010,P,1,10,1,,
1031,NCCAGL10-1046,7/14/2010,MI,2,N,2010,P,2,10,1,,
1031,NCCAGL10-1046,7/14/2010,MI,2,N,2010,P,3,10,1,,
1031,NCCAGL10-1046,7/14/2010,MI,2,N,2010,P,4,10,1,,
1164,NCCA10-1224,9/13/2010,WA,2,N,2010,P,1,20,1,,
1164,NCCA10-1224,9/13/2010,WA,2,N,2010,P,2,20,1,,
1164,NCCA10-1224,9/13/2010,WA,2,N,2010,P,3,18,0.9,,
1164,NCCA10-1224,9/13/2010,WA,2,N,2010,P,4,19,0.95,,
1164,NCCA10-1224,9/13/2010,WA,2,N,2010,P,5,20,1,,
1173,NCCA10-1307,8/29/2010,LA,2,N,2010,P,1,18,0.9,Q13,Mean control survival falls below 90% Leptochirus minimum; consider removing from NARS analysis
1173,NCCA10-1307,8/29/2010,LA,2,N,2010,P,2,12,0.6,Q13,Mean control survival falls below 90% Leptochirus minimum; consider removing from NARS analysis
1173,NCCA10-1307,8/29/2010,LA,2,N,2010,P,3,13,0.65,Q13,Mean control survival falls below 90% Leptochirus minimum; consider removing from NARS analysis
1173,NCCA10-1307,8/29/2010,LA,2,N,2010,P,4,15,0.75,Q13,Mean control survival falls below 90% Leptochirus minimum; consider removing from NARS analysis
1173,NCCA10-1307,8/29/2010,LA,2,N,2010,P,5,17,0.85,Q13,Mean control survival falls below 90% Leptochirus minimum; consider removing from NARS analysis
1175,NCCA10-1308,9/1/2010,LA,2,N,2010,P,1,12,0.6,,
1175,NCCA10-1308,9/1/2010,LA,2,N,2010,P,2,16,0.8,,
1175,NCCA10-1308,9/1/2010,LA,2,N,2010,P,3,18,0.9,,
1175,NCCA10-1308,9/1/2010,LA,2,N,2010,P,4,19,0.95,,
1175,NCCA10-1308,9/1/2010,LA,2,N,2010,P,5,20,1,,
1186,NCCA10-1337,9/1/2010,LA,2,N,2010,P,1,12,0.6,,
1186,NCCA10-1337,9/1/2010,LA,2,N,2010,P,2,16,0.8,,
1186,NCCA10-1337,9/1/2010,LA,2,N,2010,P,3,16,0.8,,
1186,NCCA10-1337,9/1/2010,LA,2,N,2010,P,4,15,0.75,,
1186,NCCA10-1337,9/1/2010,LA,2,N,2010,P,5,16,0.8,,
1188,NCCA10-1338,9/16/2010,LA,2,N,2010,P,1,20,1,,
1188,NCCA10-1338,9/16/2010,LA,2,N,2010,P,2,17,0.85,,
1188,NCCA10-1338,9/16/2010,LA,2,N,2010,P,3,18,0.9,,
1188,NCCA10-1338,9/16/2010,LA,2,N,2010,P,4,17,0.85,,
1188,NCCA10-1338,9/16/2010,LA,2,N,2010,P,5,19,0.95,,
1217,NCCA10-1403,9/9/2010,LA,2,N,2010,P,1,9,0.45,,
1217,NCCA10-1403,9/9/2010,LA,2,N,2010,P,2,16,0.8,,
1217,NCCA10-1403,9/9/2010,LA,2,N,2010,P,3,16,0.8,,
1217,NCCA10-1403,9/9/2010,LA,2,N,2010,P,4,14,0.7,,
1217,NCCA10-1403,9/9/2010,LA,2,N,2010,P,5,15,0.75,,
1224,NCCA10-1446,8/16/2010,LA,2,N,2010,P,1,17,0.85,,
1224,NCCA10-1446,8/16/2010,LA,2,N,2010,P,2,15,0.75,,
1224,NCCA10-1446,8/16/2010,LA,2,N,2010,P,3,14,0.7,,
1224,NCCA10-1446,8/16/2010,LA,2,N,2010,P,4,14,0.7,,
1224,NCCA10-1446,8/16/2010,LA,2,N,2010,P,5,15,0.75,,
1226,NCCA10-1447,8/24/2010,LA,2,N,2010,P,1,14,0.7,Q13,Mean control survival falls below 90% Leptochirus minimum; consider removing from NARS analysis
1226,NCCA10-1447,8/24/2010,LA,2,N,2010,P,2,14,0.7,Q13,Mean control survival falls below 90% Leptochirus minimum; consider removing from NARS analysis
1226,NCCA10-1447,8/24/2010,LA,2,N,2010,P,3,15,0.75,Q13,Mean control survival falls below 90% Leptochirus minimum; consider removing from NARS analysis
1226,NCCA10-1447,8/24/2010,LA,2,N,2010,P,4,13,0.65,Q13,Mean control survival falls below 90% Leptochirus minimum; consider removing from NARS analysis
1226,NCCA10-1447,8/24/2010,LA,2,N,2010,P,5,13,0.65,Q13,Mean control survival falls below 90% Leptochirus minimum; consider removing from NARS analysis
1229,NCCA10-1472,9/8/2010,LA,2,N,2010,P,1,18,0.9,,
1229,NCCA10-1472,9/8/2010,LA,2,N,2010,P,2,16,0.8,,
1229,NCCA10-1472,9/8/2010,LA,2,N,2010,P,3,19,0.95,,
1229,NCCA10-1472,9/8/2010,LA,2,N,2010,P,4,20,1,,
1229,NCCA10-1472,9/8/2010,LA,2,N,2010,P,5,20,1,,
1231,NCCA10-1473,9/2/2010,LA,2,N,2010,P,1,16,0.8,,
1231,NCCA10-1473,9/2/2010,LA,2,N,2010,P,2,17,0.85,,
1231,NCCA10-1473,9/2/2010,LA,2,N,2010,P,3,16,0.8,,
1231,NCCA10-1473,9/2/2010,LA,2,N,2010,P,4,14,0.7,,
1231,NCCA10-1473,9/2/2010,LA,2,N,2010,P,5,18,0.9,,
1234,NCCA10-1492,9/9/2010,VA,2,N,2010,P,1,17,0.85,,
1234,NCCA10-1492,9/9/2010,VA,2,N,2010,P,2,16,0.8,,
1234,NCCA10-1492,9/9/2010,VA,2,N,2010,P,3,19,0.95,,
1234,NCCA10-1492,9/9/2010,VA,2,N,2010,P,4,19,0.95,,
1234,NCCA10-1492,9/9/2010,VA,2,N,2010,P,5,20,1,,
1243,NCCA10-1537,8/31/2010,NJ,2,N,2010,P,1,6,0.3,,
1243,NCCA10-1537,8/31/2010,NJ,2,N,2010,P,2,1,0.05,,
1243,NCCA10-1537,8/31/2010,NJ,2,N,2010,P,3,0,0,,
1243,NCCA10-1537,8/31/2010,NJ,2,N,2010,P,4,0,0,,
1243,NCCA10-1537,8/31/2010,NJ,2,N,2010,P,5,1,0.05,,
1246,NCCA10-1538,9/16/2010,NJ,2,N,2010,P,1,20,1,,
1246,NCCA10-1538,9/16/2010,NJ,2,N,2010,P,2,18,0.9,,
1246,NCCA10-1538,9/16/2010,NJ,2,N,2010,P,3,20,1,,
1246,NCCA10-1538,9/16/2010,NJ,2,N,2010,P,4,20,1,,
1246,NCCA10-1538,9/16/2010,NJ,2,N,2010,P,5,19,0.95,,
1250,NCCA10-1557,8/17/2010,NY,2,N,2010,P,1,14,0.7,,
1250,NCCA10-1557,8/17/2010,NY,2,N,2010,P,2,14,0.7,,
1250,NCCA10-1557,8/17/2010,NY,2,N,2010,P,3,16,0.8,,
1250,NCCA10-1557,8/17/2010,NY,2,N,2010,P,4,16,0.8,,
1250,NCCA10-1557,8/17/2010,NY,2,N,2010,P,5,15,0.75,,
1264,NCCA10-1214,8/24/2010,WA,2,N,2010,P,1,14,0.7,Q13,Mean control survival falls below 90% Leptochirus minimum; consider removing from NARS analysis
1264,NCCA10-1214,8/24/2010,WA,2,N,2010,P,2,15,0.75,Q13,Mean control survival falls below 90% Leptochirus minimum; consider removing from NARS analysis
1264,NCCA10-1214,8/24/2010,WA,2,N,2010,P,3,12,0.6,Q13,Mean control survival falls below 90% Leptochirus minimum; consider removing from NARS analysis
1264,NCCA10-1214,8/24/2010,WA,2,N,2010,P,4,16,0.8,Q13,Mean control survival falls below 90% Leptochirus minimum; consider removing from NARS analysis
1264,NCCA10-1214,8/24/2010,WA,2,N,2010,P,5,14,0.7,Q13,Mean control survival falls below 90% Leptochirus minimum; consider removing from NARS analysis
1307,NCCAGL10-1005,9/8/2010,WI,2,N,2010,P,1,10,1,,
1307,NCCAGL10-1005,9/8/2010,WI,2,N,2010,P,2,8,0.8,,
1307,NCCAGL10-1005,9/8/2010,WI,2,N,2010,P,3,10,1,,
1307,NCCAGL10-1005,9/8/2010,WI,2,N,2010,P,4,10,1,,
1358,NCCAGL10-2050,8/25/2010,WI,2,N,2010,P,1,10,1,Q12,> 4 required replicates tested: n=5; consider removing from NARS analysis
1358,NCCAGL10-2050,8/25/2010,WI,2,N,2010,P,2,8,0.8,Q12,> 4 required replicates tested: n=5; consider removing from NARS analysis
1358,NCCAGL10-2050,8/25/2010,WI,2,N,2010,P,3,10,1,Q12,> 4 required replicates tested: n=5; consider removing from NARS analysis
1358,NCCAGL10-2050,8/25/2010,WI,2,N,2010,P,4,10,1,Q12,> 4 required replicates tested: n=5; consider removing from NARS analysis
1358,NCCAGL10-2050,8/25/2010,WI,2,N,2010,P,5,17,0.85,Q12,> 4 required replicates tested: n=5; consider removing from NARS analysis
1513,NCCA10-1251,9/7/2010,OR,2,N,2010,P,1,18,0.9,,
1513,NCCA10-1251,9/7/2010,OR,2,N,2010,P,2,20,1,,
1513,NCCA10-1251,9/7/2010,OR,2,N,2010,P,3,20,1,,
1513,NCCA10-1251,9/7/2010,OR,2,N,2010,P,4,17,0.85,,
1513,NCCA10-1251,9/7/2010,OR,2,N,2010,P,5,20,1,,
1518,NCCA10-1382,9/27/2010,TX,2,N,2010,P,1,20,1,,
1518,NCCA10-1382,9/27/2010,TX,2,N,2010,P,2,20,1,,
1518,NCCA10-1382,9/27/2010,TX,2,N,2010,P,3,17,0.85,,
1518,NCCA10-1382,9/27/2010,TX,2,N,2010,P,4,20,1,,
1518,NCCA10-1382,9/27/2010,TX,2,N,2010,P,5,19,0.95,,
1519,NCCA10-1383,9/27/2010,TX,2,N,2010,P,1,11,0.55,,
1519,NCCA10-1383,9/27/2010,TX,2,N,2010,P,2,13,0.65,,
1519,NCCA10-1383,9/27/2010,TX,2,N,2010,P,3,15,0.75,,
1519,NCCA10-1383,9/27/2010,TX,2,N,2010,P,4,11,0.55,,
1519,NCCA10-1383,9/27/2010,TX,2,N,2010,P,5,12,0.6,,
1520,NCCA10-1392,9/29/2010,TX,2,N,2010,P,1,15,0.75,,
1520,NCCA10-1392,9/29/2010,TX,2,N,2010,P,2,12,0.6,,
1520,NCCA10-1392,9/29/2010,TX,2,N,2010,P,3,20,1,,
1520,NCCA10-1392,9/29/2010,TX,2,N,2010,P,4,18,0.9,,
1520,NCCA10-1392,9/29/2010,TX,2,N,2010,P,5,17,0.85,,
1521,NCCA10-1393,9/29/2010,TX,2,N,2010,P,1,13,0.65,,
1521,NCCA10-1393,9/29/2010,TX,2,N,2010,P,2,4,0.2,,
1521,NCCA10-1393,9/29/2010,TX,2,N,2010,P,3,8,0.4,,
1521,NCCA10-1393,9/29/2010,TX,2,N,2010,P,4,7,0.35,,
1521,NCCA10-1393,9/29/2010,TX,2,N,2010,P,5,10,0.5,,
1523,NCCA10-1558,9/29/2010,CT,2,N,2010,P,1,20,1,,
1523,NCCA10-1558,9/29/2010,CT,2,N,2010,P,2,19,0.95,,
1523,NCCA10-1558,9/29/2010,CT,2,N,2010,P,3,19,0.95,,
1523,NCCA10-1558,9/29/2010,CT,2,N,2010,P,4,17,0.85,,
1523,NCCA10-1558,9/29/2010,CT,2,N,2010,P,5,19,0.95,,
1536,NCCA10-1614,9/7/2010,MD,2,N,2010,P,1,20,1,,
1536,NCCA10-1614,9/7/2010,MD,2,N,2010,P,2,17,0.85,,
1536,NCCA10-1614,9/7/2010,MD,2,N,2010,P,3,20,1,,
1536,NCCA10-1614,9/7/2010,MD,2,N,2010,P,4,20,1,,
1536,NCCA10-1614,9/7/2010,MD,2,N,2010,P,5,17,0.85,,
1543,NCCAGL10-1181,9/15/2010,NY,2,N,2010,P,1,8,0.8,Q13,Mean control survival falls below 85% Hyallela minimum; consider removing from NARS analysis
1543,NCCAGL10-1181,9/15/2010,NY,2,N,2010,P,2,8,0.8,Q13,Mean control survival falls below 85% Hyallela minimum; consider removing from NARS analysis
1543,NCCAGL10-1181,9/15/2010,NY,2,N,2010,P,3,7,0.7,Q13,Mean control survival falls below 85% Hyallela minimum; consider removing from NARS analysis
1543,NCCAGL10-1181,9/15/2010,NY,2,N,2010,P,4,9,0.9,Q13,Mean control survival falls below 85% Hyallela minimum; consider removing from NARS analysis
1546,NCCAGL10-1183,9/13/2010,NY,2,N,2010,P,1,10,1,Q13,Mean control survival falls below 85% Hyallela minimum; consider removing from NARS analysis
1546,NCCAGL10-1183,9/13/2010,NY,2,N,2010,P,2,10,1,Q13,Mean control survival falls below 85% Hyallela minimum; consider removing from NARS analysis
1546,NCCAGL10-1183,9/13/2010,NY,2,N,2010,P,3,9,0.9,Q13,Mean control survival falls below 85% Hyallela minimum; consider removing from NARS analysis
1546,NCCAGL10-1183,9/13/2010,NY,2,N,2010,P,4,9,0.9,Q13,Mean control survival falls below 85% Hyallela minimum; consider removing from NARS analysis
1547,NCCAGL10-1184,9/16/2010,NY,2,N,2010,P,1,8,0.8,Q13,Mean control survival falls below 85% Hyallela minimum; consider removing from NARS analysis
1547,NCCAGL10-1184,9/16/2010,NY,2,N,2010,P,2,8,0.8,Q13,Mean control survival falls below 85% Hyallela minimum; consider removing from NARS analysis
1547,NCCAGL10-1184,9/16/2010,NY,2,N,2010,P,3,8,0.8,Q13,Mean control survival falls below 85% Hyallela minimum; consider removing from NARS analysis
1547,NCCAGL10-1184,9/16/2010,NY,2,N,2010,P,4,7,0.7,Q13,Mean control survival falls below 85% Hyallela minimum; consider removing from NARS analysis
1603,NCCA10-1321,8/19/2010,LA,2,N,2010,P,1,20,1,,
1603,NCCA10-1321,8/19/2010,LA,2,N,2010,P,2,15,0.75,,
1603,NCCA10-1321,8/19/2010,LA,2,N,2010,P,3,18,0.9,,
1603,NCCA10-1321,8/19/2010,LA,2,N,2010,P,4,16,0.8,,
1603,NCCA10-1321,8/19/2010,LA,2,N,2010,P,5,20,1,,
1604,NCCA10-2690,7/21/2010,HI,1,N,2010,P,1,17,0.85,,
1604,NCCA10-2690,7/21/2010,HI,1,N,2010,P,2,20,1,,
1604,NCCA10-2690,7/21/2010,HI,1,N,2010,P,3,18,0.9,,
1604,NCCA10-2690,7/21/2010,HI,1,N,2010,P,4,17,0.85,,
1604,NCCA10-2690,7/21/2010,HI,1,N,2010,P,5,17,0.85,,
1649,NCCA10-1579,9/15/2010,RI,2,N,2010,P,1,20,1,,
1649,NCCA10-1579,9/15/2010,RI,2,N,2010,P,2,20,1,,
1649,NCCA10-1579,9/15/2010,RI,2,N,2010,P,3,18,0.9,,
1649,NCCA10-1579,9/15/2010,RI,2,N,2010,P,4,18,0.9,,
1649,NCCA10-1579,9/15/2010,RI,2,N,2010,P,5,19,0.95,,
1666,NCCA10-1008,9/16/2010,MA,2,N,2010,P,1,15,0.75,,
1666,NCCA10-1008,9/16/2010,MA,2,N,2010,P,2,17,0.85,,
1666,NCCA10-1008,9/16/2010,MA,2,N,2010,P,3,18,0.9,,
1666,NCCA10-1008,9/16/2010,MA,2,N,2010,P,4,16,0.8,,
1666,NCCA10-1008,9/16/2010,MA,2,N,2010,P,5,20,1,,
1670,NCCA10-1023,9/24/2010,MA,2,N,2010,P,1,19,0.95,,
1670,NCCA10-1023,9/24/2010,MA,2,N,2010,P,2,17,0.85,,
1670,NCCA10-1023,9/24/2010,MA,2,N,2010,P,3,20,1,,
1670,NCCA10-1023,9/24/2010,MA,2,N,2010,P,4,20,1,,
1670,NCCA10-1023,9/24/2010,MA,2,N,2010,P,5,19,0.95,,
1671,NCCA10-1024,9/29/2010,MA,2,N,2010,P,1,12,0.6,,
1671,NCCA10-1024,9/29/2010,MA,2,N,2010,P,2,18,0.9,,
1671,NCCA10-1024,9/29/2010,MA,2,N,2010,P,3,15,0.75,,
1671,NCCA10-1024,9/29/2010,MA,2,N,2010,P,4,18,0.9,,
1671,NCCA10-1024,9/29/2010,MA,2,N,2010,P,5,18,0.9,,
1677,NCCA10-1058,9/25/2010,MA,2,N,2010,P,1,15,0.75,,
1677,NCCA10-1058,9/25/2010,MA,2,N,2010,P,2,19,0.95,,
1677,NCCA10-1058,9/25/2010,MA,2,N,2010,P,3,18,0.9,,
1677,NCCA10-1058,9/25/2010,MA,2,N,2010,P,4,12,0.6,,
1677,NCCA10-1058,9/25/2010,MA,2,N,2010,P,5,13,0.65,,
1707,NCCA10-1683,9/27/2010,HI,1,N,2010,P,1,20,1,,
1707,NCCA10-1683,9/27/2010,HI,1,N,2010,P,2,20,1,,
1707,NCCA10-1683,9/27/2010,HI,1,N,2010,P,3,19,0.95,,
1707,NCCA10-1683,9/27/2010,HI,1,N,2010,P,4,19,0.95,,
1707,NCCA10-1683,9/27/2010,HI,1,N,2010,P,5,17,0.85,,
1708,NCCA10-1684,10/20/2010,HI,1,N,2010,P,1,16,0.8,,
1708,NCCA10-1684,10/20/2010,HI,1,N,2010,P,2,10,0.5,,
1708,NCCA10-1684,10/20/2010,HI,1,N,2010,P,3,15,0.75,,
1708,NCCA10-1684,10/20/2010,HI,1,N,2010,P,4,16,0.8,,
1708,NCCA10-1684,10/20/2010,HI,1,N,2010,P,5,10,0.5,,
1709,NCCA10-1686,10/11/2010,HI,2,N,2010,P,1,19,0.95,,
1709,NCCA10-1686,10/11/2010,HI,2,N,2010,P,2,17,0.85,,
1709,NCCA10-1686,10/11/2010,HI,2,N,2010,P,3,16,0.8,,
1709,NCCA10-1686,10/11/2010,HI,2,N,2010,P,4,16,0.8,,
1709,NCCA10-1686,10/11/2010,HI,2,N,2010,P,5,12,0.6,,
1710,NCCA10-1687,9/30/2010,HI,1,N,2010,P,1,20,1,,
1710,NCCA10-1687,9/30/2010,HI,1,N,2010,P,2,18,0.9,,
1710,NCCA10-1687,9/30/2010,HI,1,N,2010,P,3,18,0.9,,
1710,NCCA10-1687,9/30/2010,HI,1,N,2010,P,4,17,0.85,,
1710,NCCA10-1687,9/30/2010,HI,1,N,2010,P,5,20,1,,
1711,NCCA10-1687,10/17/2010,HI,2,N,2010,P,1,20,1,,
1711,NCCA10-1687,10/17/2010,HI,2,N,2010,P,2,20,1,,
1711,NCCA10-1687,10/17/2010,HI,2,N,2010,P,3,20,1,,
1711,NCCA10-1687,10/17/2010,HI,2,N,2010,P,4,15,0.75,,
1711,NCCA10-1687,10/17/2010,HI,2,N,2010,P,5,16,0.8,,
1712,NCCA10-1692,10/19/2010,HI,1,N,2010,P,1,0,0,,
1712,NCCA10-1692,10/19/2010,HI,1,N,2010,P,2,0,0,,
1712,NCCA10-1692,10/19/2010,HI,1,N,2010,P,3,0,0,,
1712,NCCA10-1692,10/19/2010,HI,1,N,2010,P,4,0,0,,
1712,NCCA10-1692,10/19/2010,HI,1,N,2010,P,5,0,0,,
1713,NCCA10-1696,10/4/2010,HI,1,N,2010,P,1,1,0.05,,
1713,NCCA10-1696,10/4/2010,HI,1,N,2010,P,2,3,0.15,,
1713,NCCA10-1696,10/4/2010,HI,1,N,2010,P,3,0,0,,
1713,NCCA10-1696,10/4/2010,HI,1,N,2010,P,4,1,0.05,,
1713,NCCA10-1696,10/4/2010,HI,1,N,2010,P,5,0,0,,
1714,NCCA10-1710,9/30/2010,HI,1,N,2010,P,1,7,0.35,,
1714,NCCA10-1710,9/30/2010,HI,1,N,2010,P,2,6,0.3,,
1714,NCCA10-1710,9/30/2010,HI,1,N,2010,P,3,9,0.45,,
1714,NCCA10-1710,9/30/2010,HI,1,N,2010,P,4,4,0.2,,
1714,NCCA10-1710,9/30/2010,HI,1,N,2010,P,5,7,0.35,,
1715,NCCA10-1707,10/19/2010,HI,1,N,2010,P,1,3,0.15,,
1715,NCCA10-1707,10/19/2010,HI,1,N,2010,P,2,2,0.1,,
1715,NCCA10-1707,10/19/2010,HI,1,N,2010,P,3,0,0,,
1715,NCCA10-1707,10/19/2010,HI,1,N,2010,P,4,3,0.15,,
1715,NCCA10-1707,10/19/2010,HI,1,N,2010,P,5,3,0.15,,
1716,NCCA10-1709,10/11/2010,HI,1,N,2010,P,1,18,0.9,,
1716,NCCA10-1709,10/11/2010,HI,1,N,2010,P,2,20,1,,
1716,NCCA10-1709,10/11/2010,HI,1,N,2010,P,3,20,1,,
1716,NCCA10-1709,10/11/2010,HI,1,N,2010,P,4,19,0.95,,
1716,NCCA10-1709,10/11/2010,HI,1,N,2010,P,5,20,1,,
1717,NCCA10-1701,9/30/2010,HI,1,N,2010,P,1,17,0.85,,
1717,NCCA10-1701,9/30/2010,HI,1,N,2010,P,2,11,0.55,,
1717,NCCA10-1701,9/30/2010,HI,1,N,2010,P,3,15,0.75,,
1717,NCCA10-1701,9/30/2010,HI,1,N,2010,P,4,19,0.95,,
1717,NCCA10-1701,9/30/2010,HI,1,N,2010,P,5,17,0.85,,
1718,NCCA10-1711,10/20/2010,HI,1,N,2010,P,1,17,0.85,,
1718,NCCA10-1711,10/20/2010,HI,1,N,2010,P,2,15,0.75,,
1718,NCCA10-1711,10/20/2010,HI,1,N,2010,P,3,18,0.9,,
1718,NCCA10-1711,10/20/2010,HI,1,N,2010,P,4,19,0.95,,
1718,NCCA10-1711,10/20/2010,HI,1,N,2010,P,5,18,0.9,,
1719,NCCA10-1715,9/28/2010,HI,1,N,2010,P,1,20,1,,
1719,NCCA10-1715,9/28/2010,HI,1,N,2010,P,2,20,1,,
1719,NCCA10-1715,9/28/2010,HI,1,N,2010,P,3,20,1,,
1719,NCCA10-1715,9/28/2010,HI,1,N,2010,P,4,18,0.9,,
1719,NCCA10-1715,9/28/2010,HI,1,N,2010,P,5,17,0.85,,
1720,NCCA10-1716,10/4/2010,HI,1,N,2010,P,1,0,0,"Q01,R,Q10",Minimum required volume for sed tox not collected
1720,NCCA10-1716,10/4/2010,HI,1,N,2010,P,2,0,0,"Q01,R,Q10",Minimum required volume for sed tox not collected
1720,NCCA10-1716,10/4/2010,HI,1,N,2010,P,3,0,0,"Q01,R,Q10",Minimum required volume for sed tox not collected
1720,NCCA10-1716,10/4/2010,HI,1,N,2010,P,4,0,0,"Q01,R,Q10",Minimum required volume for sed tox not collected
1720,NCCA10-1716,10/4/2010,HI,1,N,2010,P,5,0,0,"Q01,R,Q10",Minimum required volume for sed tox not collected
1721,NCCA10-1726,10/19/2010,HI,1,N,2010,P,1,20,1,,
1721,NCCA10-1726,10/19/2010,HI,1,N,2010,P,2,20,1,,
1721,NCCA10-1726,10/19/2010,HI,1,N,2010,P,3,20,1,,
1721,NCCA10-1726,10/19/2010,HI,1,N,2010,P,4,20,1,,
1721,NCCA10-1726,10/19/2010,HI,1,N,2010,P,5,20,1,,
1729,NCCA10-2693,9/27/2010,HI,1,N,2010,P,1,20,1,,
1729,NCCA10-2693,9/27/2010,HI,1,N,2010,P,2,20,1,,
1729,NCCA10-2693,9/27/2010,HI,1,N,2010,P,3,20,1,,
1729,NCCA10-2693,9/27/2010,HI,1,N,2010,P,4,16,0.8,,
1729,NCCA10-2693,9/27/2010,HI,1,N,2010,P,5,20,1,,
1730,NCCA10-2689,10/19/2010,HI,1,N,2010,P,1,11,0.55,,
1730,NCCA10-2689,10/19/2010,HI,1,N,2010,P,2,18,0.9,,
1730,NCCA10-2689,10/19/2010,HI,1,N,2010,P,3,15,0.75,,
1730,NCCA10-2689,10/19/2010,HI,1,N,2010,P,4,17,0.85,,
1730,NCCA10-2689,10/19/2010,HI,1,N,2010,P,5,14,0.7,,
1731,NCCA10-2692,9/30/2010,HI,1,N,2010,P,1,13,0.65,,
1731,NCCA10-2692,9/30/2010,HI,1,N,2010,P,2,14,0.7,,
1731,NCCA10-2692,9/30/2010,HI,1,N,2010,P,3,10,0.5,,
1731,NCCA10-2692,9/30/2010,HI,1,N,2010,P,4,11,0.55,,
1731,NCCA10-2692,9/30/2010,HI,1,N,2010,P,5,16,0.8,,
1732,NCCA10-2688,9/28/2010,HI,1,N,2010,P,1,18,0.9,,
1732,NCCA10-2688,9/28/2010,HI,1,N,2010,P,2,17,0.85,,
1732,NCCA10-2688,9/28/2010,HI,1,N,2010,P,3,12,0.6,,
1732,NCCA10-2688,9/28/2010,HI,1,N,2010,P,4,17,0.85,,
1732,NCCA10-2688,9/28/2010,HI,1,N,2010,P,5,17,0.85,,
1733,NCCA10-2695,10/11/2010,HI,1,N,2010,P,1,16,0.8,,
1733,NCCA10-2695,10/11/2010,HI,1,N,2010,P,2,14,0.7,,
1733,NCCA10-2695,10/11/2010,HI,1,N,2010,P,3,13,0.65,,
1733,NCCA10-2695,10/11/2010,HI,1,N,2010,P,4,16,0.8,,
1733,NCCA10-2695,10/11/2010,HI,1,N,2010,P,5,17,0.85,,
1734,NCCA10-2704,10/11/2010,HI,1,N,2010,P,1,16,0.8,,
1734,NCCA10-2704,10/11/2010,HI,1,N,2010,P,2,15,0.75,,
1734,NCCA10-2704,10/11/2010,HI,1,N,2010,P,3,18,0.9,,
1734,NCCA10-2704,10/11/2010,HI,1,N,2010,P,4,16,0.8,,
1734,NCCA10-2704,10/11/2010,HI,1,N,2010,P,5,18,0.9,,
1735,NCCA10-2706,10/17/2010,HI,1,N,2010,P,1,20,1,,
1735,NCCA10-2706,10/17/2010,HI,1,N,2010,P,2,20,1,,
1735,NCCA10-2706,10/17/2010,HI,1,N,2010,P,3,20,1,,
1735,NCCA10-2706,10/17/2010,HI,1,N,2010,P,4,20,1,,
1735,NCCA10-2706,10/17/2010,HI,1,N,2010,P,5,20,1,,
1736,NCCA10-2712,10/20/2010,HI,1,N,2010,P,1,10,0.5,,
1736,NCCA10-2712,10/20/2010,HI,1,N,2010,P,2,13,0.65,,
1736,NCCA10-2712,10/20/2010,HI,1,N,2010,P,3,13,0.65,,
1736,NCCA10-2712,10/20/2010,HI,1,N,2010,P,4,11,0.55,,
1736,NCCA10-2712,10/20/2010,HI,1,N,2010,P,5,14,0.7,,
1744,NCCAGL10-NPS09-002,8/18/2010,MI,1,N,2010,P,1,10,1,,
1744,NCCAGL10-NPS09-002,8/18/2010,MI,1,N,2010,P,2,8,0.8,,
1744,NCCAGL10-NPS09-002,8/18/2010,MI,1,N,2010,P,3,10,1,,
1744,NCCAGL10-NPS09-002,8/18/2010,MI,1,N,2010,P,4,10,1,,
1776,NCCA10-1412,7/27/2010,AL,2,N,2010,P,1,12,0.6,,
1776,NCCA10-1412,7/27/2010,AL,2,N,2010,P,2,15,0.75,,
1776,NCCA10-1412,7/27/2010,AL,2,N,2010,P,3,14,0.7,,
1776,NCCA10-1412,7/27/2010,AL,2,N,2010,P,4,15,0.75,,
1776,NCCA10-1412,7/27/2010,AL,2,N,2010,P,5,14,0.7,,
1778,NCCA10-1413,7/26/2010,AL,2,N,2010,P,1,14,0.7,,
1778,NCCA10-1413,7/26/2010,AL,2,N,2010,P,2,18,0.9,,
1778,NCCA10-1413,7/26/2010,AL,2,N,2010,P,3,16,0.8,,
1778,NCCA10-1413,7/26/2010,AL,2,N,2010,P,4,18,0.9,,
1778,NCCA10-1413,7/26/2010,AL,2,N,2010,P,5,18,0.9,,
1791,NCCA10-1435,10/4/2010,TX,2,N,2010,P,1,14,0.7,,
1791,NCCA10-1435,10/4/2010,TX,2,N,2010,P,2,14,0.7,,
1791,NCCA10-1435,10/4/2010,TX,2,N,2010,P,3,13,0.65,,
1791,NCCA10-1435,10/4/2010,TX,2,N,2010,P,4,11,0.55,,
1791,NCCA10-1435,10/4/2010,TX,2,N,2010,P,5,13,0.65,,
1795,NCCA10-1491,8/11/2010,VA,2,N,2010,P,1,18,0.9,,
1795,NCCA10-1491,8/11/2010,VA,2,N,2010,P,2,18,0.9,,
1795,NCCA10-1491,8/11/2010,VA,2,N,2010,P,3,17,0.85,,
1795,NCCA10-1491,8/11/2010,VA,2,N,2010,P,4,16,0.8,,
1795,NCCA10-1491,8/11/2010,VA,2,N,2010,P,5,17,0.85,,
1810,NCCA10-1666,9/24/2010,FL,2,N,2010,P,1,19,0.95,,
1810,NCCA10-1666,9/24/2010,FL,2,N,2010,P,2,19,0.95,,
1810,NCCA10-1666,9/24/2010,FL,2,N,2010,P,3,18,0.9,,
1810,NCCA10-1666,9/24/2010,FL,2,N,2010,P,4,16,0.8,,
1810,NCCA10-1666,9/24/2010,FL,2,N,2010,P,5,19,0.95,,
1811,NCCA10-1676,8/25/2010,FL,2,N,2010,P,1,16,0.8,Q13,Mean control survival falls below 90% Leptochirus minimum; consider removing from NARS analysis
1811,NCCA10-1676,8/25/2010,FL,2,N,2010,P,2,19,0.95,Q13,Mean control survival falls below 90% Leptochirus minimum; consider removing from NARS analysis
1811,NCCA10-1676,8/25/2010,FL,2,N,2010,P,3,19,0.95,Q13,Mean control survival falls below 90% Leptochirus minimum; consider removing from NARS analysis
1811,NCCA10-1676,8/25/2010,FL,2,N,2010,P,4,18,0.9,Q13,Mean control survival falls below 90% Leptochirus minimum; consider removing from NARS analysis
1811,NCCA10-1676,8/25/2010,FL,2,N,2010,P,5,19,0.95,Q13,Mean control survival falls below 90% Leptochirus minimum; consider removing from NARS analysis
1812,NCCA10-1681,9/24/2010,FL,2,N,2010,P,1,12,0.6,,
1812,NCCA10-1681,9/24/2010,FL,2,N,2010,P,2,5,0.25,,
1812,NCCA10-1681,9/24/2010,FL,2,N,2010,P,3,20,1,,
1812,NCCA10-1681,9/24/2010,FL,2,N,2010,P,4,19,0.95,,
1812,NCCA10-1681,9/24/2010,FL,2,N,2010,P,5,18,0.9,,
1813,NCCA10-1686,8/29/2010,HI,1,N,2010,P,1,15,0.75,Q13,Mean control survival falls below 90% Leptochirus minimum; consider removing from NARS analysis
1813,NCCA10-1686,8/29/2010,HI,1,N,2010,P,2,18,0.9,Q13,Mean control survival falls below 90% Leptochirus minimum; consider removing from NARS analysis
1813,NCCA10-1686,8/29/2010,HI,1,N,2010,P,3,15,0.75,Q13,Mean control survival falls below 90% Leptochirus minimum; consider removing from NARS analysis
1813,NCCA10-1686,8/29/2010,HI,1,N,2010,P,4,6,0.3,Q13,Mean control survival falls below 90% Leptochirus minimum; consider removing from NARS analysis
1813,NCCA10-1686,8/29/2010,HI,1,N,2010,P,5,16,0.8,Q13,Mean control survival falls below 90% Leptochirus minimum; consider removing from NARS analysis
1814,NCCA10-1689,9/8/2010,HI,1,N,2010,P,1,19,0.95,,
1814,NCCA10-1689,9/8/2010,HI,1,N,2010,P,2,17,0.85,,
1814,NCCA10-1689,9/8/2010,HI,1,N,2010,P,3,20,1,,
1814,NCCA10-1689,9/8/2010,HI,1,N,2010,P,4,19,0.95,,
1814,NCCA10-1689,9/8/2010,HI,1,N,2010,P,5,12,0.6,,
1815,NCCA10-1684,11/4/2010,HI,2,N,2010,P,1,16,0.8,,
1815,NCCA10-1684,11/4/2010,HI,2,N,2010,P,2,16,0.8,,
1815,NCCA10-1684,11/4/2010,HI,2,N,2010,P,3,16,0.8,,
1815,NCCA10-1684,11/4/2010,HI,2,N,2010,P,4,18,0.9,,
1815,NCCA10-1684,11/4/2010,HI,2,N,2010,P,5,13,0.65,,
1816,NCCA10-1683,11/16/2010,HI,2,N,2010,P,1,17,0.85,,
1816,NCCA10-1683,11/16/2010,HI,2,N,2010,P,2,18,0.9,,
1816,NCCA10-1683,11/16/2010,HI,2,N,2010,P,3,17,0.85,,
1816,NCCA10-1683,11/16/2010,HI,2,N,2010,P,4,19,0.95,,
1816,NCCA10-1683,11/16/2010,HI,2,N,2010,P,5,16,0.8,,
1817,NCCA10-1690,9/15/2010,HI,1,N,2010,P,1,5,0.25,,
1817,NCCA10-1690,9/15/2010,HI,1,N,2010,P,2,5,0.25,,
1817,NCCA10-1690,9/15/2010,HI,1,N,2010,P,3,4,0.2,,
1817,NCCA10-1690,9/15/2010,HI,1,N,2010,P,4,6,0.3,,
1817,NCCA10-1690,9/15/2010,HI,1,N,2010,P,5,5,0.25,,
1818,NCCA10-1694,8/29/2010,HI,1,N,2010,P,1,17,0.85,Q13,Mean control survival falls below 90% Leptochirus minimum; consider removing from NARS analysis
1818,NCCA10-1694,8/29/2010,HI,1,N,2010,P,2,17,0.85,Q13,Mean control survival falls below 90% Leptochirus minimum; consider removing from NARS analysis
1818,NCCA10-1694,8/29/2010,HI,1,N,2010,P,3,18,0.9,Q13,Mean control survival falls below 90% Leptochirus minimum; consider removing from NARS analysis
1818,NCCA10-1694,8/29/2010,HI,1,N,2010,P,4,18,0.9,Q13,Mean control survival falls below 90% Leptochirus minimum; consider removing from NARS analysis
1818,NCCA10-1694,8/29/2010,HI,1,N,2010,P,5,19,0.95,Q13,Mean control survival falls below 90% Leptochirus minimum; consider removing from NARS analysis
1819,NCCA10-1697,8/29/2010,HI,1,N,2010,P,1,10,0.5,Q13,Mean control survival falls below 90% Leptochirus minimum; consider removing from NARS analysis
1819,NCCA10-1697,8/29/2010,HI,1,N,2010,P,2,2,0.1,Q13,Mean control survival falls below 90% Leptochirus minimum; consider removing from NARS analysis
1819,NCCA10-1697,8/29/2010,HI,1,N,2010,P,3,10,0.5,Q13,Mean control survival falls below 90% Leptochirus minimum; consider removing from NARS analysis
1819,NCCA10-1697,8/29/2010,HI,1,N,2010,P,4,11,0.55,Q13,Mean control survival falls below 90% Leptochirus minimum; consider removing from NARS analysis
1819,NCCA10-1697,8/29/2010,HI,1,N,2010,P,5,0,0,Q13,Mean control survival falls below 90% Leptochirus minimum; consider removing from NARS analysis
1820,NCCA10-1699,9/9/2010,HI,1,N,2010,P,1,20,1,,
1820,NCCA10-1699,9/9/2010,HI,1,N,2010,P,2,20,1,,
1820,NCCA10-1699,9/9/2010,HI,1,N,2010,P,3,18,0.9,,
1820,NCCA10-1699,9/9/2010,HI,1,N,2010,P,4,19,0.95,,
1820,NCCA10-1699,9/9/2010,HI,1,N,2010,P,5,20,1,,
1821,NCCA10-1702,9/8/2010,HI,1,N,2010,P,1,19,0.95,,
1821,NCCA10-1702,9/8/2010,HI,1,N,2010,P,2,19,0.95,,
1821,NCCA10-1702,9/8/2010,HI,1,N,2010,P,3,19,0.95,,
1821,NCCA10-1702,9/8/2010,HI,1,N,2010,P,4,19,0.95,,
1821,NCCA10-1702,9/8/2010,HI,1,N,2010,P,5,18,0.9,,
1822,NCCA10-1703,9/15/2010,HI,1,N,2010,P,1,20,1,,
1822,NCCA10-1703,9/15/2010,HI,1,N,2010,P,2,20,1,,
1822,NCCA10-1703,9/15/2010,HI,1,N,2010,P,3,20,1,,
1822,NCCA10-1703,9/15/2010,HI,1,N,2010,P,4,20,1,,
1822,NCCA10-1703,9/15/2010,HI,1,N,2010,P,5,20,1,,
1824,NCCA10-1717,8/30/2010,HI,1,N,2010,P,1,20,1,Q13,Mean control survival falls below 90% Leptochirus minimum; consider removing from NARS analysis
1824,NCCA10-1717,8/30/2010,HI,1,N,2010,P,2,20,1,Q13,Mean control survival falls below 90% Leptochirus minimum; consider removing from NARS analysis
1824,NCCA10-1717,8/30/2010,HI,1,N,2010,P,3,20,1,Q13,Mean control survival falls below 90% Leptochirus minimum; consider removing from NARS analysis
1824,NCCA10-1717,8/30/2010,HI,1,N,2010,P,4,19,0.95,Q13,Mean control survival falls below 90% Leptochirus minimum; consider removing from NARS analysis
1824,NCCA10-1717,8/30/2010,HI,1,N,2010,P,5,16,0.8,Q13,Mean control survival falls below 90% Leptochirus minimum; consider removing from NARS analysis
1825,NCCA10-1720,8/30/2010,HI,1,N,2010,P,1,10,0.5,Q13,Mean control survival falls below 90% Leptochirus minimum; consider removing from NARS analysis
1825,NCCA10-1720,8/30/2010,HI,1,N,2010,P,2,8,0.4,Q13,Mean control survival falls below 90% Leptochirus minimum; consider removing from NARS analysis
1825,NCCA10-1720,8/30/2010,HI,1,N,2010,P,3,11,0.55,Q13,Mean control survival falls below 90% Leptochirus minimum; consider removing from NARS analysis
1825,NCCA10-1720,8/30/2010,HI,1,N,2010,P,4,9,0.45,Q13,Mean control survival falls below 90% Leptochirus minimum; consider removing from NARS analysis
1825,NCCA10-1720,8/30/2010,HI,1,N,2010,P,5,5,0.25,Q13,Mean control survival falls below 90% Leptochirus minimum; consider removing from NARS analysis
1826,NCCA10-1723,9/9/2010,HI,1,N,2010,P,1,5,0.25,,
1826,NCCA10-1723,9/9/2010,HI,1,N,2010,P,2,2,0.1,,
1826,NCCA10-1723,9/9/2010,HI,1,N,2010,P,3,7,0.35,,
1826,NCCA10-1723,9/9/2010,HI,1,N,2010,P,4,5,0.25,,
1826,NCCA10-1723,9/9/2010,HI,1,N,2010,P,5,2,0.1,,
1827,NCCA10-1724,9/15/2010,HI,1,N,2010,P,1,16,0.8,,
1827,NCCA10-1724,9/15/2010,HI,1,N,2010,P,2,14,0.7,,
1827,NCCA10-1724,9/15/2010,HI,1,N,2010,P,3,16,0.8,,
1827,NCCA10-1724,9/15/2010,HI,1,N,2010,P,4,13,0.65,,
1827,NCCA10-1724,9/15/2010,HI,1,N,2010,P,5,14,0.7,,
1828,NCCA10-1725,8/30/2010,HI,1,N,2010,P,1,2,0.1,Q13,Mean control survival falls below 90% Leptochirus minimum; consider removing from NARS analysis
1828,NCCA10-1725,8/30/2010,HI,1,N,2010,P,2,9,0.45,Q13,Mean control survival falls below 90% Leptochirus minimum; consider removing from NARS analysis
1828,NCCA10-1725,8/30/2010,HI,1,N,2010,P,3,1,0.05,Q13,Mean control survival falls below 90% Leptochirus minimum; consider removing from NARS analysis
1828,NCCA10-1725,8/30/2010,HI,1,N,2010,P,4,9,0.45,Q13,Mean control survival falls below 90% Leptochirus minimum; consider removing from NARS analysis
1828,NCCA10-1725,8/30/2010,HI,1,N,2010,P,5,12,0.6,Q13,Mean control survival falls below 90% Leptochirus minimum; consider removing from NARS analysis
1829,NCCA10-2048,8/22/2010,ME,2,N,2010,P,1,16,0.8,Q13,Mean control survival falls below 90% Leptochirus minimum; consider removing from NARS analysis
1829,NCCA10-2048,8/22/2010,ME,2,N,2010,P,2,19,0.95,Q13,Mean control survival falls below 90% Leptochirus minimum; consider removing from NARS analysis
1829,NCCA10-2048,8/22/2010,ME,2,N,2010,P,3,18,0.9,Q13,Mean control survival falls below 90% Leptochirus minimum; consider removing from NARS analysis
1829,NCCA10-2048,8/22/2010,ME,2,N,2010,P,4,17,0.85,Q13,Mean control survival falls below 90% Leptochirus minimum; consider removing from NARS analysis
1829,NCCA10-2048,8/22/2010,ME,2,N,2010,P,5,16,0.8,Q13,Mean control survival falls below 90% Leptochirus minimum; consider removing from NARS analysis
1837,NCCA10-2694,8/30/2010,HI,1,N,2010,P,1,9,0.45,Q13,Mean control survival falls below 90% Leptochirus minimum; consider removing from NARS analysis
1837,NCCA10-2694,8/30/2010,HI,1,N,2010,P,2,18,0.9,Q13,Mean control survival falls below 90% Leptochirus minimum; consider removing from NARS analysis
1837,NCCA10-2694,8/30/2010,HI,1,N,2010,P,3,17,0.85,Q13,Mean control survival falls below 90% Leptochirus minimum; consider removing from NARS analysis
1837,NCCA10-2694,8/30/2010,HI,1,N,2010,P,4,18,0.9,Q13,Mean control survival falls below 90% Leptochirus minimum; consider removing from NARS analysis
1837,NCCA10-2694,8/30/2010,HI,1,N,2010,P,5,17,0.85,Q13,Mean control survival falls below 90% Leptochirus minimum; consider removing from NARS analysis
1838,NCCA10-2698,9/15/2010,HI,1,N,2010,P,1,16,0.8,,
1838,NCCA10-2698,9/15/2010,HI,1,N,2010,P,2,18,0.9,,
1838,NCCA10-2698,9/15/2010,HI,1,N,2010,P,3,14,0.7,,
1838,NCCA10-2698,9/15/2010,HI,1,N,2010,P,4,17,0.85,,
1838,NCCA10-2698,9/15/2010,HI,1,N,2010,P,5,17,0.85,,
1839,NCCA10-2693,11/16/2010,HI,2,N,2010,P,1,18,0.9,,
1839,NCCA10-2693,11/16/2010,HI,2,N,2010,P,2,20,1,,
1839,NCCA10-2693,11/16/2010,HI,2,N,2010,P,3,20,1,,
1839,NCCA10-2693,11/16/2010,HI,2,N,2010,P,4,19,0.95,,
1839,NCCA10-2693,11/16/2010,HI,2,N,2010,P,5,19,0.95,,
1840,NCCA10-1693,11/15/2010,HI,1,N,2010,P,1,20,1,,
1840,NCCA10-1693,11/15/2010,HI,1,N,2010,P,2,20,1,,
1840,NCCA10-1693,11/15/2010,HI,1,N,2010,P,3,18,0.9,,
1840,NCCA10-1693,11/15/2010,HI,1,N,2010,P,4,19,0.95,,
1840,NCCA10-1693,11/15/2010,HI,1,N,2010,P,5,20,1,,
1841,NCCA10-2705,11/22/2010,HI,1,N,2010,P,1,15,0.75,,
1841,NCCA10-2705,11/22/2010,HI,1,N,2010,P,2,19,0.95,,
1841,NCCA10-2705,11/22/2010,HI,1,N,2010,P,3,17,0.85,,
1841,NCCA10-2705,11/22/2010,HI,1,N,2010,P,4,17,0.85,,
1841,NCCA10-2705,11/22/2010,HI,1,N,2010,P,5,17,0.85,,
1842,NCCA10-2707,11/2/2010,HI,1,N,2010,P,1,14,0.7,,
1842,NCCA10-2707,11/2/2010,HI,1,N,2010,P,2,15,0.75,,
1842,NCCA10-2707,11/2/2010,HI,1,N,2010,P,3,14,0.7,,
1842,NCCA10-2707,11/2/2010,HI,1,N,2010,P,4,18,0.9,,
1842,NCCA10-2707,11/2/2010,HI,1,N,2010,P,5,13,0.65,,
1843,NCCA10-2710,11/16/2010,HI,1,N,2010,P,1,18,0.9,,
1843,NCCA10-2710,11/16/2010,HI,1,N,2010,P,2,16,0.8,,
1843,NCCA10-2710,11/16/2010,HI,1,N,2010,P,3,20,1,,
1843,NCCA10-2710,11/16/2010,HI,1,N,2010,P,4,18,0.9,,
1843,NCCA10-2710,11/16/2010,HI,1,N,2010,P,5,19,0.95,,
1844,NCCA10-2711,11/2/2010,HI,1,N,2010,P,1,8,0.4,,
1844,NCCA10-2711,11/2/2010,HI,1,N,2010,P,2,2,0.1,,
1844,NCCA10-2711,11/2/2010,HI,1,N,2010,P,3,10,0.5,,
1844,NCCA10-2711,11/2/2010,HI,1,N,2010,P,4,3,0.15,,
1844,NCCA10-2711,11/2/2010,HI,1,N,2010,P,5,5,0.25,,
1845,NCCA10-2368,10/6/2010,TX,2,N,2010,P,1,14,0.7,,
1845,NCCA10-2368,10/6/2010,TX,2,N,2010,P,2,18,0.9,,
1845,NCCA10-2368,10/6/2010,TX,2,N,2010,P,3,16,0.8,,
1845,NCCA10-2368,10/6/2010,TX,2,N,2010,P,4,18,0.9,,
1845,NCCA10-2368,10/6/2010,TX,2,N,2010,P,5,20,1,,
1846,NCCA10-2369,10/5/2010,TX,2,N,2010,P,1,20,1,,
1846,NCCA10-2369,10/5/2010,TX,2,N,2010,P,2,17,0.85,,
1846,NCCA10-2369,10/5/2010,TX,2,N,2010,P,3,19,0.95,,
1846,NCCA10-2369,10/5/2010,TX,2,N,2010,P,4,16,0.8,,
1846,NCCA10-2369,10/5/2010,TX,2,N,2010,P,5,18,0.9,,
1849,NCCA10-1700,11/22/2010,HI,1,N,2010,P,1,12,0.6,,
1849,NCCA10-1700,11/22/2010,HI,1,N,2010,P,2,10,0.5,,
1849,NCCA10-1700,11/22/2010,HI,1,N,2010,P,3,2,0.1,,
1849,NCCA10-1700,11/22/2010,HI,1,N,2010,P,4,18,0.9,,
1849,NCCA10-1700,11/22/2010,HI,1,N,2010,P,5,10,0.5,,
1850,NCCA10-1712,11/22/2010,HI,1,N,2010,P,1,18,0.9,,
1850,NCCA10-1712,11/22/2010,HI,1,N,2010,P,2,14,0.7,,
1850,NCCA10-1712,11/22/2010,HI,1,N,2010,P,3,17,0.85,,
1850,NCCA10-1712,11/22/2010,HI,1,N,2010,P,4,20,1,,
1850,NCCA10-1712,11/22/2010,HI,1,N,2010,P,5,15,0.75,,
1851,NCCA10-1722,11/22/2010,HI,1,N,2010,P,1,18,0.9,,
1851,NCCA10-1722,11/22/2010,HI,1,N,2010,P,2,14,0.7,,
1851,NCCA10-1722,11/22/2010,HI,1,N,2010,P,3,18,0.9,,
1851,NCCA10-1722,11/22/2010,HI,1,N,2010,P,4,13,0.65,,
1851,NCCA10-1722,11/22/2010,HI,1,N,2010,P,5,15,0.75,,
1852,NCCA10-2702,11/22/2010,HI,1,N,2010,P,1,17,0.85,,
1852,NCCA10-2702,11/22/2010,HI,1,N,2010,P,2,16,0.8,,
1852,NCCA10-2702,11/22/2010,HI,1,N,2010,P,3,16,0.8,,
1852,NCCA10-2702,11/22/2010,HI,1,N,2010,P,4,20,1,,
1852,NCCA10-2702,11/22/2010,HI,1,N,2010,P,5,14,0.7,,
1853,NCCA10-2691,11/22/2010,HI,1,N,2010,P,1,17,0.85,,
1853,NCCA10-2691,11/22/2010,HI,1,N,2010,P,2,18,0.9,,
1853,NCCA10-2691,11/22/2010,HI,1,N,2010,P,3,17,0.85,,
1853,NCCA10-2691,11/22/2010,HI,1,N,2010,P,4,16,0.8,,
1853,NCCA10-2691,11/22/2010,HI,1,N,2010,P,5,17,0.85,,
1854,NCCA10-2708,11/22/2010,HI,1,N,2010,P,1,20,1,,
1854,NCCA10-2708,11/22/2010,HI,1,N,2010,P,2,16,0.8,,
1854,NCCA10-2708,11/22/2010,HI,1,N,2010,P,3,20,1,,
1854,NCCA10-2708,11/22/2010,HI,1,N,2010,P,4,18,0.9,,
1854,NCCA10-2708,11/22/2010,HI,1,N,2010,P,5,20,1,,
1860,NCCA10-1706,7/21/2010,HI,1,N,2010,P,1,18,0.9,,
1860,NCCA10-1706,7/21/2010,HI,1,N,2010,P,2,19,0.95,,
1860,NCCA10-1706,7/21/2010,HI,1,N,2010,P,3,20,1,,
1860,NCCA10-1706,7/21/2010,HI,1,N,2010,P,4,20,1,,
1860,NCCA10-1706,7/21/2010,HI,1,N,2010,P,5,20,1,,
1862,NCCA10-1049,8/27/2010,ME,2,N,2010,P,1,16,0.8,Q13,Mean control survival falls below 90% Leptochirus minimum; consider removing from NARS analysis
1862,NCCA10-1049,8/27/2010,ME,2,N,2010,P,2,20,1,Q13,Mean control survival falls below 90% Leptochirus minimum; consider removing from NARS analysis
1862,NCCA10-1049,8/27/2010,ME,2,N,2010,P,3,17,0.85,Q13,Mean control survival falls below 90% Leptochirus minimum; consider removing from NARS analysis
1862,NCCA10-1049,8/27/2010,ME,2,N,2010,P,4,18,0.9,Q13,Mean control survival falls below 90% Leptochirus minimum; consider removing from NARS analysis
1862,NCCA10-1049,8/27/2010,ME,2,N,2010,P,5,18,0.9,Q13,Mean control survival falls below 90% Leptochirus minimum; consider removing from NARS analysis
1866,NCCA10-1167,8/25/2010,FL,2,N,2010,P,1,17,0.85,,
1866,NCCA10-1167,8/25/2010,FL,2,N,2010,P,2,15,0.75,,
1866,NCCA10-1167,8/25/2010,FL,2,N,2010,P,3,14,0.7,,
1866,NCCA10-1167,8/25/2010,FL,2,N,2010,P,4,16,0.8,,
1866,NCCA10-1167,8/25/2010,FL,2,N,2010,P,5,16,0.8,,
1873,NCCA10-1294,9/17/2010,FL,2,N,2010,P,1,20,1,,
1873,NCCA10-1294,9/17/2010,FL,2,N,2010,P,2,20,1,,
1873,NCCA10-1294,9/17/2010,FL,2,N,2010,P,3,20,1,,
1873,NCCA10-1294,9/17/2010,FL,2,N,2010,P,4,20,1,,
1873,NCCA10-1294,9/17/2010,FL,2,N,2010,P,5,20,1,,
1880,NCCAGL10-NPS09-006,8/14/2010,MI,1,N,2010,P,1,8,0.8,,
1880,NCCAGL10-NPS09-006,8/14/2010,MI,1,N,2010,P,2,10,1,,
1880,NCCAGL10-NPS09-006,8/14/2010,MI,1,N,2010,P,3,9,0.9,,
1880,NCCAGL10-NPS09-006,8/14/2010,MI,1,N,2010,P,4,10,1,,
1931,NCCA10-1698,8/30/2010,HI,1,N,2010,P,1,15,0.75,Q13,Mean control survival falls below 90% Leptochirus minimum; consider removing from NARS analysis
1931,NCCA10-1698,8/30/2010,HI,1,N,2010,P,2,12,0.6,Q13,Mean control survival falls below 90% Leptochirus minimum; consider removing from NARS analysis
1931,NCCA10-1698,8/30/2010,HI,1,N,2010,P,3,17,0.85,Q13,Mean control survival falls below 90% Leptochirus minimum; consider removing from NARS analysis
1931,NCCA10-1698,8/30/2010,HI,1,N,2010,P,4,15,0.75,Q13,Mean control survival falls below 90% Leptochirus minimum; consider removing from NARS analysis
1931,NCCA10-1698,8/30/2010,HI,1,N,2010,P,5,10,0.5,Q13,Mean control survival falls below 90% Leptochirus minimum; consider removing from NARS analysis
1976,VANS10-001,8/17/2010,VA,1,N,2010,P,1,18,0.9,,
1976,VANS10-001,8/17/2010,VA,1,N,2010,P,2,15,0.75,,
1976,VANS10-001,8/17/2010,VA,1,N,2010,P,3,17,0.85,,
1976,VANS10-001,8/17/2010,VA,1,N,2010,P,4,17,0.85,,
1976,VANS10-001,8/17/2010,VA,1,N,2010,P,5,15,0.75,,
1977,VANS10-002,8/17/2010,VA,1,N,2010,P,1,7,0.35,Q13,Mean control survival falls below 90% Leptochirus minimum; consider removing from NARS analysis
1977,VANS10-002,8/17/2010,VA,1,N,2010,P,2,11,0.55,Q13,Mean control survival falls below 90% Leptochirus minimum; consider removing from NARS analysis
1977,VANS10-002,8/17/2010,VA,1,N,2010,P,3,10,0.5,Q13,Mean control survival falls below 90% Leptochirus minimum; consider removing from NARS analysis
1977,VANS10-002,8/17/2010,VA,1,N,2010,P,4,8,0.4,Q13,Mean control survival falls below 90% Leptochirus minimum; consider removing from NARS analysis
1977,VANS10-002,8/17/2010,VA,1,N,2010,P,5,7,0.35,Q13,Mean control survival falls below 90% Leptochirus minimum; consider removing from NARS analysis
1978,VANS10-004,8/16/2010,VA,1,N,2010,P,1,15,0.75,,
1978,VANS10-004,8/16/2010,VA,1,N,2010,P,2,14,0.7,,
1978,VANS10-004,8/16/2010,VA,1,N,2010,P,3,16,0.8,,
1978,VANS10-004,8/16/2010,VA,1,N,2010,P,4,17,0.85,,
1978,VANS10-004,8/16/2010,VA,1,N,2010,P,5,17,0.85,,
1979,VANS10-005,8/17/2010,VA,1,N,2010,P,1,17,0.85,,
1979,VANS10-005,8/17/2010,VA,1,N,2010,P,2,17,0.85,,
1979,VANS10-005,8/17/2010,VA,1,N,2010,P,3,11,0.55,,
1979,VANS10-005,8/17/2010,VA,1,N,2010,P,4,12,0.6,,
1979,VANS10-005,8/17/2010,VA,1,N,2010,P,5,16,0.8,,
1980,VANS10-007,8/15/2010,VA,1,N,2010,P,1,18,0.9,,
1980,VANS10-007,8/15/2010,VA,1,N,2010,P,2,18,0.9,,
1980,VANS10-007,8/15/2010,VA,1,N,2010,P,3,19,0.95,,
1980,VANS10-007,8/15/2010,VA,1,N,2010,P,4,19,0.95,,
1980,VANS10-007,8/15/2010,VA,1,N,2010,P,5,17,0.85,,
1981,VANS10-008,8/16/2010,VA,1,N,2010,P,1,15,0.75,,
1981,VANS10-008,8/16/2010,VA,1,N,2010,P,2,16,0.8,,
1981,VANS10-008,8/16/2010,VA,1,N,2010,P,3,17,0.85,,
1981,VANS10-008,8/16/2010,VA,1,N,2010,P,4,17,0.85,,
1981,VANS10-008,8/16/2010,VA,1,N,2010,P,5,19,0.95,,
1982,VANS10-009,8/17/2010,VA,1,N,2010,P,1,5,0.25,Q13,Mean control survival falls below 90% Leptochirus minimum; consider removing from NARS analysis
1982,VANS10-009,8/17/2010,VA,1,N,2010,P,2,8,0.4,Q13,Mean control survival falls below 90% Leptochirus minimum; consider removing from NARS analysis
1982,VANS10-009,8/17/2010,VA,1,N,2010,P,3,8,0.4,Q13,Mean control survival falls below 90% Leptochirus minimum; consider removing from NARS analysis
1982,VANS10-009,8/17/2010,VA,1,N,2010,P,4,9,0.45,Q13,Mean control survival falls below 90% Leptochirus minimum; consider removing from NARS analysis
1982,VANS10-009,8/17/2010,VA,1,N,2010,P,5,4,0.2,Q13,Mean control survival falls below 90% Leptochirus minimum; consider removing from NARS analysis
1986,VANS10-010,8/17/2010,VA,1,N,2010,P,1,15,0.75,Q13,Mean control survival falls below 90% Leptochirus minimum; consider removing from NARS analysis
1986,VANS10-010,8/17/2010,VA,1,N,2010,P,2,14,0.7,Q13,Mean control survival falls below 90% Leptochirus minimum; consider removing from NARS analysis
1986,VANS10-010,8/17/2010,VA,1,N,2010,P,3,15,0.75,Q13,Mean control survival falls below 90% Leptochirus minimum; consider removing from NARS analysis
1986,VANS10-010,8/17/2010,VA,1,N,2010,P,4,13,0.65,Q13,Mean control survival falls below 90% Leptochirus minimum; consider removing from NARS analysis
1986,VANS10-010,8/17/2010,VA,1,N,2010,P,5,12,0.6,Q13,Mean control survival falls below 90% Leptochirus minimum; consider removing from NARS analysis
1987,VANS10-011,8/15/2010,VA,1,N,2010,P,1,11,0.55,,
1987,VANS10-011,8/15/2010,VA,1,N,2010,P,2,12,0.6,,
1987,VANS10-011,8/15/2010,VA,1,N,2010,P,3,16,0.8,,
1987,VANS10-011,8/15/2010,VA,1,N,2010,P,4,13,0.65,,
1987,VANS10-011,8/15/2010,VA,1,N,2010,P,5,19,0.95,,
1988,VANS10-013,8/17/2010,VA,1,N,2010,P,1,13,0.65,Q13,Mean control survival falls below 90% Leptochirus minimum; consider removing from NARS analysis
1988,VANS10-013,8/17/2010,VA,1,N,2010,P,2,17,0.85,Q13,Mean control survival falls below 90% Leptochirus minimum; consider removing from NARS analysis
1988,VANS10-013,8/17/2010,VA,1,N,2010,P,3,14,0.7,Q13,Mean control survival falls below 90% Leptochirus minimum; consider removing from NARS analysis
1988,VANS10-013,8/17/2010,VA,1,N,2010,P,4,13,0.65,Q13,Mean control survival falls below 90% Leptochirus minimum; consider removing from NARS analysis
1988,VANS10-013,8/17/2010,VA,1,N,2010,P,5,18,0.9,Q13,Mean control survival falls below 90% Leptochirus minimum; consider removing from NARS analysis
1989,VANS10-014,8/15/2010,VA,1,N,2010,P,1,15,0.75,,
1989,VANS10-014,8/15/2010,VA,1,N,2010,P,2,16,0.8,,
1989,VANS10-014,8/15/2010,VA,1,N,2010,P,3,18,0.9,,
1989,VANS10-014,8/15/2010,VA,1,N,2010,P,4,13,0.65,,
1989,VANS10-014,8/15/2010,VA,1,N,2010,P,5,12,0.6,,
1990,VANS10-015,8/16/2010,VA,1,N,2010,P,1,20,1,,
1990,VANS10-015,8/16/2010,VA,1,N,2010,P,2,16,0.8,,
1990,VANS10-015,8/16/2010,VA,1,N,2010,P,3,17,0.85,,
1990,VANS10-015,8/16/2010,VA,1,N,2010,P,4,18,0.9,,
1990,VANS10-015,8/16/2010,VA,1,N,2010,P,5,19,0.95,,
1991,VANS10-016,8/15/2010,VA,1,N,2010,P,1,17,0.85,,
1991,VANS10-016,8/15/2010,VA,1,N,2010,P,2,17,0.85,,
1991,VANS10-016,8/15/2010,VA,1,N,2010,P,3,16,0.8,,
1991,VANS10-016,8/15/2010,VA,1,N,2010,P,4,20,1,,
1991,VANS10-016,8/15/2010,VA,1,N,2010,P,5,16,0.8,,
1992,VANS10-017,8/18/2010,VA,1,N,2010,P,1,18,0.9,,
1992,VANS10-017,8/18/2010,VA,1,N,2010,P,2,15,0.75,,
1992,VANS10-017,8/18/2010,VA,1,N,2010,P,3,19,0.95,,
1992,VANS10-017,8/18/2010,VA,1,N,2010,P,4,16,0.8,,
1992,VANS10-017,8/18/2010,VA,1,N,2010,P,5,16,0.8,,
1993,VANS10-020,8/16/2010,VA,1,N,2010,P,1,15,0.75,,
1993,VANS10-020,8/16/2010,VA,1,N,2010,P,2,18,0.9,,
1993,VANS10-020,8/16/2010,VA,1,N,2010,P,3,16,0.8,,
1993,VANS10-020,8/16/2010,VA,1,N,2010,P,4,14,0.7,,
1993,VANS10-020,8/16/2010,VA,1,N,2010,P,5,15,0.75,,
1994,VANS10-021,8/17/2010,VA,1,N,2010,P,1,14,0.7,Q13,Mean control survival falls below 90% Leptochirus minimum; consider removing from NARS analysis
1994,VANS10-021,8/17/2010,VA,1,N,2010,P,2,16,0.8,Q13,Mean control survival falls below 90% Leptochirus minimum; consider removing from NARS analysis
1994,VANS10-021,8/17/2010,VA,1,N,2010,P,3,13,0.65,Q13,Mean control survival falls below 90% Leptochirus minimum; consider removing from NARS analysis
1994,VANS10-021,8/17/2010,VA,1,N,2010,P,4,13,0.65,Q13,Mean control survival falls below 90% Leptochirus minimum; consider removing from NARS analysis
1994,VANS10-021,8/17/2010,VA,1,N,2010,P,5,11,0.55,Q13,Mean control survival falls below 90% Leptochirus minimum; consider removing from NARS analysis
1995,VANS10-022,8/17/2010,VA,1,N,2010,P,1,13,0.65,,
1995,VANS10-022,8/17/2010,VA,1,N,2010,P,2,15,0.75,,
1995,VANS10-022,8/17/2010,VA,1,N,2010,P,3,12,0.6,,
1995,VANS10-022,8/17/2010,VA,1,N,2010,P,4,13,0.65,,
1995,VANS10-022,8/17/2010,VA,1,N,2010,P,5,15,0.75,,
1996,VANS10-023,8/15/2010,VA,1,N,2010,P,1,12,0.6,,
1996,VANS10-023,8/15/2010,VA,1,N,2010,P,2,16,0.8,,
1996,VANS10-023,8/15/2010,VA,1,N,2010,P,3,16,0.8,,
1996,VANS10-023,8/15/2010,VA,1,N,2010,P,4,18,0.9,,
1996,VANS10-023,8/15/2010,VA,1,N,2010,P,5,16,0.8,,
1997,VANS10-024,8/16/2010,VA,1,N,2010,P,1,17,0.85,,
1997,VANS10-024,8/16/2010,VA,1,N,2010,P,2,14,0.7,,
1997,VANS10-024,8/16/2010,VA,1,N,2010,P,3,18,0.9,,
1997,VANS10-024,8/16/2010,VA,1,N,2010,P,4,14,0.7,,
1997,VANS10-024,8/16/2010,VA,1,N,2010,P,5,19,0.95,,
1998,VANS10-025,8/17/2010,VA,1,N,2010,P,1,17,0.85,Q13,Mean control survival falls below 90% Leptochirus minimum; consider removing from NARS analysis
1998,VANS10-025,8/17/2010,VA,1,N,2010,P,2,19,0.95,Q13,Mean control survival falls below 90% Leptochirus minimum; consider removing from NARS analysis
1998,VANS10-025,8/17/2010,VA,1,N,2010,P,3,14,0.7,Q13,Mean control survival falls below 90% Leptochirus minimum; consider removing from NARS analysis
1998,VANS10-025,8/17/2010,VA,1,N,2010,P,4,13,0.65,Q13,Mean control survival falls below 90% Leptochirus minimum; consider removing from NARS analysis
1998,VANS10-025,8/17/2010,VA,1,N,2010,P,5,15,0.75,Q13,Mean control survival falls below 90% Leptochirus minimum; consider removing from NARS analysis
1999,VANS10-026,8/15/2010,VA,1,N,2010,P,1,19,0.95,,
1999,VANS10-026,8/15/2010,VA,1,N,2010,P,2,17,0.85,,
1999,VANS10-026,8/15/2010,VA,1,N,2010,P,3,19,0.95,,
1999,VANS10-026,8/15/2010,VA,1,N,2010,P,4,17,0.85,,
1999,VANS10-026,8/15/2010,VA,1,N,2010,P,5,19,0.95,,
2000,VANS10-027,8/15/2010,VA,1,N,2010,P,1,17,0.85,,
2000,VANS10-027,8/15/2010,VA,1,N,2010,P,2,17,0.85,,
2000,VANS10-027,8/15/2010,VA,1,N,2010,P,3,14,0.7,,
2000,VANS10-027,8/15/2010,VA,1,N,2010,P,4,19,0.95,,
2000,VANS10-027,8/15/2010,VA,1,N,2010,P,5,15,0.75,,
2001,VANS10-028,8/16/2010,VA,1,N,2010,P,1,15,0.75,,
2001,VANS10-028,8/16/2010,VA,1,N,2010,P,2,16,0.8,,
2001,VANS10-028,8/16/2010,VA,1,N,2010,P,3,19,0.95,,
2001,VANS10-028,8/16/2010,VA,1,N,2010,P,4,18,0.9,,
2001,VANS10-028,8/16/2010,VA,1,N,2010,P,5,16,0.8,,
2002,VANS10-029,8/17/2010,VA,1,N,2010,P,1,17,0.85,Q13,Mean control survival falls below 90% Leptochirus minimum; consider removing from NARS analysis
2002,VANS10-029,8/17/2010,VA,1,N,2010,P,2,17,0.85,Q13,Mean control survival falls below 90% Leptochirus minimum; consider removing from NARS analysis
2002,VANS10-029,8/17/2010,VA,1,N,2010,P,3,15,0.75,Q13,Mean control survival falls below 90% Leptochirus minimum; consider removing from NARS analysis
2002,VANS10-029,8/17/2010,VA,1,N,2010,P,4,15,0.75,Q13,Mean control survival falls below 90% Leptochirus minimum; consider removing from NARS analysis
2002,VANS10-029,8/17/2010,VA,1,N,2010,P,5,16,0.8,Q13,Mean control survival falls below 90% Leptochirus minimum; consider removing from NARS analysis
2003,VANS10-029,8/17/2010,VA,2,N,2010,P,1,9,0.45,Q13,Mean control survival falls below 90% Leptochirus minimum; consider removing from NARS analysis
2003,VANS10-029,8/17/2010,VA,2,N,2010,P,2,15,0.75,Q13,Mean control survival falls below 90% Leptochirus minimum; consider removing from NARS analysis
2003,VANS10-029,8/17/2010,VA,2,N,2010,P,3,17,0.85,Q13,Mean control survival falls below 90% Leptochirus minimum; consider removing from NARS analysis
2003,VANS10-029,8/17/2010,VA,2,N,2010,P,4,17,0.85,Q13,Mean control survival falls below 90% Leptochirus minimum; consider removing from NARS analysis
2003,VANS10-029,8/17/2010,VA,2,N,2010,P,5,15,0.75,Q13,Mean control survival falls below 90% Leptochirus minimum; consider removing from NARS analysis
2004,VANS10-031,8/16/2010,VA,1,N,2010,P,1,17,0.85,,
2004,VANS10-031,8/16/2010,VA,1,N,2010,P,2,17,0.85,,
2004,VANS10-031,8/16/2010,VA,1,N,2010,P,3,17,0.85,,
2004,VANS10-031,8/16/2010,VA,1,N,2010,P,4,15,0.75,,
2004,VANS10-031,8/16/2010,VA,1,N,2010,P,5,16,0.8,,
2005,VANS10-032,8/15/2010,VA,1,N,2010,P,1,12,0.6,,
2005,VANS10-032,8/15/2010,VA,1,N,2010,P,2,17,0.85,,
2005,VANS10-032,8/15/2010,VA,1,N,2010,P,3,18,0.9,,
2005,VANS10-032,8/15/2010,VA,1,N,2010,P,4,15,0.75,,
2005,VANS10-032,8/15/2010,VA,1,N,2010,P,5,15,0.75,,
2006,VANS10-033,8/18/2010,VA,1,N,2010,P,1,18,0.9,,
2006,VANS10-033,8/18/2010,VA,1,N,2010,P,2,17,0.85,,
2006,VANS10-033,8/18/2010,VA,1,N,2010,P,3,17,0.85,,
2006,VANS10-033,8/18/2010,VA,1,N,2010,P,4,17,0.85,,
2006,VANS10-033,8/18/2010,VA,1,N,2010,P,5,16,0.8,,
2007,VANS10-034,8/17/2010,VA,1,N,2010,P,1,15,0.75,Q13,Mean control survival falls below 90% Leptochirus minimum; consider removing from NARS analysis
2007,VANS10-034,8/17/2010,VA,1,N,2010,P,2,18,0.9,Q13,Mean control survival falls below 90% Leptochirus minimum; consider removing from NARS analysis
2007,VANS10-034,8/17/2010,VA,1,N,2010,P,3,16,0.8,Q13,Mean control survival falls below 90% Leptochirus minimum; consider removing from NARS analysis
2007,VANS10-034,8/17/2010,VA,1,N,2010,P,4,15,0.75,Q13,Mean control survival falls below 90% Leptochirus minimum; consider removing from NARS analysis
2007,VANS10-034,8/17/2010,VA,1,N,2010,P,5,17,0.85,Q13,Mean control survival falls below 90% Leptochirus minimum; consider removing from NARS analysis
2008,VANS10-036,8/16/2010,VA,1,N,2010,P,1,16,0.8,,
2008,VANS10-036,8/16/2010,VA,1,N,2010,P,2,15,0.75,,
2008,VANS10-036,8/16/2010,VA,1,N,2010,P,3,15,0.75,,
2008,VANS10-036,8/16/2010,VA,1,N,2010,P,4,13,0.65,,
2008,VANS10-036,8/16/2010,VA,1,N,2010,P,5,18,0.9,,
2009,VANS10-036,8/16/2010,VA,2,N,2010,P,1,14,0.7,,
2009,VANS10-036,8/16/2010,VA,2,N,2010,P,2,18,0.9,,
2009,VANS10-036,8/16/2010,VA,2,N,2010,P,3,20,1,,
2009,VANS10-036,8/16/2010,VA,2,N,2010,P,4,18,0.9,,
2009,VANS10-036,8/16/2010,VA,2,N,2010,P,5,17,0.85,,
2010,VANS10-037,8/17/2010,VA,1,N,2010,P,1,16,0.8,Q13,Mean control survival falls below 90% Leptochirus minimum; consider removing from NARS analysis
2010,VANS10-037,8/17/2010,VA,1,N,2010,P,2,17,0.85,Q13,Mean control survival falls below 90% Leptochirus minimum; consider removing from NARS analysis
2010,VANS10-037,8/17/2010,VA,1,N,2010,P,3,18,0.9,Q13,Mean control survival falls below 90% Leptochirus minimum; consider removing from NARS analysis
2010,VANS10-037,8/17/2010,VA,1,N,2010,P,4,16,0.8,Q13,Mean control survival falls below 90% Leptochirus minimum; consider removing from NARS analysis
2010,VANS10-037,8/17/2010,VA,1,N,2010,P,5,19,0.95,Q13,Mean control survival falls below 90% Leptochirus minimum; consider removing from NARS analysis
2011,VANS10-040,8/16/2010,VA,1,N,2010,P,1,19,0.95,,
2011,VANS10-040,8/16/2010,VA,1,N,2010,P,2,19,0.95,,
2011,VANS10-040,8/16/2010,VA,1,N,2010,P,3,18,0.9,,
2011,VANS10-040,8/16/2010,VA,1,N,2010,P,4,17,0.85,,
2011,VANS10-040,8/16/2010,VA,1,N,2010,P,5,19,0.95,,
2012,VANS10-041,8/17/2010,VA,1,N,2010,P,1,15,0.75,Q13,Mean control survival falls below 90% Leptochirus minimum; consider removing from NARS analysis
2012,VANS10-041,8/17/2010,VA,1,N,2010,P,2,14,0.7,Q13,Mean control survival falls below 90% Leptochirus minimum; consider removing from NARS analysis
2012,VANS10-041,8/17/2010,VA,1,N,2010,P,3,15,0.75,Q13,Mean control survival falls below 90% Leptochirus minimum; consider removing from NARS analysis
2012,VANS10-041,8/17/2010,VA,1,N,2010,P,4,17,0.85,Q13,Mean control survival falls below 90% Leptochirus minimum; consider removing from NARS analysis
2012,VANS10-041,8/17/2010,VA,1,N,2010,P,5,17,0.85,Q13,Mean control survival falls below 90% Leptochirus minimum; consider removing from NARS analysis
2013,VANS10-042,8/16/2010,VA,1,N,2010,P,1,20,1,,
2013,VANS10-042,8/16/2010,VA,1,N,2010,P,2,18,0.9,,
2013,VANS10-042,8/16/2010,VA,1,N,2010,P,3,19,0.95,,
2013,VANS10-042,8/16/2010,VA,1,N,2010,P,4,17,0.85,,
2013,VANS10-042,8/16/2010,VA,1,N,2010,P,5,20,1,,
2014,VANS10-045,8/17/2010,VA,1,N,2010,P,1,14,0.7,Q13,Mean control survival falls below 90% Leptochirus minimum; consider removing from NARS analysis
2014,VANS10-045,8/17/2010,VA,1,N,2010,P,2,15,0.75,Q13,Mean control survival falls below 90% Leptochirus minimum; consider removing from NARS analysis
2014,VANS10-045,8/17/2010,VA,1,N,2010,P,3,19,0.95,Q13,Mean control survival falls below 90% Leptochirus minimum; consider removing from NARS analysis
2014,VANS10-045,8/17/2010,VA,1,N,2010,P,4,15,0.75,Q13,Mean control survival falls below 90% Leptochirus minimum; consider removing from NARS analysis
2014,VANS10-045,8/17/2010,VA,1,N,2010,P,5,17,0.85,Q13,Mean control survival falls below 90% Leptochirus minimum; consider removing from NARS analysis
2015,VANS10-047,8/16/2010,VA,1,N,2010,P,2,19,0.95,Q12,< 5 required replicates tested: n=4; consider removing from NARS analysis
2015,VANS10-047,8/16/2010,VA,1,N,2010,P,3,15,0.75,Q12,< 5 required replicates tested: n=4; consider removing from NARS analysis
2015,VANS10-047,8/16/2010,VA,1,N,2010,P,4,16,0.8,Q12,< 5 required replicates tested: n=4; consider removing from NARS analysis
2015,VANS10-047,8/16/2010,VA,1,N,2010,P,5,19,0.95,Q12,< 5 required replicates tested: n=4; consider removing from NARS analysis
2016,VANS10-048,8/16/2010,VA,1,N,2010,P,1,16,0.8,,
2016,VANS10-048,8/16/2010,VA,1,N,2010,P,2,14,0.7,,
2016,VANS10-048,8/16/2010,VA,1,N,2010,P,3,18,0.9,,
2016,VANS10-048,8/16/2010,VA,1,N,2010,P,4,15,0.75,,
2016,VANS10-048,8/16/2010,VA,1,N,2010,P,5,18,0.9,,
2017,VANS10-049,8/17/2010,VA,1,N,2010,P,1,17,0.85,Q13,Mean control survival falls below 90% Leptochirus minimum; consider removing from NARS analysis
2017,VANS10-049,8/17/2010,VA,1,N,2010,P,2,12,0.6,Q13,Mean control survival falls below 90% Leptochirus minimum; consider removing from NARS analysis
2017,VANS10-049,8/17/2010,VA,1,N,2010,P,3,13,0.65,Q13,Mean control survival falls below 90% Leptochirus minimum; consider removing from NARS analysis
2017,VANS10-049,8/17/2010,VA,1,N,2010,P,4,17,0.85,Q13,Mean control survival falls below 90% Leptochirus minimum; consider removing from NARS analysis
2017,VANS10-049,8/17/2010,VA,1,N,2010,P,5,16,0.8,Q13,Mean control survival falls below 90% Leptochirus minimum; consider removing from NARS analysis
2018,VANS10-050,8/17/2010,VA,1,N,2010,P,1,15,0.75,Q13,Mean control survival falls below 90% Leptochirus minimum; consider removing from NARS analysis
2018,VANS10-050,8/17/2010,VA,1,N,2010,P,2,14,0.7,Q13,Mean control survival falls below 90% Leptochirus minimum; consider removing from NARS analysis
2018,VANS10-050,8/17/2010,VA,1,N,2010,P,3,17,0.85,Q13,Mean control survival falls below 90% Leptochirus minimum; consider removing from NARS analysis
2018,VANS10-050,8/17/2010,VA,1,N,2010,P,4,16,0.8,Q13,Mean control survival falls below 90% Leptochirus minimum; consider removing from NARS analysis
2018,VANS10-050,8/17/2010,VA,1,N,2010,P,5,13,0.65,Q13,Mean control survival falls below 90% Leptochirus minimum; consider removing from NARS analysis
2020,VANS10-053,8/17/2010,VA,1,N,2010,P,1,15,0.75,Q13,Mean control survival falls below 90% Leptochirus minimum; consider removing from NARS analysis
2020,VANS10-053,8/17/2010,VA,1,N,2010,P,2,14,0.7,Q13,Mean control survival falls below 90% Leptochirus minimum; consider removing from NARS analysis
2020,VANS10-053,8/17/2010,VA,1,N,2010,P,3,18,0.9,Q13,Mean control survival falls below 90% Leptochirus minimum; consider removing from NARS analysis
2020,VANS10-053,8/17/2010,VA,1,N,2010,P,4,19,0.95,Q13,Mean control survival falls below 90% Leptochirus minimum; consider removing from NARS analysis
2020,VANS10-053,8/17/2010,VA,1,N,2010,P,5,18,0.9,Q13,Mean control survival falls below 90% Leptochirus minimum; consider removing from NARS analysis
2021,VANS10-056,8/16/2010,VA,1,N,2010,P,1,19,0.95,,
2021,VANS10-056,8/16/2010,VA,1,N,2010,P,2,17,0.85,,
2021,VANS10-056,8/16/2010,VA,1,N,2010,P,3,16,0.8,,
2021,VANS10-056,8/16/2010,VA,1,N,2010,P,4,17,0.85,,
2021,VANS10-056,8/16/2010,VA,1,N,2010,P,5,19,0.95,,
2022,VANS10-059,8/18/2010,VA,1,N,2010,P,1,19,0.95,,
2022,VANS10-059,8/18/2010,VA,1,N,2010,P,2,18,0.9,,
2022,VANS10-059,8/18/2010,VA,1,N,2010,P,3,16,0.8,,
2022,VANS10-059,8/18/2010,VA,1,N,2010,P,4,14,0.7,,
2022,VANS10-059,8/18/2010,VA,1,N,2010,P,5,14,0.7,,
2023,VANS10-060,8/16/2010,VA,1,N,2010,P,1,17,0.85,,
2023,VANS10-060,8/16/2010,VA,1,N,2010,P,2,18,0.9,,
2023,VANS10-060,8/16/2010,VA,1,N,2010,P,3,17,0.85,,
2023,VANS10-060,8/16/2010,VA,1,N,2010,P,4,13,0.65,,
2023,VANS10-060,8/16/2010,VA,1,N,2010,P,5,13,0.65,,
2024,VANS10-060,8/16/2010,VA,2,N,2010,P,1,18,0.9,,
2024,VANS10-060,8/16/2010,VA,2,N,2010,P,2,17,0.85,,
2024,VANS10-060,8/16/2010,VA,2,N,2010,P,3,18,0.9,,
2024,VANS10-060,8/16/2010,VA,2,N,2010,P,4,20,1,,
2024,VANS10-060,8/16/2010,VA,2,N,2010,P,5,16,0.8,,
2025,VANS10-066,8/18/2010,VA,1,N,2010,P,1,20,1,,
2025,VANS10-066,8/18/2010,VA,1,N,2010,P,2,16,0.8,,
2025,VANS10-066,8/18/2010,VA,1,N,2010,P,3,17,0.85,,
2025,VANS10-066,8/18/2010,VA,1,N,2010,P,4,16,0.8,,
2025,VANS10-066,8/18/2010,VA,1,N,2010,P,5,15,0.75,,
2026,VANS10-071,8/15/2010,VA,1,N,2010,P,1,16,0.8,,
2026,VANS10-071,8/15/2010,VA,1,N,2010,P,2,19,0.95,,
2026,VANS10-071,8/15/2010,VA,1,N,2010,P,3,17,0.85,,
2026,VANS10-071,8/15/2010,VA,1,N,2010,P,4,15,0.75,,
2026,VANS10-071,8/15/2010,VA,1,N,2010,P,5,17,0.85,,
2027,VANS10-072,8/18/2010,VA,1,N,2010,P,1,19,0.95,,
2027,VANS10-072,8/18/2010,VA,1,N,2010,P,2,15,0.75,,
2027,VANS10-072,8/18/2010,VA,1,N,2010,P,3,19,0.95,,
2027,VANS10-072,8/18/2010,VA,1,N,2010,P,4,13,0.65,,
2027,VANS10-072,8/18/2010,VA,1,N,2010,P,5,17,0.85,,
2028,VANS10-073,8/17/2010,VA,1,N,2010,P,1,17,0.85,Q13,Mean control survival falls below 90% Leptochirus minimum; consider removing from NARS analysis
2028,VANS10-073,8/17/2010,VA,1,N,2010,P,2,16,0.8,Q13,Mean control survival falls below 90% Leptochirus minimum; consider removing from NARS analysis
2028,VANS10-073,8/17/2010,VA,1,N,2010,P,3,15,0.75,Q13,Mean control survival falls below 90% Leptochirus minimum; consider removing from NARS analysis
2028,VANS10-073,8/17/2010,VA,1,N,2010,P,4,18,0.9,Q13,Mean control survival falls below 90% Leptochirus minimum; consider removing from NARS analysis
2028,VANS10-073,8/17/2010,VA,1,N,2010,P,5,15,0.75,Q13,Mean control survival falls below 90% Leptochirus minimum; consider removing from NARS analysis
2029,VANS10-073,8/17/2010,VA,2,N,2010,P,1,14,0.7,Q13,Mean control survival falls below 90% Leptochirus minimum; consider removing from NARS analysis
2029,VANS10-073,8/17/2010,VA,2,N,2010,P,2,16,0.8,Q13,Mean control survival falls below 90% Leptochirus minimum; consider removing from NARS analysis
2029,VANS10-073,8/17/2010,VA,2,N,2010,P,3,18,0.9,Q13,Mean control survival falls below 90% Leptochirus minimum; consider removing from NARS analysis
2029,VANS10-073,8/17/2010,VA,2,N,2010,P,4,18,0.9,Q13,Mean control survival falls below 90% Leptochirus minimum; consider removing from NARS analysis
2029,VANS10-073,8/17/2010,VA,2,N,2010,P,5,19,0.95,Q13,Mean control survival falls below 90% Leptochirus minimum; consider removing from NARS analysis
2030,VANS10-080,8/16/2010,VA,1,N,2010,P,1,14,0.7,,
2030,VANS10-080,8/16/2010,VA,1,N,2010,P,2,15,0.75,,
2030,VANS10-080,8/16/2010,VA,1,N,2010,P,3,10,0.5,,
2030,VANS10-080,8/16/2010,VA,1,N,2010,P,4,15,0.75,,
2030,VANS10-080,8/16/2010,VA,1,N,2010,P,5,12,0.6,,
2031,VANS10-087,8/15/2010,VA,1,N,2010,P,1,15,0.75,,
2031,VANS10-087,8/15/2010,VA,1,N,2010,P,2,18,0.9,,
2031,VANS10-087,8/15/2010,VA,1,N,2010,P,3,14,0.7,,
2031,VANS10-087,8/15/2010,VA,1,N,2010,P,4,13,0.65,,
2031,VANS10-087,8/15/2010,VA,1,N,2010,P,5,17,0.85,,
2032,VANS10-088,8/18/2010,VA,1,N,2010,P,1,15,0.75,,
2032,VANS10-088,8/18/2010,VA,1,N,2010,P,2,19,0.95,,
2032,VANS10-088,8/18/2010,VA,1,N,2010,P,3,19,0.95,,
2032,VANS10-088,8/18/2010,VA,1,N,2010,P,4,16,0.8,,
2032,VANS10-088,8/18/2010,VA,1,N,2010,P,5,17,0.85,,
2033,VANS10-090,8/18/2010,VA,1,N,2010,P,1,5,0.25,,
2033,VANS10-090,8/18/2010,VA,1,N,2010,P,2,16,0.8,,
2033,VANS10-090,8/18/2010,VA,1,N,2010,P,3,20,1,,
2033,VANS10-090,8/18/2010,VA,1,N,2010,P,4,15,0.75,,
2033,VANS10-090,8/18/2010,VA,1,N,2010,P,5,17,0.85,,
2034,VANS10-090,8/18/2010,VA,2,N,2010,P,1,15,0.75,,
2034,VANS10-090,8/18/2010,VA,2,N,2010,P,2,17,0.85,,
2034,VANS10-090,8/18/2010,VA,2,N,2010,P,3,15,0.75,,
2034,VANS10-090,8/18/2010,VA,2,N,2010,P,4,19,0.95,,
2034,VANS10-090,8/18/2010,VA,2,N,2010,P,5,2,0.1,,
2319,NCCA10-SCRO-10375,8/24/2010,SC,2,N,2010,P,1,17,0.85,,
2319,NCCA10-SCRO-10375,8/24/2010,SC,2,N,2010,P,2,19,0.95,,
2319,NCCA10-SCRO-10375,8/24/2010,SC,2,N,2010,P,3,19,0.95,,
2319,NCCA10-SCRO-10375,8/24/2010,SC,2,N,2010,P,4,18,0.9,,
2319,NCCA10-SCRO-10375,8/24/2010,SC,2,N,2010,P,5,19,0.95,,
16732,NCCA10-1107,7/13/2010,CA,2,N,2010,P,1,18,0.9,,
16732,NCCA10-1107,7/13/2010,CA,2,N,2010,P,2,19,0.95,,
16732,NCCA10-1107,7/13/2010,CA,2,N,2010,P,3,20,1,,
16732,NCCA10-1107,7/13/2010,CA,2,N,2010,P,4,19,0.95,,
16732,NCCA10-1107,7/13/2010,CA,2,N,2010,P,5,18,0.9,,
