CONTROL_ID,REP,PARAMETER,RESULT,REP_ALERT,TEST_FLAG,LAB_COMMENT,QA_CODE
Control1,1,NUM_SURVIVAL,17,,Standard,,
Control1,1,PER_SURVIVAL,0.85,N,Standard,,
Control1,2,NUM_SURVIVAL,20,,Standard,,
Control1,2,PER_SURVIVAL,1,N,Standard,,
Control1,3,NUM_SURVIVAL,18,,Standard,,
Control1,3,PER_SURVIVAL,0.9,N,Standard,,
Control1,4,NUM_SURVIVAL,18,,Standard,,
Control1,4,PER_SURVIVAL,0.9,N,Standard,,
Control1,5,NUM_SURVIVAL,17,,Standard,,
Control1,5,PER_SURVIVAL,0.85,N,Standard,,
Control10,1,NUM_SURVIVAL,17,,Standard,,
Control10,1,PER_SURVIVAL,0.85,N,Standard,,
Control10,2,NUM_SURVIVAL,19,,Standard,,
Control10,2,PER_SURVIVAL,0.95,N,Standard,,
Control10,3,NUM_SURVIVAL,18,,Standard,,
Control10,3,PER_SURVIVAL,0.9,N,Standard,,
Control10,4,NUM_SURVIVAL,18,,Standard,,
Control10,4,PER_SURVIVAL,0.9,N,Standard,,
Control10,5,NUM_SURVIVAL,19,,Standard,,
Control10,5,PER_SURVIVAL,0.95,N,Standard,,
Control11,1,NUM_SURVIVAL,16,,Standard,,
Control11,1,PER_SURVIVAL,0.8,Y,Standard,,
Control11,2,NUM_SURVIVAL,14,,Standard,,
Control11,2,PER_SURVIVAL,0.7,Y,Standard,,
Control11,3,NUM_SURVIVAL,16,,Standard,,
Control11,3,PER_SURVIVAL,0.8,Y,Standard,,
Control11,4,NUM_SURVIVAL,20,,Standard,,
Control11,4,PER_SURVIVAL,1,N,Standard,,
Control11,5,NUM_SURVIVAL,15,,Standard,,
Control11,5,PER_SURVIVAL,0.75,Y,Standard,,
Control12,1,NUM_SURVIVAL,18,,Standard,,
Control12,1,PER_SURVIVAL,0.9,N,Standard,,
Control12,2,NUM_SURVIVAL,16,,Standard,,
Control12,2,PER_SURVIVAL,0.8,Y,Standard,,
Control12,3,NUM_SURVIVAL,15,,Standard,,
Control12,3,PER_SURVIVAL,0.75,Y,Standard,,
Control12,4,NUM_SURVIVAL,16,,Standard,,
Control12,4,PER_SURVIVAL,0.8,Y,Standard,,
Control12,5,NUM_SURVIVAL,12,,Standard,,
Control12,5,PER_SURVIVAL,0.6,Y,Standard,,
Control13,1,NUM_SURVIVAL,17,,Standard,,
Control13,1,PER_SURVIVAL,0.85,N,Standard,,
Control13,2,NUM_SURVIVAL,18,,Standard,,
Control13,2,PER_SURVIVAL,0.9,N,Standard,,
Control13,3,NUM_SURVIVAL,19,,Standard,,
Control13,3,PER_SURVIVAL,0.95,N,Standard,,
Control13,4,NUM_SURVIVAL,20,,Standard,,
Control13,4,PER_SURVIVAL,1,N,Standard,,
Control13,5,NUM_SURVIVAL,17,,Standard,,
Control13,5,PER_SURVIVAL,0.85,N,Standard,,
Control14,1,NUM_SURVIVAL,20,,Standard,,
Control14,1,PER_SURVIVAL,1,N,Standard,,
Control14,2,NUM_SURVIVAL,20,,Standard,,
Control14,2,PER_SURVIVAL,1,N,Standard,,
Control14,3,NUM_SURVIVAL,19,,Standard,,
Control14,3,PER_SURVIVAL,0.95,N,Standard,,
Control14,4,NUM_SURVIVAL,20,,Standard,,
Control14,4,PER_SURVIVAL,1,N,Standard,,
Control14,5,NUM_SURVIVAL,19,,Standard,,
Control14,5,PER_SURVIVAL,0.95,N,Standard,,
Control15,1,NUM_SURVIVAL,8,,Standard,,
Control15,1,PER_SURVIVAL,0.8,Y,Standard,,
Control15,2,NUM_SURVIVAL,9,,Standard,,
Control15,2,PER_SURVIVAL,0.9,N,Standard,,
Control15,3,NUM_SURVIVAL,8,,Standard,,
Control15,3,PER_SURVIVAL,0.8,Y,Standard,,
Control15,4,NUM_SURVIVAL,9,,Standard,,
Control15,4,PER_SURVIVAL,0.9,N,Standard,,
Control16,1,NUM_SURVIVAL,14,,Standard,,
Control16,1,PER_SURVIVAL,0.7,Y,Standard,,
Control16,2,NUM_SURVIVAL,17,,Standard,,
Control16,2,PER_SURVIVAL,0.85,N,Standard,,
Control16,3,NUM_SURVIVAL,19,,Standard,,
Control16,3,PER_SURVIVAL,0.95,N,Standard,,
Control16,4,NUM_SURVIVAL,16,,Standard,,
Control16,4,PER_SURVIVAL,0.8,Y,Standard,,
Control16,5,NUM_SURVIVAL,17,,Standard,,
Control16,5,PER_SURVIVAL,0.85,N,Standard,,
Control17,1,NUM_SURVIVAL,17,,Standard,,
Control17,1,PER_SURVIVAL,0.85,N,Standard,,
Control17,2,NUM_SURVIVAL,18,,Standard,,
Control17,2,PER_SURVIVAL,0.9,N,Standard,,
Control17,3,NUM_SURVIVAL,18,,Standard,,
Control17,3,PER_SURVIVAL,0.9,N,Standard,,
Control17,4,NUM_SURVIVAL,19,,Standard,,
Control17,4,PER_SURVIVAL,0.95,N,Standard,,
Control17,5,NUM_SURVIVAL,18,,Standard,,
Control17,5,PER_SURVIVAL,0.9,N,Standard,,
Control18,1,NUM_SURVIVAL,20,,Standard,,
Control18,1,PER_SURVIVAL,1,N,Standard,,
Control18,2,NUM_SURVIVAL,16,,Standard,,
Control18,2,PER_SURVIVAL,0.8,Y,Standard,,
Control18,3,NUM_SURVIVAL,17,,Standard,,
Control18,3,PER_SURVIVAL,0.85,N,Standard,,
Control18,4,NUM_SURVIVAL,17,,Standard,,
Control18,4,PER_SURVIVAL,0.85,N,Standard,,
Control18,5,NUM_SURVIVAL,19,,Standard,,
Control18,5,PER_SURVIVAL,0.95,N,Standard,,
Control19,1,NUM_SURVIVAL,20,,Standard,,
Control19,1,PER_SURVIVAL,1,N,Standard,,
Control19,2,NUM_SURVIVAL,20,,Standard,,
Control19,2,PER_SURVIVAL,1,N,Standard,,
Control19,3,NUM_SURVIVAL,19,,Standard,,
Control19,3,PER_SURVIVAL,0.95,N,Standard,,
Control19,4,NUM_SURVIVAL,20,,Standard,,
Control19,4,PER_SURVIVAL,1,N,Standard,,
Control19,5,NUM_SURVIVAL,20,,Standard,,
Control19,5,PER_SURVIVAL,1,N,Standard,,
Control2,1,NUM_SURVIVAL,10,,Standard,,
Control2,1,PER_SURVIVAL,1,N,Standard,,
Control2,2,NUM_SURVIVAL,10,,Standard,,
Control2,2,PER_SURVIVAL,1,N,Standard,,
Control2,3,NUM_SURVIVAL,9,,Standard,,
Control2,3,PER_SURVIVAL,0.9,N,Standard,,
Control2,4,NUM_SURVIVAL,10,,Standard,,
Control2,4,PER_SURVIVAL,1,N,Standard,,
Control2,5,NUM_SURVIVAL,1,,Standard,,
Control2,5,PER_SURVIVAL,0.1,Y,Standard,,
Control20,1,NUM_SURVIVAL,20,,Standard,,
Control20,1,PER_SURVIVAL,1,N,Standard,,
Control20,2,NUM_SURVIVAL,20,,Standard,,
Control20,2,PER_SURVIVAL,1,N,Standard,,
Control20,3,NUM_SURVIVAL,20,,Standard,,
Control20,3,PER_SURVIVAL,1,N,Standard,,
Control20,4,NUM_SURVIVAL,20,,Standard,,
Control20,4,PER_SURVIVAL,1,N,Standard,,
Control20,5,NUM_SURVIVAL,20,,Standard,,
Control20,5,PER_SURVIVAL,1,N,Standard,,
Control21,1,NUM_SURVIVAL,20,,Standard,,
Control21,1,PER_SURVIVAL,1,N,Standard,,
Control21,2,NUM_SURVIVAL,20,,Standard,,
Control21,2,PER_SURVIVAL,1,N,Standard,,
Control21,3,NUM_SURVIVAL,19,,Standard,,
Control21,3,PER_SURVIVAL,0.95,N,Standard,,
Control21,4,NUM_SURVIVAL,19,,Standard,,
Control21,4,PER_SURVIVAL,0.95,N,Standard,,
Control21,5,NUM_SURVIVAL,18,,Standard,,
Control21,5,PER_SURVIVAL,0.9,N,Standard,,
Control22,1,NUM_SURVIVAL,19,,Standard,,
Control22,1,PER_SURVIVAL,0.95,N,Standard,,
Control22,2,NUM_SURVIVAL,20,,Standard,,
Control22,2,PER_SURVIVAL,1,N,Standard,,
Control22,3,NUM_SURVIVAL,18,,Standard,,
Control22,3,PER_SURVIVAL,0.9,N,Standard,,
Control22,4,NUM_SURVIVAL,19,,Standard,,
Control22,4,PER_SURVIVAL,0.95,N,Standard,,
Control22,5,NUM_SURVIVAL,18,,Standard,,
Control22,5,PER_SURVIVAL,0.9,N,Standard,,
Control23,1,NUM_SURVIVAL,20,,Standard,,
Control23,1,PER_SURVIVAL,1,N,Standard,,
Control23,2,NUM_SURVIVAL,19,,Standard,,
Control23,2,PER_SURVIVAL,0.95,N,Standard,,
Control23,3,NUM_SURVIVAL,19,,Standard,,
Control23,3,PER_SURVIVAL,0.95,N,Standard,,
Control23,4,NUM_SURVIVAL,18,,Standard,,
Control23,4,PER_SURVIVAL,0.9,N,Standard,,
Control23,5,NUM_SURVIVAL,19,,Standard,,
Control23,5,PER_SURVIVAL,0.95,N,Standard,,
Control24,1,NUM_SURVIVAL,20,,Standard,,
Control24,1,PER_SURVIVAL,1,N,Standard,,
Control24,2,NUM_SURVIVAL,20,,Standard,,
Control24,2,PER_SURVIVAL,1,N,Standard,,
Control24,3,NUM_SURVIVAL,20,,Standard,,
Control24,3,PER_SURVIVAL,1,N,Standard,,
Control24,4,NUM_SURVIVAL,20,,Standard,,
Control24,4,PER_SURVIVAL,1,N,Standard,,
Control24,5,NUM_SURVIVAL,20,,Standard,,
Control24,5,PER_SURVIVAL,1,N,Standard,,
Control3,1,NUM_SURVIVAL,9,,Standard,,
Control3,1,PER_SURVIVAL,0.9,N,Standard,,
Control3,2,NUM_SURVIVAL,10,,Standard,,
Control3,2,PER_SURVIVAL,1,N,Standard,,
Control3,3,NUM_SURVIVAL,10,,Standard,,
Control3,3,PER_SURVIVAL,1,N,Standard,,
Control3,4,NUM_SURVIVAL,10,,Standard,,
Control3,4,PER_SURVIVAL,1,N,Standard,,
Control3,5,NUM_SURVIVAL,1,,Standard,,
Control3,5,PER_SURVIVAL,0.1,Y,Standard,,
Control4,1,NUM_SURVIVAL,19,,Standard,,
Control4,1,PER_SURVIVAL,0.95,N,Standard,,
Control4,2,NUM_SURVIVAL,17,,Standard,,
Control4,2,PER_SURVIVAL,0.85,N,Standard,,
Control4,3,NUM_SURVIVAL,17,,Standard,,
Control4,3,PER_SURVIVAL,0.85,N,Standard,,
Control4,4,NUM_SURVIVAL,15,,Standard,,
Control4,4,PER_SURVIVAL,0.75,Y,Standard,,
Control4,5,NUM_SURVIVAL,17,,Standard,,
Control4,5,PER_SURVIVAL,0.85,N,Standard,,
Control5,1,NUM_SURVIVAL,9,,Standard,,
Control5,1,PER_SURVIVAL,0.9,N,Standard,,
Control5,2,NUM_SURVIVAL,10,,Standard,,
Control5,2,PER_SURVIVAL,1,N,Standard,,
Control5,3,NUM_SURVIVAL,10,,Standard,,
Control5,3,PER_SURVIVAL,1,N,Standard,,
Control5,4,NUM_SURVIVAL,10,,Standard,,
Control5,4,PER_SURVIVAL,1,N,Standard,,
Control6,1,NUM_SURVIVAL,19,,Standard,,
Control6,1,PER_SURVIVAL,0.95,N,Standard,,
Control6,2,NUM_SURVIVAL,19,,Standard,,
Control6,2,PER_SURVIVAL,0.95,N,Standard,,
Control6,3,NUM_SURVIVAL,20,,Standard,,
Control6,3,PER_SURVIVAL,1,N,Standard,,
Control6,4,NUM_SURVIVAL,18,,Standard,,
Control6,4,PER_SURVIVAL,0.9,N,Standard,,
Control6,5,NUM_SURVIVAL,19,,Standard,,
Control6,5,PER_SURVIVAL,0.95,N,Standard,,
Control7,1,NUM_SURVIVAL,8,,Standard,,
Control7,1,PER_SURVIVAL,0.8,Y,Standard,,
Control7,2,NUM_SURVIVAL,9,,Standard,,
Control7,2,PER_SURVIVAL,0.9,N,Standard,,
Control7,3,NUM_SURVIVAL,8,,Standard,,
Control7,3,PER_SURVIVAL,0.8,Y,Standard,,
Control7,4,NUM_SURVIVAL,8,,Standard,,
Control7,4,PER_SURVIVAL,0.8,Y,Standard,,
Control8,1,NUM_SURVIVAL,17,,Standard,,
Control8,1,PER_SURVIVAL,0.85,N,Standard,,
Control8,2,NUM_SURVIVAL,15,,Standard,,
Control8,2,PER_SURVIVAL,0.75,Y,Standard,,
Control8,3,NUM_SURVIVAL,18,,Standard,,
Control8,3,PER_SURVIVAL,0.9,N,Standard,,
Control8,4,NUM_SURVIVAL,19,,Standard,,
Control8,4,PER_SURVIVAL,0.95,N,Standard,,
Control8,5,NUM_SURVIVAL,19,,Standard,,
Control8,5,PER_SURVIVAL,0.95,N,Standard,,
Control9,1,NUM_SURVIVAL,10,,Standard,,
Control9,1,PER_SURVIVAL,1,N,Standard,,
Control9,2,NUM_SURVIVAL,8,,Standard,,
Control9,2,PER_SURVIVAL,0.8,Y,Standard,,
Control9,3,NUM_SURVIVAL,10,,Standard,,
Control9,3,PER_SURVIVAL,1,N,Standard,,
Control9,4,NUM_SURVIVAL,10,,Standard,,
Control9,4,PER_SURVIVAL,1,N,Standard,,
CTL Set 1,1,NUM_SURVIVAL,20,,,,
CTL Set 1,1,PER_SURVIVAL,1,N,,,
CTL Set 1,2,NUM_SURVIVAL,20,,,,
CTL Set 1,2,PER_SURVIVAL,1,N,,,
CTL Set 1,3,NUM_SURVIVAL,20,,,,
CTL Set 1,3,PER_SURVIVAL,1,N,,,
CTL Set 1,4,NUM_SURVIVAL,20,,,,
CTL Set 1,4,PER_SURVIVAL,1,N,,,
CTL Set 1,5,NUM_SURVIVAL,20,,,,
CTL Set 1,5,PER_SURVIVAL,1,N,,,
CTL Set 2,1,NUM_SURVIVAL,20,,,,
CTL Set 2,1,PER_SURVIVAL,1,N,,,
CTL Set 2,2,NUM_SURVIVAL,20,,,,
CTL Set 2,2,PER_SURVIVAL,1,N,,,
CTL Set 2,3,NUM_SURVIVAL,20,,,,
CTL Set 2,3,PER_SURVIVAL,1,N,,,
CTL Set 2,4,NUM_SURVIVAL,20,,,,
CTL Set 2,4,PER_SURVIVAL,1,N,,,
CTL Set 2,5,NUM_SURVIVAL,20,,,,
CTL Set 2,5,PER_SURVIVAL,1,N,,,
CTL Set 3,1,NUM_SURVIVAL,20,,,,
CTL Set 3,1,PER_SURVIVAL,1,N,,,
CTL Set 3,2,NUM_SURVIVAL,20,,,,
CTL Set 3,2,PER_SURVIVAL,1,N,,,
CTL Set 3,3,NUM_SURVIVAL,20,,,,
CTL Set 3,3,PER_SURVIVAL,1,N,,,
CTL Set 3,4,NUM_SURVIVAL,20,,,,
CTL Set 3,4,PER_SURVIVAL,1,N,,,
CTL Set 3,5,NUM_SURVIVAL,20,,,,
CTL Set 3,5,PER_SURVIVAL,1,N,,,
CTL Set 4,1,NUM_SURVIVAL,20,,,,
CTL Set 4,1,PER_SURVIVAL,1,N,,,
CTL Set 4,2,NUM_SURVIVAL,20,,,,
CTL Set 4,2,PER_SURVIVAL,1,N,,,
CTL Set 4,3,NUM_SURVIVAL,20,,,,
CTL Set 4,3,PER_SURVIVAL,1,N,,,
CTL Set 4,4,NUM_SURVIVAL,20,,,,
CTL Set 4,4,PER_SURVIVAL,1,N,,,
CTL Set 4,5,NUM_SURVIVAL,20,,,,
CTL Set 4,5,PER_SURVIVAL,1,N,,,
Example Control1,1,NUM_SURVIVAL,9,,Standard,,
Example Control1,1,PER_SURVIVAL,0.9,N,Standard,,
Example Control1,2,NUM_SURVIVAL,9,,Standard,,
Example Control1,2,PER_SURVIVAL,0.9,N,Standard,,
Example Control1,3,NUM_SURVIVAL,10,,Standard,,
Example Control1,3,PER_SURVIVAL,1,N,Standard,,
Example Control1,4,NUM_SURVIVAL,10,,Standard,,
Example Control1,4,PER_SURVIVAL,1,N,Standard,,
Example Control1,5,NUM_SURVIVAL,1,,Standard,,
Example Control1,5,PER_SURVIVAL,0.1,Y,Standard,,
Example Control2,1,NUM_SURVIVAL,8,,Standard,,
Example Control2,1,PER_SURVIVAL,0.4,Y,Standard,,
Example Control2,2,NUM_SURVIVAL,7,,Standard,,
Example Control2,2,PER_SURVIVAL,0.35,Y,Standard,,
Example Control2,3,NUM_SURVIVAL,8,,Standard,,
Example Control2,3,PER_SURVIVAL,0.4,Y,Standard,,
Example Control2,4,NUM_SURVIVAL,9,,Standard,,
Example Control2,4,PER_SURVIVAL,0.45,Y,Standard,,
Example Control2,5,NUM_SURVIVAL,1,,Standard,,
Example Control2,5,PER_SURVIVAL,0.05,Y,Standard,,
GC_NCCA10EE1_S_TOX,1,NUM_SURVIVAL,19,,,,
GC_NCCA10EE1_S_TOX,1,PER_SURVIVAL,0.95,N,,,
GC_NCCA10EE1_S_TOX,2,NUM_SURVIVAL,18,,,,
GC_NCCA10EE1_S_TOX,2,PER_SURVIVAL,0.9,N,,,
GC_NCCA10EE1_S_TOX,3,NUM_SURVIVAL,19,,,,
GC_NCCA10EE1_S_TOX,3,PER_SURVIVAL,0.95,N,,,
GC_NCCA10EE1_S_TOX,4,NUM_SURVIVAL,18,,,,
GC_NCCA10EE1_S_TOX,4,PER_SURVIVAL,0.9,N,,,
GC_NCCA10EE1_S_TOX,5,NUM_SURVIVAL,17,,,,
GC_NCCA10EE1_S_TOX,5,PER_SURVIVAL,0.85,N,,,
GC_NCCA10EE2_S_TOX,1,NUM_SURVIVAL,18,,,,Q11
GC_NCCA10EE2_S_TOX,1,PER_SURVIVAL,0.9,N,,,Q11
GC_NCCA10EE2_S_TOX,2,NUM_SURVIVAL,19,,,,Q11
GC_NCCA10EE2_S_TOX,2,PER_SURVIVAL,0.95,N,,,Q11
GC_NCCA10EE2_S_TOX,3,NUM_SURVIVAL,20,,,,Q11
GC_NCCA10EE2_S_TOX,3,PER_SURVIVAL,1,N,,,Q11
GC_NCCA10EE2_S_TOX,4,NUM_SURVIVAL,18,,,,Q11
GC_NCCA10EE2_S_TOX,4,PER_SURVIVAL,0.9,N,,,Q11
GC_NCCA10EE2_S_TOX,5,NUM_SURVIVAL,20,,,,Q11
GC_NCCA10EE2_S_TOX,5,PER_SURVIVAL,1,N,,,Q11
GC_NCCA10EE3_S_TOX,1,NUM_SURVIVAL,19,,,,Q11
GC_NCCA10EE3_S_TOX,1,PER_SURVIVAL,0.95,N,,,Q11
GC_NCCA10EE3_S_TOX,2,NUM_SURVIVAL,20,,,,Q11
GC_NCCA10EE3_S_TOX,2,PER_SURVIVAL,1,N,,,Q11
GC_NCCA10EE3_S_TOX,3,NUM_SURVIVAL,18,,,,Q11
GC_NCCA10EE3_S_TOX,3,PER_SURVIVAL,0.9,N,,,Q11
GC_NCCA10EE3_S_TOX,4,NUM_SURVIVAL,19,,,,Q11
GC_NCCA10EE3_S_TOX,4,PER_SURVIVAL,0.95,N,,,Q11
GC_NCCA10EE3_S_TOX,5,NUM_SURVIVAL,19,,,,Q11
GC_NCCA10EE3_S_TOX,5,PER_SURVIVAL,0.95,N,,,Q11
GC_NCCA10EE4_S_TOX,1,NUM_SURVIVAL,20,,,,Q11
GC_NCCA10EE4_S_TOX,1,PER_SURVIVAL,1,N,,,Q11
GC_NCCA10EE4_S_TOX,2,NUM_SURVIVAL,17,,,,Q11
GC_NCCA10EE4_S_TOX,2,PER_SURVIVAL,0.85,N,,,Q11
GC_NCCA10EE4_S_TOX,3,NUM_SURVIVAL,18,,,,Q11
GC_NCCA10EE4_S_TOX,3,PER_SURVIVAL,0.9,N,,,Q11
GC_NCCA10EE4_S_TOX,4,NUM_SURVIVAL,19,,,,Q11
GC_NCCA10EE4_S_TOX,4,PER_SURVIVAL,0.95,N,,,Q11
GC_NCCA10EE4_S_TOX,5,NUM_SURVIVAL,18,,,,Q11
GC_NCCA10EE4_S_TOX,5,PER_SURVIVAL,0.9,N,,,Q11
GLCcon100410,1,NUM_SURVIVAL,18,,Standard,,
GLCcon100410,1,PER_SURVIVAL,0.9,N,Standard,,
GLCcon100410,2,NUM_SURVIVAL,18,,Standard,,
GLCcon100410,2,PER_SURVIVAL,0.9,N,Standard,,
GLCcon100410,3,NUM_SURVIVAL,20,,Standard,,
GLCcon100410,3,PER_SURVIVAL,1,N,Standard,,
GLCcon100410,4,NUM_SURVIVAL,20,,Standard,,
GLCcon100410,4,PER_SURVIVAL,1,N,Standard,,
GLCcon100410,5,NUM_SURVIVAL,18,,Standard,,
GLCcon100410,5,PER_SURVIVAL,0.9,N,Standard,,
GLCcon100710,1,NUM_SURVIVAL,18,,Standard,,
GLCcon100710,1,PER_SURVIVAL,0.9,N,Standard,,
GLCcon100710,2,NUM_SURVIVAL,19,,Standard,,
GLCcon100710,2,PER_SURVIVAL,0.95,N,Standard,,
GLCcon100710,3,NUM_SURVIVAL,17,,Standard,,
GLCcon100710,3,PER_SURVIVAL,0.85,N,Standard,,
GLCcon100710,4,NUM_SURVIVAL,19,,Standard,,
GLCcon100710,4,PER_SURVIVAL,0.95,N,Standard,,
GLCcon100710,5,NUM_SURVIVAL,19,,Standard,,
GLCcon100710,5,PER_SURVIVAL,0.95,N,Standard,,
GLCcon101210,1,NUM_SURVIVAL,17,,Standard,,
GLCcon101210,1,PER_SURVIVAL,0.85,N,Standard,,
GLCcon101210,2,NUM_SURVIVAL,18,,Standard,,
GLCcon101210,2,PER_SURVIVAL,0.9,N,Standard,,
GLCcon101210,3,NUM_SURVIVAL,18,,Standard,,
GLCcon101210,3,PER_SURVIVAL,0.9,N,Standard,,
GLCcon101210,4,NUM_SURVIVAL,18,,Standard,,
GLCcon101210,4,PER_SURVIVAL,0.9,N,Standard,,
GLCcon101210,5,NUM_SURVIVAL,20,,Standard,,
GLCcon101210,5,PER_SURVIVAL,1,N,Standard,,
GLCcon101410,1,NUM_SURVIVAL,18,,Standard,"Instantenous temps read outside of  range on test Day 4: Temp probe malfunction temps 22.6-23.6, corrected.",Q11
GLCcon101410,1,PER_SURVIVAL,0.9,N,Standard,"Instantenous temps read outside of  range on test Day 4: Temp probe malfunction temps 22.6-23.6, corrected.",Q11
GLCcon101410,2,NUM_SURVIVAL,20,,Standard,"Instantenous temps read outside of  range on test Day 4: Temp probe malfunction temps 22.6-23.6, corrected.",Q11
GLCcon101410,2,PER_SURVIVAL,1,N,Standard,"Instantenous temps read outside of  range on test Day 4: Temp probe malfunction temps 22.6-23.6, corrected.",Q11
GLCcon101410,3,NUM_SURVIVAL,19,,Standard,"Instantenous temps read outside of  range on test Day 4: Temp probe malfunction temps 22.6-23.6, corrected.",Q11
GLCcon101410,3,PER_SURVIVAL,0.95,N,Standard,"Instantenous temps read outside of  range on test Day 4: Temp probe malfunction temps 22.6-23.6, corrected.",Q11
GLCcon101410,4,NUM_SURVIVAL,19,,Standard,"Instantenous temps read outside of  range on test Day 4: Temp probe malfunction temps 22.6-23.6, corrected.",Q11
GLCcon101410,4,PER_SURVIVAL,0.95,N,Standard,"Instantenous temps read outside of  range on test Day 4: Temp probe malfunction temps 22.6-23.6, corrected.",Q11
GLCcon101410,5,NUM_SURVIVAL,20,,Standard,"Instantenous temps read outside of  range on test Day 4: Temp probe malfunction temps 22.6-23.6, corrected.",Q11
GLCcon101410,5,PER_SURVIVAL,1,N,Standard,"Instantenous temps read outside of  range on test Day 4: Temp probe malfunction temps 22.6-23.6, corrected.",Q11
GLCcon101910,1,NUM_SURVIVAL,15,,Standard,"Instantenous temps read outside of range (27.8) on test 1, temp box corrected and temperatures checked again;  fine sediment/pass through sieve",Q11
GLCcon101910,1,PER_SURVIVAL,0.75,Y,Standard,"Instantenous temps read outside of range (27.8) on test 1, temp box corrected and temperatures checked again;  fine sediment/pass through sieve",Q11
GLCcon101910,2,NUM_SURVIVAL,19,,Standard,"Instantenous temps read outside of range (27.8) on test 1, temp box corrected and temperatures checked again;  fine sediment/pass through sieve",Q11
GLCcon101910,2,PER_SURVIVAL,0.95,N,Standard,"Instantenous temps read outside of range (27.8) on test 1, temp box corrected and temperatures checked again;  fine sediment/pass through sieve",Q11
GLCcon101910,3,NUM_SURVIVAL,18,,Standard,"Instantenous temps read outside of range (27.8) on test 1, temp box corrected and temperatures checked again;  fine sediment/pass through sieve",Q11
GLCcon101910,3,PER_SURVIVAL,0.9,N,Standard,"Instantenous temps read outside of range (27.8) on test 1, temp box corrected and temperatures checked again;  fine sediment/pass through sieve",Q11
GLCcon101910,4,NUM_SURVIVAL,18,,Standard,"Instantenous temps read outside of range (27.8) on test 1, temp box corrected and temperatures checked again;  fine sediment/pass through sieve",Q11
GLCcon101910,4,PER_SURVIVAL,0.9,N,Standard,"Instantenous temps read outside of range (27.8) on test 1, temp box corrected and temperatures checked again;  fine sediment/pass through sieve",Q11
GLCcon101910,5,NUM_SURVIVAL,18,,Standard,"Instantenous temps read outside of range (27.8) on test 1, temp box corrected and temperatures checked again;  fine sediment/pass through sieve",Q11
GLCcon101910,5,PER_SURVIVAL,0.9,N,Standard,"Instantenous temps read outside of range (27.8) on test 1, temp box corrected and temperatures checked again;  fine sediment/pass through sieve",Q11
GLCcon102210,1,NUM_SURVIVAL,19,,Standard,,
GLCcon102210,1,PER_SURVIVAL,0.95,N,Standard,,
GLCcon102210,2,NUM_SURVIVAL,19,,Standard,,
GLCcon102210,2,PER_SURVIVAL,0.95,N,Standard,,
GLCcon102210,3,NUM_SURVIVAL,20,,Standard,,
GLCcon102210,3,PER_SURVIVAL,1,N,Standard,,
GLCcon102210,4,NUM_SURVIVAL,20,,Standard,,
GLCcon102210,4,PER_SURVIVAL,1,N,Standard,,
GLCcon102210,5,NUM_SURVIVAL,20,,Standard,,
GLCcon102210,5,PER_SURVIVAL,1,N,Standard,,
GLCcon102610,1,NUM_SURVIVAL,17,,Standard,,
GLCcon102610,1,PER_SURVIVAL,0.85,N,Standard,,
GLCcon102610,2,NUM_SURVIVAL,20,,Standard,,
GLCcon102610,2,PER_SURVIVAL,1,N,Standard,,
GLCcon102610,3,NUM_SURVIVAL,20,,Standard,,
GLCcon102610,3,PER_SURVIVAL,1,N,Standard,,
GLCcon102610,4,NUM_SURVIVAL,20,,Standard,,
GLCcon102610,4,PER_SURVIVAL,1,N,Standard,,
GLCcon102610,5,NUM_SURVIVAL,19,,Standard,,
GLCcon102610,5,PER_SURVIVAL,0.95,N,Standard,,
GLCcon102910,1,NUM_SURVIVAL,19,,Standard,"Instantenous temps read outside of  range on test Day 2: Temp probe malfunction temps 23.7-24.1, corrected.",Q11
GLCcon102910,1,PER_SURVIVAL,0.95,N,Standard,"Instantenous temps read outside of  range on test Day 2: Temp probe malfunction temps 23.7-24.1, corrected.",Q11
GLCcon102910,2,NUM_SURVIVAL,20,,Standard,"Instantenous temps read outside of  range on test Day 2: Temp probe malfunction temps 23.7-24.1, corrected.",Q11
GLCcon102910,2,PER_SURVIVAL,1,N,Standard,"Instantenous temps read outside of  range on test Day 2: Temp probe malfunction temps 23.7-24.1, corrected.",Q11
GLCcon102910,3,NUM_SURVIVAL,20,,Standard,"Instantenous temps read outside of  range on test Day 2: Temp probe malfunction temps 23.7-24.1, corrected.",Q11
GLCcon102910,3,PER_SURVIVAL,1,N,Standard,"Instantenous temps read outside of  range on test Day 2: Temp probe malfunction temps 23.7-24.1, corrected.",Q11
GLCcon102910,4,NUM_SURVIVAL,20,,Standard,"Instantenous temps read outside of  range on test Day 2: Temp probe malfunction temps 23.7-24.1, corrected.",Q11
GLCcon102910,4,PER_SURVIVAL,1,N,Standard,"Instantenous temps read outside of  range on test Day 2: Temp probe malfunction temps 23.7-24.1, corrected.",Q11
GLCcon102910,5,NUM_SURVIVAL,19,,Standard,"Instantenous temps read outside of  range on test Day 2: Temp probe malfunction temps 23.7-24.1, corrected.",Q11
GLCcon102910,5,PER_SURVIVAL,0.95,N,Standard,"Instantenous temps read outside of  range on test Day 2: Temp probe malfunction temps 23.7-24.1, corrected.",Q11
GLCcon102910B,1,NUM_SURVIVAL,20,,Standard,,
GLCcon102910B,1,PER_SURVIVAL,1,N,Standard,,
GLCcon102910B,2,NUM_SURVIVAL,20,,Standard,,
GLCcon102910B,2,PER_SURVIVAL,1,N,Standard,,
GLCcon102910B,3,NUM_SURVIVAL,20,,Standard,,
GLCcon102910B,3,PER_SURVIVAL,1,N,Standard,,
GLCcon102910B,4,NUM_SURVIVAL,18,,Standard,,
GLCcon102910B,4,PER_SURVIVAL,0.9,N,Standard,,
GLCcon102910B,5,NUM_SURVIVAL,20,,Standard,,
GLCcon102910B,5,PER_SURVIVAL,1,N,Standard,,
GLCcon10711,1,NUM_SURVIVAL,19,,Standard,,
GLCcon10711,1,PER_SURVIVAL,0.95,N,Standard,,
GLCcon10711,2,NUM_SURVIVAL,19,,Standard,,
GLCcon10711,2,PER_SURVIVAL,0.95,N,Standard,,
GLCcon10711,3,NUM_SURVIVAL,20,,Standard,,
GLCcon10711,3,PER_SURVIVAL,1,N,Standard,,
GLCcon10711,4,NUM_SURVIVAL,20,,Standard,,
GLCcon10711,4,PER_SURVIVAL,1,N,Standard,,
GLCcon10711,5,NUM_SURVIVAL,20,,Standard,,
GLCcon10711,5,PER_SURVIVAL,1,N,Standard,,
GLCcon110210,1,NUM_SURVIVAL,20,,Standard,,
GLCcon110210,1,PER_SURVIVAL,1,N,Standard,,
GLCcon110210,2,NUM_SURVIVAL,19,,Standard,,
GLCcon110210,2,PER_SURVIVAL,0.95,N,Standard,,
GLCcon110210,3,NUM_SURVIVAL,19,,Standard,,
GLCcon110210,3,PER_SURVIVAL,0.95,N,Standard,,
GLCcon110210,4,NUM_SURVIVAL,18,,Standard,,
GLCcon110210,4,PER_SURVIVAL,0.9,N,Standard,,
GLCcon110210,5,NUM_SURVIVAL,20,,Standard,,
GLCcon110210,5,PER_SURVIVAL,1,N,Standard,,
GLCcon110510,1,NUM_SURVIVAL,19,,Standard,,
GLCcon110510,1,PER_SURVIVAL,0.95,N,Standard,,
GLCcon110510,2,NUM_SURVIVAL,20,,Standard,,
GLCcon110510,2,PER_SURVIVAL,1,N,Standard,,
GLCcon110510,3,NUM_SURVIVAL,20,,Standard,,
GLCcon110510,3,PER_SURVIVAL,1,N,Standard,,
GLCcon110510,4,NUM_SURVIVAL,20,,Standard,,
GLCcon110510,4,PER_SURVIVAL,1,N,Standard,,
GLCcon110510,5,NUM_SURVIVAL,20,,Standard,,
GLCcon110510,5,PER_SURVIVAL,1,N,Standard,,
GLCcon110910,1,NUM_SURVIVAL,18,,Standard,"temp (Out of Range) on last day, test termination",Q11
GLCcon110910,1,PER_SURVIVAL,0.9,N,Standard,"temp (Out of Range) on last day, test termination",Q11
GLCcon110910,2,NUM_SURVIVAL,18,,Standard,"temp (Out of Range) on last day, test termination",Q11
GLCcon110910,2,PER_SURVIVAL,0.9,N,Standard,"temp (Out of Range) on last day, test termination",Q11
GLCcon110910,3,NUM_SURVIVAL,19,,Standard,"temp (Out of Range) on last day, test termination",Q11
GLCcon110910,3,PER_SURVIVAL,0.95,N,Standard,"temp (Out of Range) on last day, test termination",Q11
GLCcon110910,4,NUM_SURVIVAL,17,,Standard,"temp (Out of Range) on last day, test termination",Q11
GLCcon110910,4,PER_SURVIVAL,0.85,N,Standard,"temp (Out of Range) on last day, test termination",Q11
GLCcon110910,5,NUM_SURVIVAL,18,,Standard,"temp (Out of Range) on last day, test termination",Q11
GLCcon110910,5,PER_SURVIVAL,0.9,N,Standard,"temp (Out of Range) on last day, test termination",Q11
GLCcon111210,1,NUM_SURVIVAL,20,,Standard,,
GLCcon111210,1,PER_SURVIVAL,1,N,Standard,,
GLCcon111210,2,NUM_SURVIVAL,18,,Standard,,
GLCcon111210,2,PER_SURVIVAL,0.9,N,Standard,,
GLCcon111210,3,NUM_SURVIVAL,20,,Standard,,
GLCcon111210,3,PER_SURVIVAL,1,N,Standard,,
GLCcon111210,4,NUM_SURVIVAL,20,,Standard,,
GLCcon111210,4,PER_SURVIVAL,1,N,Standard,,
GLCcon111210,5,NUM_SURVIVAL,20,,Standard,,
GLCcon111210,5,PER_SURVIVAL,1,N,Standard,,
GLCcon120310,1,NUM_SURVIVAL,20,,Standard,,
GLCcon120310,1,PER_SURVIVAL,1,N,Standard,,
GLCcon120310,2,NUM_SURVIVAL,17,,Standard,,
GLCcon120310,2,PER_SURVIVAL,0.85,N,Standard,,
GLCcon120310,3,NUM_SURVIVAL,18,,Standard,,
GLCcon120310,3,PER_SURVIVAL,0.9,N,Standard,,
GLCcon120310,4,NUM_SURVIVAL,19,,Standard,,
GLCcon120310,4,PER_SURVIVAL,0.95,N,Standard,,
GLCcon120310,5,NUM_SURVIVAL,18,,Standard,,
GLCcon120310,5,PER_SURVIVAL,0.9,N,Standard,,
GLCcon121010,1,NUM_SURVIVAL,20,,Standard,,
GLCcon121010,1,PER_SURVIVAL,1,N,Standard,,
GLCcon121010,2,NUM_SURVIVAL,20,,Standard,,
GLCcon121010,2,PER_SURVIVAL,1,N,Standard,,
GLCcon121010,3,NUM_SURVIVAL,18,,Standard,,
GLCcon121010,3,PER_SURVIVAL,0.9,N,Standard,,
GLCcon121010,4,NUM_SURVIVAL,20,,Standard,,
GLCcon121010,4,PER_SURVIVAL,1,N,Standard,,
GLCcon121010,5,NUM_SURVIVAL,20,,Standard,,
GLCcon121010,5,PER_SURVIVAL,1,N,Standard,,
GLCcon162810,1,NUM_SURVIVAL,10,,Standard,,
GLCcon162810,1,PER_SURVIVAL,1,N,Standard,,
GLCcon162810,2,NUM_SURVIVAL,9,,Standard,,
GLCcon162810,2,PER_SURVIVAL,0.9,N,Standard,,
GLCcon162810,3,NUM_SURVIVAL,9,,Standard,,
GLCcon162810,3,PER_SURVIVAL,0.9,N,Standard,,
GLCcon162810,4,NUM_SURVIVAL,10,,Standard,,
GLCcon162810,4,PER_SURVIVAL,1,N,Standard,,
GLCcon171510,1,NUM_SURVIVAL,10,,Standard,Instantenous temps read outside of  range on test days 4 (21.7-21.9) and 7 (25.0-24.0).,Q11
GLCcon171510,1,PER_SURVIVAL,1,N,Standard,Instantenous temps read outside of  range on test days 4 (21.7-21.9) and 7 (25.0-24.0).,Q11
GLCcon171510,2,NUM_SURVIVAL,10,,Standard,Instantenous temps read outside of  range on test days 4 (21.7-21.9) and 7 (25.0-24.0).,Q11
GLCcon171510,2,PER_SURVIVAL,1,N,Standard,Instantenous temps read outside of  range on test days 4 (21.7-21.9) and 7 (25.0-24.0).,Q11
GLCcon171510,3,NUM_SURVIVAL,10,,Standard,Instantenous temps read outside of  range on test days 4 (21.7-21.9) and 7 (25.0-24.0).,Q11
GLCcon171510,3,PER_SURVIVAL,1,N,Standard,Instantenous temps read outside of  range on test days 4 (21.7-21.9) and 7 (25.0-24.0).,Q11
GLCcon171510,4,NUM_SURVIVAL,10,,Standard,Instantenous temps read outside of  range on test days 4 (21.7-21.9) and 7 (25.0-24.0).,Q11
GLCcon171510,4,PER_SURVIVAL,1,N,Standard,Instantenous temps read outside of  range on test days 4 (21.7-21.9) and 7 (25.0-24.0).,Q11
GLCcon172910,1,NUM_SURVIVAL,4,,Standard,Tests ran with reformulated sediment.  Reference toxicant controls and tests initiated with same source organisms were acceptible.  Sediments were going to exceed the 8 wek holding period.,Q11
GLCcon172910,1,PER_SURVIVAL,0.2,Y,Standard,Tests ran with reformulated sediment.  Reference toxicant controls and tests initiated with same source organisms were acceptible.  Sediments were going to exceed the 8 wek holding period.,Q11
GLCcon172910,2,NUM_SURVIVAL,7,,Standard,Tests ran with reformulated sediment.  Reference toxicant controls and tests initiated with same source organisms were acceptible.  Sediments were going to exceed the 8 wek holding period.,Q11
GLCcon172910,2,PER_SURVIVAL,0.35,Y,Standard,Tests ran with reformulated sediment.  Reference toxicant controls and tests initiated with same source organisms were acceptible.  Sediments were going to exceed the 8 wek holding period.,Q11
GLCcon172910,3,NUM_SURVIVAL,5,,Standard,Tests ran with reformulated sediment.  Reference toxicant controls and tests initiated with same source organisms were acceptible.  Sediments were going to exceed the 8 wek holding period.,Q11
GLCcon172910,3,PER_SURVIVAL,0.25,Y,Standard,Tests ran with reformulated sediment.  Reference toxicant controls and tests initiated with same source organisms were acceptible.  Sediments were going to exceed the 8 wek holding period.,Q11
GLCcon172910,4,NUM_SURVIVAL,1,,Standard,Tests ran with reformulated sediment.  Reference toxicant controls and tests initiated with same source organisms were acceptible.  Sediments were going to exceed the 8 wek holding period.,Q11
GLCcon172910,4,PER_SURVIVAL,0.05,Y,Standard,Tests ran with reformulated sediment.  Reference toxicant controls and tests initiated with same source organisms were acceptible.  Sediments were going to exceed the 8 wek holding period.,Q11
GLCcon172910,5,NUM_SURVIVAL,9,,Standard,Tests ran with reformulated sediment.  Reference toxicant controls and tests initiated with same source organisms were acceptible.  Sediments were going to exceed the 8 wek holding period.,Q11
GLCcon172910,5,PER_SURVIVAL,0.45,Y,Standard,Tests ran with reformulated sediment.  Reference toxicant controls and tests initiated with same source organisms were acceptible.  Sediments were going to exceed the 8 wek holding period.,Q11
GLCcon18210,1,NUM_SURVIVAL,9,,Standard,Instantenous temps read outside of  range on test days 0-3 (23.8.-24.4).,Q11
GLCcon18210,1,PER_SURVIVAL,0.9,N,Standard,Instantenous temps read outside of  range on test days 0-3 (23.8.-24.4).,Q11
GLCcon18210,2,NUM_SURVIVAL,10,,Standard,Instantenous temps read outside of  range on test days 0-3 (23.8.-24.4).,Q11
GLCcon18210,2,PER_SURVIVAL,1,N,Standard,Instantenous temps read outside of  range on test days 0-3 (23.8.-24.4).,Q11
GLCcon18210,3,NUM_SURVIVAL,10,,Standard,Instantenous temps read outside of  range on test days 0-3 (23.8.-24.4).,Q11
GLCcon18210,3,PER_SURVIVAL,1,N,Standard,Instantenous temps read outside of  range on test days 0-3 (23.8.-24.4).,Q11
GLCcon18210,4,NUM_SURVIVAL,10,,Standard,Instantenous temps read outside of  range on test days 0-3 (23.8.-24.4).,Q11
GLCcon18210,4,PER_SURVIVAL,1,N,Standard,Instantenous temps read outside of  range on test days 0-3 (23.8.-24.4).,Q11
GLCcon182510,1,NUM_SURVIVAL,18,,Standard,,
GLCcon182510,1,PER_SURVIVAL,0.9,N,Standard,,
GLCcon182510,2,NUM_SURVIVAL,19,,Standard,,
GLCcon182510,2,PER_SURVIVAL,0.95,N,Standard,,
GLCcon182510,3,NUM_SURVIVAL,20,,Standard,,
GLCcon182510,3,PER_SURVIVAL,1,N,Standard,,
GLCcon182510,4,NUM_SURVIVAL,17,,Standard,,
GLCcon182510,4,PER_SURVIVAL,0.85,N,Standard,,
GLCcon182510,5,NUM_SURVIVAL,20,,Standard,,
GLCcon182510,5,PER_SURVIVAL,1,N,Standard,,
GLCcon191610,1,NUM_SURVIVAL,10,,Standard,,
GLCcon191610,1,PER_SURVIVAL,1,N,Standard,,
GLCcon191610,2,NUM_SURVIVAL,10,,Standard,,
GLCcon191610,2,PER_SURVIVAL,1,N,Standard,,
GLCcon191610,3,NUM_SURVIVAL,10,,Standard,,
GLCcon191610,3,PER_SURVIVAL,1,N,Standard,,
GLCcon191610,4,NUM_SURVIVAL,10,,Standard,,
GLCcon191610,4,PER_SURVIVAL,1,N,Standard,,
GLCcon262810,1,NUM_SURVIVAL,10,,Standard,Day 9: temps were at 24.3-24.4,Q11
GLCcon262810,1,PER_SURVIVAL,1,N,Standard,Day 9: temps were at 24.3-24.4,Q11
GLCcon262810,2,NUM_SURVIVAL,8,,Standard,Day 9: temps were at 24.3-24.4,Q11
GLCcon262810,2,PER_SURVIVAL,0.8,Y,Standard,Day 9: temps were at 24.3-24.4,Q11
GLCcon262810,3,NUM_SURVIVAL,10,,Standard,Day 9: temps were at 24.3-24.4,Q11
GLCcon262810,3,PER_SURVIVAL,1,N,Standard,Day 9: temps were at 24.3-24.4,Q11
GLCcon262810,4,NUM_SURVIVAL,10,,Standard,Day 9: temps were at 24.3-24.4,Q11
GLCcon262810,4,PER_SURVIVAL,1,N,Standard,Day 9: temps were at 24.3-24.4,Q11
GLCcon271510,1,NUM_SURVIVAL,10,,Standard,Instantenous temps read outside of  range on test days 4 (21.7-21.9) and 7 (25.0-24.0).,Q11
GLCcon271510,1,PER_SURVIVAL,1,N,Standard,Instantenous temps read outside of  range on test days 4 (21.7-21.9) and 7 (25.0-24.0).,Q11
GLCcon271510,2,NUM_SURVIVAL,10,,Standard,Instantenous temps read outside of  range on test days 4 (21.7-21.9) and 7 (25.0-24.0).,Q11
GLCcon271510,2,PER_SURVIVAL,1,N,Standard,Instantenous temps read outside of  range on test days 4 (21.7-21.9) and 7 (25.0-24.0).,Q11
GLCcon271510,3,NUM_SURVIVAL,10,,Standard,Instantenous temps read outside of  range on test days 4 (21.7-21.9) and 7 (25.0-24.0).,Q11
GLCcon271510,3,PER_SURVIVAL,1,N,Standard,Instantenous temps read outside of  range on test days 4 (21.7-21.9) and 7 (25.0-24.0).,Q11
GLCcon271510,4,NUM_SURVIVAL,10,,Standard,Instantenous temps read outside of  range on test days 4 (21.7-21.9) and 7 (25.0-24.0).,Q11
GLCcon271510,4,PER_SURVIVAL,1,N,Standard,Instantenous temps read outside of  range on test days 4 (21.7-21.9) and 7 (25.0-24.0).,Q11
GLCcon272910,1,NUM_SURVIVAL,4,,Standard,Tests ran with reformulated sediment.  Reference toxicant controls and tests initiated with same source organisms were acceptible.  Sediments were going to exceed the 8 wek holding period.,Q11
GLCcon272910,1,PER_SURVIVAL,0.2,Y,Standard,Tests ran with reformulated sediment.  Reference toxicant controls and tests initiated with same source organisms were acceptible.  Sediments were going to exceed the 8 wek holding period.,Q11
GLCcon272910,2,NUM_SURVIVAL,5,,Standard,Tests ran with reformulated sediment.  Reference toxicant controls and tests initiated with same source organisms were acceptible.  Sediments were going to exceed the 8 wek holding period.,Q11
GLCcon272910,2,PER_SURVIVAL,0.25,Y,Standard,Tests ran with reformulated sediment.  Reference toxicant controls and tests initiated with same source organisms were acceptible.  Sediments were going to exceed the 8 wek holding period.,Q11
GLCcon272910,3,NUM_SURVIVAL,11,,Standard,Tests ran with reformulated sediment.  Reference toxicant controls and tests initiated with same source organisms were acceptible.  Sediments were going to exceed the 8 wek holding period.,Q11
GLCcon272910,3,PER_SURVIVAL,0.55,Y,Standard,Tests ran with reformulated sediment.  Reference toxicant controls and tests initiated with same source organisms were acceptible.  Sediments were going to exceed the 8 wek holding period.,Q11
GLCcon272910,4,NUM_SURVIVAL,6,,Standard,Tests ran with reformulated sediment.  Reference toxicant controls and tests initiated with same source organisms were acceptible.  Sediments were going to exceed the 8 wek holding period.,Q11
GLCcon272910,4,PER_SURVIVAL,0.3,Y,Standard,Tests ran with reformulated sediment.  Reference toxicant controls and tests initiated with same source organisms were acceptible.  Sediments were going to exceed the 8 wek holding period.,Q11
GLCcon272910,5,NUM_SURVIVAL,6,,Standard,Tests ran with reformulated sediment.  Reference toxicant controls and tests initiated with same source organisms were acceptible.  Sediments were going to exceed the 8 wek holding period.,Q11
GLCcon272910,5,PER_SURVIVAL,0.3,Y,Standard,Tests ran with reformulated sediment.  Reference toxicant controls and tests initiated with same source organisms were acceptible.  Sediments were going to exceed the 8 wek holding period.,Q11
GLCcon28210,1,NUM_SURVIVAL,9,,Standard,Instantenous temps read outside of  range on test days 0-3 (23.8.-24.4).,Q11
GLCcon28210,1,PER_SURVIVAL,0.9,N,Standard,Instantenous temps read outside of  range on test days 0-3 (23.8.-24.4).,Q11
GLCcon28210,2,NUM_SURVIVAL,8,,Standard,Instantenous temps read outside of  range on test days 0-3 (23.8.-24.4).,Q11
GLCcon28210,2,PER_SURVIVAL,0.8,Y,Standard,Instantenous temps read outside of  range on test days 0-3 (23.8.-24.4).,Q11
GLCcon28210,3,NUM_SURVIVAL,10,,Standard,Instantenous temps read outside of  range on test days 0-3 (23.8.-24.4).,Q11
GLCcon28210,3,PER_SURVIVAL,1,N,Standard,Instantenous temps read outside of  range on test days 0-3 (23.8.-24.4).,Q11
GLCcon28210,4,NUM_SURVIVAL,10,,Standard,Instantenous temps read outside of  range on test days 0-3 (23.8.-24.4).,Q11
GLCcon28210,4,PER_SURVIVAL,1,N,Standard,Instantenous temps read outside of  range on test days 0-3 (23.8.-24.4).,Q11
GLCcon282510,1,NUM_SURVIVAL,18,,Standard,,
GLCcon282510,1,PER_SURVIVAL,0.9,N,Standard,,
GLCcon282510,2,NUM_SURVIVAL,20,,Standard,,
GLCcon282510,2,PER_SURVIVAL,1,N,Standard,,
GLCcon282510,3,NUM_SURVIVAL,17,,Standard,,
GLCcon282510,3,PER_SURVIVAL,0.85,N,Standard,,
GLCcon282510,4,NUM_SURVIVAL,20,,Standard,,
GLCcon282510,4,PER_SURVIVAL,1,N,Standard,,
GLCcon282510,5,NUM_SURVIVAL,20,,Standard,,
GLCcon282510,5,PER_SURVIVAL,1,N,Standard,,
GLCcon291610,1,NUM_SURVIVAL,10,,Standard,,
GLCcon291610,1,PER_SURVIVAL,1,N,Standard,,
GLCcon291610,2,NUM_SURVIVAL,10,,Standard,,
GLCcon291610,2,PER_SURVIVAL,1,N,Standard,,
GLCcon291610,3,NUM_SURVIVAL,9,,Standard,,
GLCcon291610,3,PER_SURVIVAL,0.9,N,Standard,,
GLCcon291610,4,NUM_SURVIVAL,10,,Standard,,
GLCcon291610,4,PER_SURVIVAL,1,N,Standard,,
GLCcon7110,1,NUM_SURVIVAL,9,,Standard,,
GLCcon7110,1,PER_SURVIVAL,0.9,N,Standard,,
GLCcon7110,2,NUM_SURVIVAL,8,,Standard,,
GLCcon7110,2,PER_SURVIVAL,0.8,Y,Standard,,
GLCcon7110,3,NUM_SURVIVAL,10,,Standard,,
GLCcon7110,3,PER_SURVIVAL,1,N,Standard,,
GLCcon7110,4,NUM_SURVIVAL,10,,Standard,,
GLCcon7110,4,PER_SURVIVAL,1,N,Standard,,
GLCcon81610,1,NUM_SURVIVAL,17,,Standard,,
GLCcon81610,1,PER_SURVIVAL,0.85,N,Standard,,
GLCcon81610,2,NUM_SURVIVAL,18,,Standard,,
GLCcon81610,2,PER_SURVIVAL,0.9,N,Standard,,
GLCcon81610,3,NUM_SURVIVAL,20,,Standard,,
GLCcon81610,3,PER_SURVIVAL,1,N,Standard,,
GLCcon81610,4,NUM_SURVIVAL,18,,Standard,,
GLCcon81610,4,PER_SURVIVAL,0.9,N,Standard,,
GLCcon81610,5,NUM_SURVIVAL,18,,Standard,,
GLCcon81610,5,PER_SURVIVAL,0.9,N,Standard,,
GLCcon81910,1,NUM_SURVIVAL,20,,Standard,,
GLCcon81910,1,PER_SURVIVAL,1,N,Standard,,
GLCcon81910,2,NUM_SURVIVAL,20,,Standard,,
GLCcon81910,2,PER_SURVIVAL,1,N,Standard,,
GLCcon81910,3,NUM_SURVIVAL,20,,Standard,,
GLCcon81910,3,PER_SURVIVAL,1,N,Standard,,
GLCcon81910,4,NUM_SURVIVAL,20,,Standard,,
GLCcon81910,4,PER_SURVIVAL,1,N,Standard,,
GLCcon81910,5,NUM_SURVIVAL,20,,Standard,,
GLCcon81910,5,PER_SURVIVAL,1,N,Standard,,
GLCcon82610,1,NUM_SURVIVAL,10,,Standard,,
GLCcon82610,1,PER_SURVIVAL,1,N,Standard,,
GLCcon82610,2,NUM_SURVIVAL,10,,Standard,,
GLCcon82610,2,PER_SURVIVAL,1,N,Standard,,
GLCcon82610,3,NUM_SURVIVAL,10,,Standard,,
GLCcon82610,3,PER_SURVIVAL,1,N,Standard,,
GLCcon82610,4,NUM_SURVIVAL,10,,Standard,,
GLCcon82610,4,PER_SURVIVAL,1,N,Standard,,
GLCcon8510,1,NUM_SURVIVAL,39,,NonStd-Org,Lab Tech added twice the amount organisms and Instantenous temperature outside of range test days 1 and 2 (25.6-26.7).,Q11
GLCcon8510,1,PER_SURVIVAL,0.98,N,NonStd-Org,Lab Tech added twice the amount organisms and Instantenous temperature outside of range test days 1 and 2 (25.6-26.7).,Q11
GLCcon8510,2,NUM_SURVIVAL,39,,NonStd-Org,Lab Tech added twice the amount organisms and Instantenous temperature outside of range test days 1 and 2 (25.6-26.7).,Q11
GLCcon8510,2,PER_SURVIVAL,0.98,N,NonStd-Org,Lab Tech added twice the amount organisms and Instantenous temperature outside of range test days 1 and 2 (25.6-26.7).,Q11
GLCcon8510,3,NUM_SURVIVAL,34,,NonStd-Org,Lab Tech added twice the amount organisms and Instantenous temperature outside of range test days 1 and 2 (25.6-26.7).,Q11
GLCcon8510,3,PER_SURVIVAL,0.85,N,NonStd-Org,Lab Tech added twice the amount organisms and Instantenous temperature outside of range test days 1 and 2 (25.6-26.7).,Q11
GLCcon8510,4,NUM_SURVIVAL,40,,NonStd-Org,Lab Tech added twice the amount organisms and Instantenous temperature outside of range test days 1 and 2 (25.6-26.7).,Q11
GLCcon8510,4,PER_SURVIVAL,1,N,NonStd-Org,Lab Tech added twice the amount organisms and Instantenous temperature outside of range test days 1 and 2 (25.6-26.7).,Q11
GLCcon8510,5,NUM_SURVIVAL,39,,NonStd-Org,Lab Tech added twice the amount organisms and Instantenous temperature outside of range test days 1 and 2 (25.6-26.7).,Q11
GLCcon8510,5,PER_SURVIVAL,0.98,N,NonStd-Org,Lab Tech added twice the amount organisms and Instantenous temperature outside of range test days 1 and 2 (25.6-26.7).,Q11
GLCcon8510ha,1,NUM_SURVIVAL,10,,Standard,,
GLCcon8510ha,1,PER_SURVIVAL,1,N,Standard,,
GLCcon8510ha,2,NUM_SURVIVAL,9,,Standard,,
GLCcon8510ha,2,PER_SURVIVAL,0.9,N,Standard,,
GLCcon8510ha,3,NUM_SURVIVAL,8,,Standard,,
GLCcon8510ha,3,PER_SURVIVAL,0.8,Y,Standard,,
GLCcon8510ha,4,NUM_SURVIVAL,9,,Standard,,
GLCcon8510ha,4,PER_SURVIVAL,0.9,N,Standard,,
GLCcon8710,1,NUM_SURVIVAL,18,,Standard,,
GLCcon8710,1,PER_SURVIVAL,0.9,N,Standard,,
GLCcon8710,2,NUM_SURVIVAL,19,,Standard,,
GLCcon8710,2,PER_SURVIVAL,0.95,N,Standard,,
GLCcon8710,3,NUM_SURVIVAL,17,,Standard,,
GLCcon8710,3,PER_SURVIVAL,0.85,N,Standard,,
GLCcon8710,4,NUM_SURVIVAL,19,,Standard,,
GLCcon8710,4,PER_SURVIVAL,0.95,N,Standard,,
GLCcon8710,5,NUM_SURVIVAL,19,,Standard,,
GLCcon8710,5,PER_SURVIVAL,0.95,N,Standard,,
GLCcon91310,1,NUM_SURVIVAL,18,,Standard,,
GLCcon91310,1,PER_SURVIVAL,0.9,N,Standard,,
GLCcon91310,2,NUM_SURVIVAL,18,,Standard,,
GLCcon91310,2,PER_SURVIVAL,0.9,N,Standard,,
GLCcon91310,3,NUM_SURVIVAL,18,,Standard,,
GLCcon91310,3,PER_SURVIVAL,0.9,N,Standard,,
GLCcon91310,4,NUM_SURVIVAL,18,,Standard,,
GLCcon91310,4,PER_SURVIVAL,0.9,N,Standard,,
GLCcon91310,5,NUM_SURVIVAL,20,,Standard,,
GLCcon91310,5,PER_SURVIVAL,1,N,Standard,,
GLCcon91710,1,NUM_SURVIVAL,20,,Standard,"Sediment added to jars 9/13/2010, supplier was not able to ship orgnisms in responsed the jars were covered with overlying water, no head space, sealed and refrigerated until 9/16/2010.  On 9/16/2010, the jars were brought to test temperature, old overlying water was syphoned and fresh overlying water was added.",Q11
GLCcon91710,1,PER_SURVIVAL,1,N,Standard,"Sediment added to jars 9/13/2010, supplier was not able to ship orgnisms in responsed the jars were covered with overlying water, no head space, sealed and refrigerated until 9/16/2010.  On 9/16/2010, the jars were brought to test temperature, old overlying water was syphoned and fresh overlying water was added.",Q11
GLCcon91710,2,NUM_SURVIVAL,19,,Standard,"Sediment added to jars 9/13/2010, supplier was not able to ship orgnisms in responsed the jars were covered with overlying water, no head space, sealed and refrigerated until 9/16/2010.  On 9/16/2010, the jars were brought to test temperature, old overlying water was syphoned and fresh overlying water was added.",Q11
GLCcon91710,2,PER_SURVIVAL,0.95,N,Standard,"Sediment added to jars 9/13/2010, supplier was not able to ship orgnisms in responsed the jars were covered with overlying water, no head space, sealed and refrigerated until 9/16/2010.  On 9/16/2010, the jars were brought to test temperature, old overlying water was syphoned and fresh overlying water was added.",Q11
GLCcon91710,3,NUM_SURVIVAL,20,,Standard,"Sediment added to jars 9/13/2010, supplier was not able to ship orgnisms in responsed the jars were covered with overlying water, no head space, sealed and refrigerated until 9/16/2010.  On 9/16/2010, the jars were brought to test temperature, old overlying water was syphoned and fresh overlying water was added.",Q11
GLCcon91710,3,PER_SURVIVAL,1,N,Standard,"Sediment added to jars 9/13/2010, supplier was not able to ship orgnisms in responsed the jars were covered with overlying water, no head space, sealed and refrigerated until 9/16/2010.  On 9/16/2010, the jars were brought to test temperature, old overlying water was syphoned and fresh overlying water was added.",Q11
GLCcon91710,4,NUM_SURVIVAL,20,,Standard,"Sediment added to jars 9/13/2010, supplier was not able to ship orgnisms in responsed the jars were covered with overlying water, no head space, sealed and refrigerated until 9/16/2010.  On 9/16/2010, the jars were brought to test temperature, old overlying water was syphoned and fresh overlying water was added.",Q11
GLCcon91710,4,PER_SURVIVAL,1,N,Standard,"Sediment added to jars 9/13/2010, supplier was not able to ship orgnisms in responsed the jars were covered with overlying water, no head space, sealed and refrigerated until 9/16/2010.  On 9/16/2010, the jars were brought to test temperature, old overlying water was syphoned and fresh overlying water was added.",Q11
GLCcon91710,5,NUM_SURVIVAL,20,,Standard,"Sediment added to jars 9/13/2010, supplier was not able to ship orgnisms in responsed the jars were covered with overlying water, no head space, sealed and refrigerated until 9/16/2010.  On 9/16/2010, the jars were brought to test temperature, old overlying water was syphoned and fresh overlying water was added.",Q11
GLCcon91710,5,PER_SURVIVAL,1,N,Standard,"Sediment added to jars 9/13/2010, supplier was not able to ship orgnisms in responsed the jars were covered with overlying water, no head space, sealed and refrigerated until 9/16/2010.  On 9/16/2010, the jars were brought to test temperature, old overlying water was syphoned and fresh overlying water was added.",Q11
GLCcon92010,1,NUM_SURVIVAL,17,,Standard,day 6: 9/9/2010 temp box malfunction temps out of range 23.5-23.6,Q11
GLCcon92010,1,PER_SURVIVAL,0.85,N,Standard,day 6: 9/9/2010 temp box malfunction temps out of range 23.5-23.6,Q11
GLCcon92010,2,NUM_SURVIVAL,20,,Standard,day 6: 9/9/2010 temp box malfunction temps out of range 23.5-23.6,Q11
GLCcon92010,2,PER_SURVIVAL,1,N,Standard,day 6: 9/9/2010 temp box malfunction temps out of range 23.5-23.6,Q11
GLCcon92010,3,NUM_SURVIVAL,20,,Standard,day 6: 9/9/2010 temp box malfunction temps out of range 23.5-23.6,Q11
GLCcon92010,3,PER_SURVIVAL,1,N,Standard,day 6: 9/9/2010 temp box malfunction temps out of range 23.5-23.6,Q11
GLCcon92010,4,NUM_SURVIVAL,20,,Standard,day 6: 9/9/2010 temp box malfunction temps out of range 23.5-23.6,Q11
GLCcon92010,4,PER_SURVIVAL,1,N,Standard,day 6: 9/9/2010 temp box malfunction temps out of range 23.5-23.6,Q11
GLCcon92010,5,NUM_SURVIVAL,19,,Standard,day 6: 9/9/2010 temp box malfunction temps out of range 23.5-23.6,Q11
GLCcon92010,5,PER_SURVIVAL,0.95,N,Standard,day 6: 9/9/2010 temp box malfunction temps out of range 23.5-23.6,Q11
GLCcon9210,1,NUM_SURVIVAL,18,,Standard,Instantenous temps read outside of  range on test day 6: 9/9/2010 temp box malfunction temps out of range 23.5-23.6,Q11
GLCcon9210,1,PER_SURVIVAL,0.9,N,Standard,Instantenous temps read outside of  range on test day 6: 9/9/2010 temp box malfunction temps out of range 23.5-23.6,Q11
GLCcon9210,2,NUM_SURVIVAL,18,,Standard,Instantenous temps read outside of  range on test day 6: 9/9/2010 temp box malfunction temps out of range 23.5-23.6,Q11
GLCcon9210,2,PER_SURVIVAL,0.9,N,Standard,Instantenous temps read outside of  range on test day 6: 9/9/2010 temp box malfunction temps out of range 23.5-23.6,Q11
GLCcon9210,3,NUM_SURVIVAL,18,,Standard,Instantenous temps read outside of  range on test day 6: 9/9/2010 temp box malfunction temps out of range 23.5-23.6,Q11
GLCcon9210,3,PER_SURVIVAL,0.9,N,Standard,Instantenous temps read outside of  range on test day 6: 9/9/2010 temp box malfunction temps out of range 23.5-23.6,Q11
GLCcon9210,4,NUM_SURVIVAL,17,,Standard,Instantenous temps read outside of  range on test day 6: 9/9/2010 temp box malfunction temps out of range 23.5-23.6,Q11
GLCcon9210,4,PER_SURVIVAL,0.85,N,Standard,Instantenous temps read outside of  range on test day 6: 9/9/2010 temp box malfunction temps out of range 23.5-23.6,Q11
GLCcon9210,5,NUM_SURVIVAL,20,,Standard,Instantenous temps read outside of  range on test day 6: 9/9/2010 temp box malfunction temps out of range 23.5-23.6,Q11
GLCcon9210,5,PER_SURVIVAL,1,N,Standard,Instantenous temps read outside of  range on test day 6: 9/9/2010 temp box malfunction temps out of range 23.5-23.6,Q11
GLCcon9210ha,1,NUM_SURVIVAL,10,,Standard,,
GLCcon9210ha,1,PER_SURVIVAL,1,N,Standard,,
GLCcon9210ha,2,NUM_SURVIVAL,10,,Standard,,
GLCcon9210ha,2,PER_SURVIVAL,1,N,Standard,,
GLCcon9210ha,3,NUM_SURVIVAL,10,,Standard,,
GLCcon9210ha,3,PER_SURVIVAL,1,N,Standard,,
GLCcon9210ha,4,NUM_SURVIVAL,10,,Standard,,
GLCcon9210ha,4,PER_SURVIVAL,1,N,Standard,,
GLCcon92110A,1,NUM_SURVIVAL,10,,Standard,,
GLCcon92110A,1,PER_SURVIVAL,1,N,Standard,,
GLCcon92110A,2,NUM_SURVIVAL,10,,Standard,,
GLCcon92110A,2,PER_SURVIVAL,1,N,Standard,,
GLCcon92110A,3,NUM_SURVIVAL,10,,Standard,,
GLCcon92110A,3,PER_SURVIVAL,1,N,Standard,,
GLCcon92110A,4,NUM_SURVIVAL,10,,Standard,,
GLCcon92110A,4,PER_SURVIVAL,1,N,Standard,,
GLCcon92110b,1,NUM_SURVIVAL,10,,Standard,,
GLCcon92110b,1,PER_SURVIVAL,1,N,Standard,,
GLCcon92110b,2,NUM_SURVIVAL,10,,Standard,,
GLCcon92110b,2,PER_SURVIVAL,1,N,Standard,,
GLCcon92110b,3,NUM_SURVIVAL,10,,Standard,,
GLCcon92110b,3,PER_SURVIVAL,1,N,Standard,,
GLCcon92110b,4,NUM_SURVIVAL,10,,Standard,,
GLCcon92110b,4,PER_SURVIVAL,1,N,Standard,,
GLCcon92310,1,NUM_SURVIVAL,20,,Standard,,
GLCcon92310,1,PER_SURVIVAL,1,N,Standard,,
GLCcon92310,2,NUM_SURVIVAL,18,,Standard,,
GLCcon92310,2,PER_SURVIVAL,0.9,N,Standard,,
GLCcon92310,3,NUM_SURVIVAL,18,,Standard,,
GLCcon92310,3,PER_SURVIVAL,0.9,N,Standard,,
GLCcon92310,4,NUM_SURVIVAL,20,,Standard,,
GLCcon92310,4,PER_SURVIVAL,1,N,Standard,,
GLCcon92310,5,NUM_SURVIVAL,20,,Standard,,
GLCcon92310,5,PER_SURVIVAL,1,N,Standard,,
GLCcon92710,1,NUM_SURVIVAL,18,,Standard,,
GLCcon92710,1,PER_SURVIVAL,0.9,N,Standard,,
GLCcon92710,2,NUM_SURVIVAL,20,,Standard,,
GLCcon92710,2,PER_SURVIVAL,1,N,Standard,,
GLCcon92710,3,NUM_SURVIVAL,20,,Standard,,
GLCcon92710,3,PER_SURVIVAL,1,N,Standard,,
GLCcon92710,4,NUM_SURVIVAL,17,,Standard,,
GLCcon92710,4,PER_SURVIVAL,0.85,N,Standard,,
GLCcon92710,5,NUM_SURVIVAL,18,,Standard,,
GLCcon92710,5,PER_SURVIVAL,0.9,N,Standard,,
GLCcon93010,1,NUM_SURVIVAL,20,,Standard,,
GLCcon93010,1,PER_SURVIVAL,1,N,Standard,,
GLCcon93010,2,NUM_SURVIVAL,20,,Standard,,
GLCcon93010,2,PER_SURVIVAL,1,N,Standard,,
GLCcon93010,3,NUM_SURVIVAL,20,,Standard,,
GLCcon93010,3,PER_SURVIVAL,1,N,Standard,,
GLCcon93010,4,NUM_SURVIVAL,20,,Standard,,
GLCcon93010,4,PER_SURVIVAL,1,N,Standard,,
GLCcon93010,5,NUM_SURVIVAL,20,,Standard,,
GLCcon93010,5,PER_SURVIVAL,1,N,Standard,,
GLCcon9610,1,NUM_SURVIVAL,19,,Standard,,
GLCcon9610,1,PER_SURVIVAL,0.95,N,Standard,,
GLCcon9610,2,NUM_SURVIVAL,17,,Standard,,
GLCcon9610,2,PER_SURVIVAL,0.85,N,Standard,,
GLCcon9610,3,NUM_SURVIVAL,20,,Standard,,
GLCcon9610,3,PER_SURVIVAL,1,N,Standard,,
GLCcon9610,4,NUM_SURVIVAL,17,,Standard,,
GLCcon9610,4,PER_SURVIVAL,0.85,N,Standard,,
GLCcon9610,5,NUM_SURVIVAL,18,,Standard,,
GLCcon9610,5,PER_SURVIVAL,0.9,N,Standard,,
GLCcon9810,1,NUM_SURVIVAL,20,,Standard,,
GLCcon9810,1,PER_SURVIVAL,1,N,Standard,,
GLCcon9810,2,NUM_SURVIVAL,20,,Standard,,
GLCcon9810,2,PER_SURVIVAL,1,N,Standard,,
GLCcon9810,3,NUM_SURVIVAL,19,,Standard,,
GLCcon9810,3,PER_SURVIVAL,0.95,N,Standard,,
GLCcon9810,4,NUM_SURVIVAL,20,,Standard,,
GLCcon9810,4,PER_SURVIVAL,1,N,Standard,,
GLCcon9810,5,NUM_SURVIVAL,20,,Standard,,
GLCcon9810,5,PER_SURVIVAL,1,N,Standard,,
GLCcon9910,1,NUM_SURVIVAL,10,,Standard,,
GLCcon9910,1,PER_SURVIVAL,1,N,Standard,,
GLCcon9910,2,NUM_SURVIVAL,10,,Standard,,
GLCcon9910,2,PER_SURVIVAL,1,N,Standard,,
GLCcon9910,3,NUM_SURVIVAL,10,,Standard,,
GLCcon9910,3,PER_SURVIVAL,1,N,Standard,,
GLCcon9910,4,NUM_SURVIVAL,10,,Standard,,
GLCcon9910,4,PER_SURVIVAL,1,N,Standard,,
GLCconha102210,1,NUM_SURVIVAL,10,,Standard,,
GLCconha102210,1,PER_SURVIVAL,1,N,Standard,,
GLCconha102210,2,NUM_SURVIVAL,10,,Standard,,
GLCconha102210,2,PER_SURVIVAL,1,N,Standard,,
GLCconha102210,3,NUM_SURVIVAL,10,,Standard,,
GLCconha102210,3,PER_SURVIVAL,1,N,Standard,,
GLCconha102210,4,NUM_SURVIVAL,10,,Standard,,
GLCconha102210,4,PER_SURVIVAL,1,N,Standard,,
GLCconha102610,1,NUM_SURVIVAL,10,,Standard,,
GLCconha102610,1,PER_SURVIVAL,1,N,Standard,,
GLCconha102610,2,NUM_SURVIVAL,10,,Standard,,
GLCconha102610,2,PER_SURVIVAL,1,N,Standard,,
GLCconha102610,3,NUM_SURVIVAL,10,,Standard,,
GLCconha102610,3,PER_SURVIVAL,1,N,Standard,,
GLCconha102610,4,NUM_SURVIVAL,10,,Standard,,
GLCconha102610,4,PER_SURVIVAL,1,N,Standard,,
GLCconha110910a,1,NUM_SURVIVAL,10,,Standard,,
GLCconha110910a,1,PER_SURVIVAL,1,N,Standard,,
GLCconha110910a,2,NUM_SURVIVAL,10,,Standard,,
GLCconha110910a,2,PER_SURVIVAL,1,N,Standard,,
GLCconha110910a,3,NUM_SURVIVAL,10,,Standard,,
GLCconha110910a,3,PER_SURVIVAL,1,N,Standard,,
GLCconha110910a,4,NUM_SURVIVAL,10,,Standard,,
GLCconha110910a,4,PER_SURVIVAL,1,N,Standard,,
GLCconha110910b,1,NUM_SURVIVAL,10,,Standard,,
GLCconha110910b,1,PER_SURVIVAL,1,N,Standard,,
GLCconha110910b,2,NUM_SURVIVAL,10,,Standard,,
GLCconha110910b,2,PER_SURVIVAL,1,N,Standard,,
GLCconha110910b,3,NUM_SURVIVAL,10,,Standard,,
GLCconha110910b,3,PER_SURVIVAL,1,N,Standard,,
GLCconha110910b,4,NUM_SURVIVAL,10,,Standard,,
GLCconha110910b,4,PER_SURVIVAL,1,N,Standard,,
Tt00379,1,NUM_SURVIVAL,19,,Particle Size Issue - Had Site with >90% Survival,,
Tt00379,1,PER_SURVIVAL,0.95,N,Particle Size Issue - Had Site with >90% Survival,,
Tt00379,2,NUM_SURVIVAL,17,,Particle Size Issue - Had Site with >90% Survival,,
Tt00379,2,PER_SURVIVAL,0.85,N,Particle Size Issue - Had Site with >90% Survival,,
Tt00379,3,NUM_SURVIVAL,16,,Particle Size Issue - Had Site with >90% Survival,,
Tt00379,3,PER_SURVIVAL,0.8,Y,Particle Size Issue - Had Site with >90% Survival,,
Tt00379,4,NUM_SURVIVAL,6,,Particle Size Issue - Had Site with >90% Survival,,
Tt00379,4,PER_SURVIVAL,0.3,Y,Particle Size Issue - Had Site with >90% Survival,,
Tt00379,5,NUM_SURVIVAL,15,,Particle Size Issue - Had Site with >90% Survival,,
Tt00379,5,PER_SURVIVAL,0.75,Y,Particle Size Issue - Had Site with >90% Survival,,
Tt00395,1,NUM_SURVIVAL,18,,Particle Size Issue - Had Site with >90% Survival,,
Tt00395,1,PER_SURVIVAL,0.9,N,Particle Size Issue - Had Site with >90% Survival,,
Tt00395,2,NUM_SURVIVAL,17,,Particle Size Issue - Had Site with >90% Survival,,
Tt00395,2,PER_SURVIVAL,0.85,N,Particle Size Issue - Had Site with >90% Survival,,
Tt00395,3,NUM_SURVIVAL,20,,Particle Size Issue - Had Site with >90% Survival,,
Tt00395,3,PER_SURVIVAL,1,N,Particle Size Issue - Had Site with >90% Survival,,
Tt00395,4,NUM_SURVIVAL,17,,Particle Size Issue - Had Site with >90% Survival,,
Tt00395,4,PER_SURVIVAL,0.85,N,Particle Size Issue - Had Site with >90% Survival,,
Tt00395,5,NUM_SURVIVAL,17,,Particle Size Issue - Had Site with >90% Survival,,
Tt00395,5,PER_SURVIVAL,0.85,N,Particle Size Issue - Had Site with >90% Survival,,
Tt00416,1,NUM_SURVIVAL,9,,Standard,,
Tt00416,1,PER_SURVIVAL,0.9,N,Standard,,
Tt00416,2,NUM_SURVIVAL,8,,Standard,,
Tt00416,2,PER_SURVIVAL,0.8,Y,Standard,,
Tt00416,3,NUM_SURVIVAL,10,,Standard,,
Tt00416,3,PER_SURVIVAL,1,N,Standard,,
Tt00416,4,NUM_SURVIVAL,10,,Standard,,
Tt00416,4,PER_SURVIVAL,1,N,Standard,,
Tt00417,1,NUM_SURVIVAL,8,,Standard,,
Tt00417,1,PER_SURVIVAL,0.8,Y,Standard,,
Tt00417,2,NUM_SURVIVAL,8,,Standard,,
Tt00417,2,PER_SURVIVAL,0.8,Y,Standard,,
Tt00417,3,NUM_SURVIVAL,9,,Standard,,
Tt00417,3,PER_SURVIVAL,0.9,N,Standard,,
Tt00417,4,NUM_SURVIVAL,10,,Standard,,
Tt00417,4,PER_SURVIVAL,1,N,Standard,,
Tt00429,1,NUM_SURVIVAL,19,,Particle Size Issue - Had Site with >90% Survival,,
Tt00429,1,PER_SURVIVAL,0.95,N,Particle Size Issue - Had Site with >90% Survival,,
Tt00429,2,NUM_SURVIVAL,14,,Particle Size Issue - Had Site with >90% Survival,,
Tt00429,2,PER_SURVIVAL,0.7,Y,Particle Size Issue - Had Site with >90% Survival,,
Tt00429,3,NUM_SURVIVAL,13,,Particle Size Issue - Had Site with >90% Survival,,
Tt00429,3,PER_SURVIVAL,0.65,Y,Particle Size Issue - Had Site with >90% Survival,,
Tt00429,4,NUM_SURVIVAL,17,,Particle Size Issue - Had Site with >90% Survival,,
Tt00429,4,PER_SURVIVAL,0.85,N,Particle Size Issue - Had Site with >90% Survival,,
Tt00429,5,NUM_SURVIVAL,9,,Particle Size Issue - Had Site with >90% Survival,,
Tt00429,5,PER_SURVIVAL,0.45,Y,Particle Size Issue - Had Site with >90% Survival,,
Tt00438,1,NUM_SURVIVAL,10,,Particle Size Issue - Had Site with >90% Survival,,
Tt00438,1,PER_SURVIVAL,0.5,Y,Particle Size Issue - Had Site with >90% Survival,,
Tt00438,2,NUM_SURVIVAL,17,,Particle Size Issue - Had Site with >90% Survival,,
Tt00438,2,PER_SURVIVAL,0.85,N,Particle Size Issue - Had Site with >90% Survival,,
Tt00438,3,NUM_SURVIVAL,19,,Particle Size Issue - Had Site with >90% Survival,,
Tt00438,3,PER_SURVIVAL,0.95,N,Particle Size Issue - Had Site with >90% Survival,,
Tt00438,4,NUM_SURVIVAL,17,,Particle Size Issue - Had Site with >90% Survival,,
Tt00438,4,PER_SURVIVAL,0.85,N,Particle Size Issue - Had Site with >90% Survival,,
Tt00438,5,NUM_SURVIVAL,13,,Particle Size Issue - Had Site with >90% Survival,,
Tt00438,5,PER_SURVIVAL,0.65,Y,Particle Size Issue - Had Site with >90% Survival,,
Tt00453,1,NUM_SURVIVAL,18,,Particle Size Issue - Had Site with >90% Survival,,
Tt00453,1,PER_SURVIVAL,0.9,N,Particle Size Issue - Had Site with >90% Survival,,
Tt00453,2,NUM_SURVIVAL,16,,Particle Size Issue - Had Site with >90% Survival,,
Tt00453,2,PER_SURVIVAL,0.8,Y,Particle Size Issue - Had Site with >90% Survival,,
Tt00453,3,NUM_SURVIVAL,17,,Particle Size Issue - Had Site with >90% Survival,,
Tt00453,3,PER_SURVIVAL,0.85,N,Particle Size Issue - Had Site with >90% Survival,,
Tt00453,4,NUM_SURVIVAL,19,,Particle Size Issue - Had Site with >90% Survival,,
Tt00453,4,PER_SURVIVAL,0.95,N,Particle Size Issue - Had Site with >90% Survival,,
Tt00453,5,NUM_SURVIVAL,19,,Particle Size Issue - Had Site with >90% Survival,,
Tt00453,5,PER_SURVIVAL,0.95,N,Particle Size Issue - Had Site with >90% Survival,,
Tt00464,1,NUM_SURVIVAL,19,,Particle Size Issue - Had Site with >90% Survival,,
Tt00464,1,PER_SURVIVAL,0.95,N,Particle Size Issue - Had Site with >90% Survival,,
Tt00464,2,NUM_SURVIVAL,13,,Particle Size Issue - Had Site with >90% Survival,,
Tt00464,2,PER_SURVIVAL,0.65,Y,Particle Size Issue - Had Site with >90% Survival,,
Tt00464,3,NUM_SURVIVAL,19,,Particle Size Issue - Had Site with >90% Survival,,
Tt00464,3,PER_SURVIVAL,0.95,N,Particle Size Issue - Had Site with >90% Survival,,
Tt00464,4,NUM_SURVIVAL,14,,Particle Size Issue - Had Site with >90% Survival,,
Tt00464,4,PER_SURVIVAL,0.7,Y,Particle Size Issue - Had Site with >90% Survival,,
Tt00464,5,NUM_SURVIVAL,19,,Particle Size Issue - Had Site with >90% Survival,,
Tt00464,5,PER_SURVIVAL,0.95,N,Particle Size Issue - Had Site with >90% Survival,,
Tt00477,1,NUM_SURVIVAL,19,,Standard,,
Tt00477,1,PER_SURVIVAL,0.95,N,Standard,,
Tt00477,2,NUM_SURVIVAL,20,,Standard,,
Tt00477,2,PER_SURVIVAL,1,N,Standard,,
Tt00477,3,NUM_SURVIVAL,18,,Standard,,
Tt00477,3,PER_SURVIVAL,0.9,N,Standard,,
Tt00477,4,NUM_SURVIVAL,14,,Standard,,
Tt00477,4,PER_SURVIVAL,0.7,Y,Standard,,
Tt00477,5,NUM_SURVIVAL,19,,Standard,,
Tt00477,5,PER_SURVIVAL,0.95,N,Standard,,
Tt00498,1,NUM_SURVIVAL,9,,Standard,,
Tt00498,1,PER_SURVIVAL,0.9,N,Standard,,
Tt00498,2,NUM_SURVIVAL,9,,Standard,,
Tt00498,2,PER_SURVIVAL,0.9,N,Standard,,
Tt00498,3,NUM_SURVIVAL,10,,Standard,,
Tt00498,3,PER_SURVIVAL,1,N,Standard,,
Tt00498,4,NUM_SURVIVAL,10,,Standard,,
Tt00498,4,PER_SURVIVAL,1,N,Standard,,
Tt00499,1,NUM_SURVIVAL,9,,Standard,,
Tt00499,1,PER_SURVIVAL,0.9,N,Standard,,
Tt00499,2,NUM_SURVIVAL,8,,Standard,,
Tt00499,2,PER_SURVIVAL,0.8,Y,Standard,,
Tt00499,3,NUM_SURVIVAL,8,,Standard,,
Tt00499,3,PER_SURVIVAL,0.8,Y,Standard,,
Tt00499,4,NUM_SURVIVAL,8,,Standard,,
Tt00499,4,PER_SURVIVAL,0.8,Y,Standard,,
Tt00500,1,NUM_SURVIVAL,19,,Standard,,
Tt00500,1,PER_SURVIVAL,0.95,N,Standard,,
Tt00500,2,NUM_SURVIVAL,19,,Standard,,
Tt00500,2,PER_SURVIVAL,0.95,N,Standard,,
Tt00500,3,NUM_SURVIVAL,16,,Standard,,
Tt00500,3,PER_SURVIVAL,0.8,Y,Standard,,
Tt00500,4,NUM_SURVIVAL,18,,Standard,,
Tt00500,4,PER_SURVIVAL,0.9,N,Standard,,
Tt00500,5,NUM_SURVIVAL,18,,Standard,,
Tt00500,5,PER_SURVIVAL,0.9,N,Standard,,
Tt00521,1,NUM_SURVIVAL,18,,Standard,,
Tt00521,1,PER_SURVIVAL,0.9,N,Standard,,
Tt00521,2,NUM_SURVIVAL,18,,Standard,,
Tt00521,2,PER_SURVIVAL,0.9,N,Standard,,
Tt00521,3,NUM_SURVIVAL,18,,Standard,,
Tt00521,3,PER_SURVIVAL,0.9,N,Standard,,
Tt00521,4,NUM_SURVIVAL,18,,Standard,,
Tt00521,4,PER_SURVIVAL,0.9,N,Standard,,
Tt00521,5,NUM_SURVIVAL,20,,Standard,,
Tt00521,5,PER_SURVIVAL,1,N,Standard,,
Tt00522,1,NUM_SURVIVAL,19,,Standard,,
Tt00522,1,PER_SURVIVAL,0.95,N,Standard,,
Tt00522,2,NUM_SURVIVAL,20,,Standard,,
Tt00522,2,PER_SURVIVAL,1,N,Standard,,
Tt00522,3,NUM_SURVIVAL,17,,Standard,,
Tt00522,3,PER_SURVIVAL,0.85,N,Standard,,
Tt00522,4,NUM_SURVIVAL,20,,Standard,,
Tt00522,4,PER_SURVIVAL,1,N,Standard,,
Tt00522,5,NUM_SURVIVAL,16,,Standard,,
Tt00522,5,PER_SURVIVAL,0.8,Y,Standard,,
Tt00533,1,NUM_SURVIVAL,19,,Standard,,
Tt00533,1,PER_SURVIVAL,0.95,N,Standard,,
Tt00533,2,NUM_SURVIVAL,19,,Standard,,
Tt00533,2,PER_SURVIVAL,0.95,N,Standard,,
Tt00533,3,NUM_SURVIVAL,19,,Standard,,
Tt00533,3,PER_SURVIVAL,0.95,N,Standard,,
Tt00533,4,NUM_SURVIVAL,19,,Standard,,
Tt00533,4,PER_SURVIVAL,0.95,N,Standard,,
Tt00533,5,NUM_SURVIVAL,19,,Standard,,
Tt00533,5,PER_SURVIVAL,0.95,N,Standard,,
Tt00575,1,NUM_SURVIVAL,10,,Standard,,
Tt00575,1,PER_SURVIVAL,1,N,Standard,,
Tt00575,2,NUM_SURVIVAL,9,,Standard,,
Tt00575,2,PER_SURVIVAL,0.9,N,Standard,,
Tt00575,3,NUM_SURVIVAL,9,,Standard,,
Tt00575,3,PER_SURVIVAL,0.9,N,Standard,,
Tt00575,4,NUM_SURVIVAL,9,,Standard,,
Tt00575,4,PER_SURVIVAL,0.9,N,Standard,,
Tt00576,1,NUM_SURVIVAL,10,,Standard,,
Tt00576,1,PER_SURVIVAL,1,N,Standard,,
Tt00576,2,NUM_SURVIVAL,9,,Standard,,
Tt00576,2,PER_SURVIVAL,0.9,N,Standard,,
Tt00576,3,NUM_SURVIVAL,9,,Standard,,
Tt00576,3,PER_SURVIVAL,0.9,N,Standard,,
Tt00576,4,NUM_SURVIVAL,10,,Standard,,
Tt00576,4,PER_SURVIVAL,1,N,Standard,,
Tt00589,1,NUM_SURVIVAL,20,,Standard,,
Tt00589,1,PER_SURVIVAL,1,N,Standard,,
Tt00589,2,NUM_SURVIVAL,19,,Standard,,
Tt00589,2,PER_SURVIVAL,0.95,N,Standard,,
Tt00589,3,NUM_SURVIVAL,19,,Standard,,
Tt00589,3,PER_SURVIVAL,0.95,N,Standard,,
Tt00589,4,NUM_SURVIVAL,20,,Standard,,
Tt00589,4,PER_SURVIVAL,1,N,Standard,,
Tt00589,5,NUM_SURVIVAL,16,,Standard,,
Tt00589,5,PER_SURVIVAL,0.8,Y,Standard,,
Tt00610,1,NUM_SURVIVAL,18,,Standard,,
Tt00610,1,PER_SURVIVAL,0.9,N,Standard,,
Tt00610,2,NUM_SURVIVAL,19,,Standard,,
Tt00610,2,PER_SURVIVAL,0.95,N,Standard,,
Tt00610,3,NUM_SURVIVAL,20,,Standard,,
Tt00610,3,PER_SURVIVAL,1,N,Standard,,
Tt00610,4,NUM_SURVIVAL,19,,Standard,,
Tt00610,4,PER_SURVIVAL,0.95,N,Standard,,
Tt00610,5,NUM_SURVIVAL,19,,Standard,,
Tt00610,5,PER_SURVIVAL,0.95,N,Standard,,
Tt00611,1,NUM_SURVIVAL,17,,Standard,,
Tt00611,1,PER_SURVIVAL,0.85,N,Standard,,
Tt00611,2,NUM_SURVIVAL,18,,Standard,,
Tt00611,2,PER_SURVIVAL,0.9,N,Standard,,
Tt00611,3,NUM_SURVIVAL,18,,Standard,,
Tt00611,3,PER_SURVIVAL,0.9,N,Standard,,
Tt00611,4,NUM_SURVIVAL,19,,Standard,,
Tt00611,4,PER_SURVIVAL,0.95,N,Standard,,
Tt00611,5,NUM_SURVIVAL,19,,Standard,,
Tt00611,5,PER_SURVIVAL,0.95,N,Standard,,
Tt00615,1,NUM_SURVIVAL,20,,Standard,,
Tt00615,1,PER_SURVIVAL,1,N,Standard,,
Tt00615,2,NUM_SURVIVAL,20,,Standard,,
Tt00615,2,PER_SURVIVAL,1,N,Standard,,
Tt00615,3,NUM_SURVIVAL,20,,Standard,,
Tt00615,3,PER_SURVIVAL,1,N,Standard,,
Tt00615,4,NUM_SURVIVAL,20,,Standard,,
Tt00615,4,PER_SURVIVAL,1,N,Standard,,
Tt00615,5,NUM_SURVIVAL,17,,Standard,,
Tt00615,5,PER_SURVIVAL,0.85,N,Standard,,
Tt00636,1,NUM_SURVIVAL,19,,Replicate lost - only 4 replicates at Day 10.,,
Tt00636,1,PER_SURVIVAL,0.95,N,Replicate lost - only 4 replicates at Day 10.,,
Tt00636,2,NUM_SURVIVAL,20,,Replicate lost - only 4 replicates at Day 10.,,
Tt00636,2,PER_SURVIVAL,1,N,Replicate lost - only 4 replicates at Day 10.,,
Tt00636,4,NUM_SURVIVAL,18,,Replicate lost - only 4 replicates at Day 10.,,
Tt00636,4,PER_SURVIVAL,0.9,N,Replicate lost - only 4 replicates at Day 10.,,
Tt00636,5,NUM_SURVIVAL,20,,Replicate lost - only 4 replicates at Day 10.,,
Tt00636,5,PER_SURVIVAL,1,N,Replicate lost - only 4 replicates at Day 10.,,
Tt00652,1,NUM_SURVIVAL,20,,Standard,,
Tt00652,1,PER_SURVIVAL,1,N,Standard,,
Tt00652,2,NUM_SURVIVAL,20,,Standard,,
Tt00652,2,PER_SURVIVAL,1,N,Standard,,
Tt00652,3,NUM_SURVIVAL,20,,Standard,,
Tt00652,3,PER_SURVIVAL,1,N,Standard,,
Tt00652,4,NUM_SURVIVAL,20,,Standard,,
Tt00652,4,PER_SURVIVAL,1,N,Standard,,
Tt00652,5,NUM_SURVIVAL,19,,Standard,,
Tt00652,5,PER_SURVIVAL,0.95,N,Standard,,
Tt00653,1,NUM_SURVIVAL,20,,Standard,,
Tt00653,1,PER_SURVIVAL,1,N,Standard,,
Tt00653,2,NUM_SURVIVAL,20,,Standard,,
Tt00653,2,PER_SURVIVAL,1,N,Standard,,
Tt00653,3,NUM_SURVIVAL,20,,Standard,,
Tt00653,3,PER_SURVIVAL,1,N,Standard,,
Tt00653,4,NUM_SURVIVAL,20,,Standard,,
Tt00653,4,PER_SURVIVAL,1,N,Standard,,
Tt00653,5,NUM_SURVIVAL,20,,Standard,,
Tt00653,5,PER_SURVIVAL,1,N,Standard,,
Tt00667,1,NUM_SURVIVAL,8,,Standard,,
Tt00667,1,PER_SURVIVAL,0.8,Y,Standard,,
Tt00667,2,NUM_SURVIVAL,10,,Standard,,
Tt00667,2,PER_SURVIVAL,1,N,Standard,,
Tt00667,3,NUM_SURVIVAL,8,,Standard,,
Tt00667,3,PER_SURVIVAL,0.8,Y,Standard,,
Tt00667,4,NUM_SURVIVAL,9,,Standard,,
Tt00667,4,PER_SURVIVAL,0.9,N,Standard,,
Tt00668,1,NUM_SURVIVAL,8,,Standard,,
Tt00668,1,PER_SURVIVAL,0.8,Y,Standard,,
Tt00668,2,NUM_SURVIVAL,7,,Standard,,
Tt00668,2,PER_SURVIVAL,0.7,Y,Standard,,
Tt00668,3,NUM_SURVIVAL,9,,Standard,,
Tt00668,3,PER_SURVIVAL,0.9,N,Standard,,
Tt00668,4,NUM_SURVIVAL,8,,Standard,,
Tt00668,4,PER_SURVIVAL,0.8,Y,Standard,,
Tt00704,1,NUM_SURVIVAL,20,,Standard,,
Tt00704,1,PER_SURVIVAL,1,N,Standard,,
Tt00704,2,NUM_SURVIVAL,19,,Standard,,
Tt00704,2,PER_SURVIVAL,0.95,N,Standard,,
Tt00704,3,NUM_SURVIVAL,19,,Standard,,
Tt00704,3,PER_SURVIVAL,0.95,N,Standard,,
Tt00704,4,NUM_SURVIVAL,16,,Standard,,
Tt00704,4,PER_SURVIVAL,0.8,Y,Standard,,
Tt00704,5,NUM_SURVIVAL,19,,Standard,,
Tt00704,5,PER_SURVIVAL,0.95,N,Standard,,
Tt00751,1,NUM_SURVIVAL,19,,Standard,,
Tt00751,1,PER_SURVIVAL,0.95,N,Standard,,
Tt00751,2,NUM_SURVIVAL,18,,Standard,,
Tt00751,2,PER_SURVIVAL,0.9,N,Standard,,
Tt00751,3,NUM_SURVIVAL,18,,Standard,,
Tt00751,3,PER_SURVIVAL,0.9,N,Standard,,
Tt00751,4,NUM_SURVIVAL,17,,Standard,,
Tt00751,4,PER_SURVIVAL,0.85,N,Standard,,
Tt00751,5,NUM_SURVIVAL,18,,Standard,,
Tt00751,5,PER_SURVIVAL,0.9,N,Standard,,
Tt00754,1,NUM_SURVIVAL,17,,Standard,,
Tt00754,1,PER_SURVIVAL,0.85,N,Standard,,
Tt00754,2,NUM_SURVIVAL,19,,Standard,,
Tt00754,2,PER_SURVIVAL,0.95,N,Standard,,
Tt00754,3,NUM_SURVIVAL,18,,Standard,,
Tt00754,3,PER_SURVIVAL,0.9,N,Standard,,
Tt00754,4,NUM_SURVIVAL,19,,Standard,,
Tt00754,4,PER_SURVIVAL,0.95,N,Standard,,
Tt00754,5,NUM_SURVIVAL,19,,Standard,,
Tt00754,5,PER_SURVIVAL,0.95,N,Standard,,
Tt00770,1,NUM_SURVIVAL,17,,Standard,,
Tt00770,1,PER_SURVIVAL,0.85,N,Standard,,
Tt00770,2,NUM_SURVIVAL,20,,Standard,,
Tt00770,2,PER_SURVIVAL,1,N,Standard,,
Tt00770,3,NUM_SURVIVAL,18,,Standard,,
Tt00770,3,PER_SURVIVAL,0.9,N,Standard,,
Tt00770,4,NUM_SURVIVAL,19,,Standard,,
Tt00770,4,PER_SURVIVAL,0.95,N,Standard,,
Tt00770,5,NUM_SURVIVAL,18,,Standard,,
Tt00770,5,PER_SURVIVAL,0.9,N,Standard,,
Tt00771,1,NUM_SURVIVAL,16,,Standard,,
Tt00771,1,PER_SURVIVAL,0.8,Y,Standard,,
Tt00771,2,NUM_SURVIVAL,18,,Standard,,
Tt00771,2,PER_SURVIVAL,0.9,N,Standard,,
Tt00771,3,NUM_SURVIVAL,19,,Standard,,
Tt00771,3,PER_SURVIVAL,0.95,N,Standard,,
Tt00771,4,NUM_SURVIVAL,17,,Standard,,
Tt00771,4,PER_SURVIVAL,0.85,N,Standard,,
Tt00771,5,NUM_SURVIVAL,17,,Standard,,
Tt00771,5,PER_SURVIVAL,0.85,N,Standard,,
Tt00772,1,NUM_SURVIVAL,17,,Standard,,
Tt00772,1,PER_SURVIVAL,0.85,N,Standard,,
Tt00772,2,NUM_SURVIVAL,19,,Standard,,
Tt00772,2,PER_SURVIVAL,0.95,N,Standard,,
Tt00772,3,NUM_SURVIVAL,18,,Standard,,
Tt00772,3,PER_SURVIVAL,0.9,N,Standard,,
Tt00772,4,NUM_SURVIVAL,18,,Standard,,
Tt00772,4,PER_SURVIVAL,0.9,N,Standard,,
Tt00772,5,NUM_SURVIVAL,13,,Standard,,
Tt00772,5,PER_SURVIVAL,0.65,Y,Standard,,
Tt00796,1,NUM_SURVIVAL,10,,Standard,,
Tt00796,1,PER_SURVIVAL,1,N,Standard,,
Tt00796,2,NUM_SURVIVAL,10,,Standard,,
Tt00796,2,PER_SURVIVAL,1,N,Standard,,
Tt00796,3,NUM_SURVIVAL,6,,Standard,,
Tt00796,3,PER_SURVIVAL,0.6,Y,Standard,,
Tt00796,4,NUM_SURVIVAL,7,,Standard,,
Tt00796,4,PER_SURVIVAL,0.7,Y,Standard,,
Tt00806,1,NUM_SURVIVAL,19,,Standard,,
Tt00806,1,PER_SURVIVAL,0.95,N,Standard,,
Tt00806,2,NUM_SURVIVAL,19,,Standard,,
Tt00806,2,PER_SURVIVAL,0.95,N,Standard,,
Tt00806,3,NUM_SURVIVAL,18,,Standard,,
Tt00806,3,PER_SURVIVAL,0.9,N,Standard,,
Tt00806,4,NUM_SURVIVAL,19,,Standard,,
Tt00806,4,PER_SURVIVAL,0.95,N,Standard,,
Tt00806,5,NUM_SURVIVAL,17,,Standard,,
Tt00806,5,PER_SURVIVAL,0.85,N,Standard,,
Tt00823,1,NUM_SURVIVAL,18,,Standard,,
Tt00823,1,PER_SURVIVAL,0.9,N,Standard,,
Tt00823,2,NUM_SURVIVAL,19,,Standard,,
Tt00823,2,PER_SURVIVAL,0.95,N,Standard,,
Tt00823,3,NUM_SURVIVAL,20,,Standard,,
Tt00823,3,PER_SURVIVAL,1,N,Standard,,
Tt00823,4,NUM_SURVIVAL,20,,Standard,,
Tt00823,4,PER_SURVIVAL,1,N,Standard,,
Tt00823,5,NUM_SURVIVAL,19,,Standard,,
Tt00823,5,PER_SURVIVAL,0.95,N,Standard,,
Tt00824,1,NUM_SURVIVAL,19,,Standard,,
Tt00824,1,PER_SURVIVAL,0.95,N,Standard,,
Tt00824,2,NUM_SURVIVAL,19,,Standard,,
Tt00824,2,PER_SURVIVAL,0.95,N,Standard,,
Tt00824,3,NUM_SURVIVAL,17,,Standard,,
Tt00824,3,PER_SURVIVAL,0.85,N,Standard,,
Tt00824,4,NUM_SURVIVAL,19,,Standard,,
Tt00824,4,PER_SURVIVAL,0.95,N,Standard,,
Tt00824,5,NUM_SURVIVAL,18,,Standard,,
Tt00824,5,PER_SURVIVAL,0.9,N,Standard,,
Tt00840,1,NUM_SURVIVAL,18,,Standard,,
Tt00840,1,PER_SURVIVAL,0.9,N,Standard,,
Tt00840,2,NUM_SURVIVAL,18,,Standard,,
Tt00840,2,PER_SURVIVAL,0.9,N,Standard,,
Tt00840,3,NUM_SURVIVAL,15,,Standard,,
Tt00840,3,PER_SURVIVAL,0.75,Y,Standard,,
Tt00840,4,NUM_SURVIVAL,18,,Standard,,
Tt00840,4,PER_SURVIVAL,0.9,N,Standard,,
Tt00840,5,NUM_SURVIVAL,18,,Standard,,
Tt00840,5,PER_SURVIVAL,0.9,N,Standard,,
Tt00990,1,NUM_SURVIVAL,8,,Standard,,
Tt00990,1,PER_SURVIVAL,0.8,Y,Standard,,
Tt00990,2,NUM_SURVIVAL,9,,Standard,,
Tt00990,2,PER_SURVIVAL,0.9,N,Standard,,
Tt00990,3,NUM_SURVIVAL,7,,Standard,,
Tt00990,3,PER_SURVIVAL,0.7,Y,Standard,,
Tt00990,4,NUM_SURVIVAL,8,,Standard,,
Tt00990,4,PER_SURVIVAL,0.8,Y,Standard,,
Tt01017,1,NUM_SURVIVAL,20,,Standard,,
Tt01017,1,PER_SURVIVAL,1,N,Standard,,
Tt01017,2,NUM_SURVIVAL,18,,Standard,,
Tt01017,2,PER_SURVIVAL,0.9,N,Standard,,
Tt01017,3,NUM_SURVIVAL,20,,Standard,,
Tt01017,3,PER_SURVIVAL,1,N,Standard,,
Tt01017,4,NUM_SURVIVAL,19,,Standard,,
Tt01017,4,PER_SURVIVAL,0.95,N,Standard,,
Tt01017,5,NUM_SURVIVAL,19,,Standard,,
Tt01017,5,PER_SURVIVAL,0.95,N,Standard,,
Tt01018,1,NUM_SURVIVAL,20,,Standard,,
Tt01018,1,PER_SURVIVAL,1,N,Standard,,
Tt01018,2,NUM_SURVIVAL,20,,Standard,,
Tt01018,2,PER_SURVIVAL,1,N,Standard,,
Tt01018,3,NUM_SURVIVAL,20,,Standard,,
Tt01018,3,PER_SURVIVAL,1,N,Standard,,
Tt01018,4,NUM_SURVIVAL,19,,Standard,,
Tt01018,4,PER_SURVIVAL,0.95,N,Standard,,
Tt01018,5,NUM_SURVIVAL,18,,Standard,,
Tt01018,5,PER_SURVIVAL,0.9,N,Standard,,
Tt01095,1,NUM_SURVIVAL,19,,Standard,,
Tt01095,1,PER_SURVIVAL,0.95,N,Standard,,
Tt01095,2,NUM_SURVIVAL,19,,Standard,,
Tt01095,2,PER_SURVIVAL,0.95,N,Standard,,
Tt01095,3,NUM_SURVIVAL,18,,Standard,,
Tt01095,3,PER_SURVIVAL,0.9,N,Standard,,
Tt01095,4,NUM_SURVIVAL,19,,Standard,,
Tt01095,4,PER_SURVIVAL,0.95,N,Standard,,
Tt01095,5,NUM_SURVIVAL,19,,Standard,,
Tt01095,5,PER_SURVIVAL,0.95,N,Standard,,
Tt01096,1,NUM_SURVIVAL,19,,Standard,,
Tt01096,1,PER_SURVIVAL,0.95,N,Standard,,
Tt01096,2,NUM_SURVIVAL,19,,Standard,,
Tt01096,2,PER_SURVIVAL,0.95,N,Standard,,
Tt01096,3,NUM_SURVIVAL,18,,Standard,,
Tt01096,3,PER_SURVIVAL,0.9,N,Standard,,
Tt01096,4,NUM_SURVIVAL,18,,Standard,,
Tt01096,4,PER_SURVIVAL,0.9,N,Standard,,
Tt01096,5,NUM_SURVIVAL,20,,Standard,,
Tt01096,5,PER_SURVIVAL,1,N,Standard,,
Tt01097,1,NUM_SURVIVAL,18,,Standard,,
Tt01097,1,PER_SURVIVAL,0.9,N,Standard,,
Tt01097,2,NUM_SURVIVAL,20,,Standard,,
Tt01097,2,PER_SURVIVAL,1,N,Standard,,
Tt01097,3,NUM_SURVIVAL,18,,Standard,,
Tt01097,3,PER_SURVIVAL,0.9,N,Standard,,
Tt01097,4,NUM_SURVIVAL,20,,Standard,,
Tt01097,4,PER_SURVIVAL,1,N,Standard,,
Tt01097,5,NUM_SURVIVAL,18,,Standard,,
Tt01097,5,PER_SURVIVAL,0.9,N,Standard,,
